frame,t_s,estado,detectado,alvo_x,alvo_y,area,erro,roi_w,roi_h,cmd_l,cmd_r,borda,borda_esq,borda_centro,borda_dir,visao_us,fps
1,0.029,TRACKING,1,149,228,175,-0.0688,320,240,0.494,0.632,0,0,0,0,5438,3.4
2,0.061,TRACKING,1,150,228,187,-0.0625,112,69,0.504,0.629,0,0,0,0,549,6.2
3,0.097,COASTING,0,150,228,0,-0.0625,112,69,0.504,0.629,0,0,0,0,538,8.4
4,0.129,COASTING,0,150,228,0,-0.0625,320,240,0.504,0.629,0,0,0,0,5201,10.6
5,0.161,COASTING,0,150,228,0,-0.0625,320,240,0.504,0.629,0,0,0,0,5599,12.7
6,0.197,COASTING,0,150,228,0,-0.0625,320,240,0.504,0.629,0,0,0,0,5317,14.2
7,0.229,COASTING,0,150,228,0,-0.0625,320,240,0.504,0.629,0,0,0,0,5177,15.9
8,0.261,COASTING,0,150,228,0,-0.0625,320,240,0.504,0.629,0,0,0,0,5205,17.5
9,0.297,COASTING,0,151,228,0,-0.0562,320,240,0.513,0.626,0,0,0,0,5262,18.5
10,0.329,COASTING,0,151,228,0,-0.0562,320,240,0.513,0.626,0,0,0,0,5161,19.8
11,0.361,COASTING,0,151,228,0,-0.0562,320,240,0.513,0.626,0,0,0,0,5212,20.9
12,0.397,COASTING,0,151,228,0,-0.0562,320,240,0.513,0.626,0,0,0,0,5256,21.6
13,0.429,COASTING,0,151,228,0,-0.0562,320,240,0.513,0.626,0,0,0,0,5170,22.6
14,0.461,SEARCHING,0,0,0,0,0.0000,320,240,0.350,-0.350,0,0,0,0,5135,23.4
15,0.497,SEARCHING,0,0,0,0,0.0000,320,240,0.350,-0.350,0,0,0,0,5192,23.9
16,0.529,SEARCHING,0,0,0,0,0.0000,320,240,0.350,-0.350,0,0,0,0,5186,24.6
17,0.561,SEARCHING,0,0,0,0,0.0000,320,240,0.350,-0.350,0,0,0,0,5161,25.3
18,0.597,SEARCHING,0,0,0,0,0.0000,320,240,0.350,-0.350,0,0,0,0,5143,25.5
19,0.629,SEARCHING,0,0,0,0,0.0000,320,240,0.350,-0.350,0,0,0,0,8918,26.1
20,0.661,SEARCHING,0,0,0,0,0.0000,320,240,0.350,-0.350,0,0,0,0,8961,26.6
21,0.697,SEARCHING,0,0,0,0,0.0000,320,240,0.350,-0.350,0,0,0,0,8950,26.7
22,0.729,SEARCHING,0,0,0,0,0.0000,320,240,0.350,-0.350,0,0,0,0,7809,27.2
23,0.761,SEARCHING,0,0,0,0,0.0000,320,240,0.350,-0.350,0,0,0,0,7828,27.6
24,0.797,SEARCHING,0,0,0,0,0.0000,320,240,0.350,-0.350,0,0,0,0,7835,27.6
25,0.829,SEARCHING,0,0,0,0,0.0000,320,240,0.350,-0.350,0,0,0,0,7851,28.0
26,0.861,SEARCHING,0,0,0,0,0.0000,320,240,0.350,-0.350,0,0,0,0,7839,28.3
27,0.897,SEARCHING,0,0,0,0,0.0000,320,240,0.350,-0.350,0,0,0,0,7808,28.2
28,0.929,SEARCHING,0,0,0,0,0.0000,320,240,0.350,-0.350,0,0,0,0,7754,28.5
29,0.961,SEARCHING,0,0,0,0,0.0000,320,240,0.350,-0.350,0,0,0,0,7841,28.8
30,0.997,SEARCHING,0,0,0,0,0.0000,320,240,0.350,-0.350,0,0,0,0,7767,28.7
31,1.029,SEARCHING,0,0,0,0,0.0000,320,240,0.350,-0.350,0,0,0,0,7788,29.0
32,1.061,SEARCHING,0,0,0,0,0.0000,320,240,0.350,-0.350,0,0,0,0,7754,29.2
33,1.097,SEARCHING,0,0,0,0,0.0000,320,240,0.350,-0.350,0,0,0,0,7887,29.1
34,1.129,SEARCHING,0,0,0,0,0.0000,320,240,0.350,-0.350,0,0,0,0,7892,29.3
35,1.161,SEARCHING,0,0,0,0,0.0000,320,240,0.350,-0.350,0,0,0,0,7800,29.5
36,1.197,SEARCHING,0,0,0,0,0.0000,320,240,0.350,-0.350,0,0,0,0,8238,29.3
37,1.229,SEARCHING,0,0,0,0,0.0000,320,240,0.350,-0.350,0,0,0,0,8491,29.5
38,1.261,SEARCHING,0,0,0,0,0.0000,320,240,0.350,-0.350,0,0,0,0,8293,29.7
39,1.297,SEARCHING,0,0,0,0,0.0000,320,240,0.350,-0.350,0,0,0,0,7803,29.5
40,1.329,SEARCHING,0,0,0,0,0.0000,320,240,0.350,-0.350,0,0,0,0,7829,29.7
41,1.361,SEARCHING,0,0,0,0,0.0000,320,240,0.350,-0.350,0,0,0,0,7840,29.8
42,1.397,SEARCHING,0,0,0,0,0.0000,320,240,0.350,-0.350,0,0,0,0,7826,29.6
43,1.429,SEARCHING,0,0,0,0,0.0000,320,240,0.350,-0.350,0,0,0,0,7861,29.8
44,1.461,SEARCHING,0,0,0,0,0.0000,320,240,0.350,-0.350,0,0,0,0,7755,29.9
45,1.497,SEARCHING,0,0,0,0,0.0000,320,240,0.350,-0.350,0,0,0,0,7820,29.7
46,1.529,SEARCHING,0,0,0,0,0.0000,320,240,0.350,-0.350,0,0,0,0,9007,29.9
47,1.561,SEARCHING,0,0,0,0,0.0000,320,240,0.350,-0.350,0,0,0,0,8989,30.0
48,1.597,SEARCHING,0,0,0,0,0.0000,320,240,0.350,-0.350,0,0,0,0,8893,29.8
49,1.629,SEARCHING,0,0,0,0,0.0000,320,240,0.350,-0.350,0,0,0,0,7957,29.9
50,1.661,SEARCHING,0,0,0,0,0.0000,320,240,0.350,-0.350,0,0,0,0,7831,30.1
51,1.697,SEARCHING,0,0,0,0,0.0000,320,240,0.350,-0.350,0,0,0,0,7790,29.8
52,1.729,SEARCHING,0,0,0,0,0.0000,320,240,0.350,-0.350,0,0,0,0,7791,30.0
53,1.761,TRACKING,1,144,232,155,-0.1000,320,240,0.446,0.646,0,0,0,0,7955,30.1
54,1.797,TRACKING,1,145,231,162,-0.0938,112,64,0.456,0.643,0,0,0,0,765,29.9
55,1.829,TRACKING,1,143,229,189,-0.1063,112,63,0.436,0.649,0,0,0,0,767,30.0
56,1.861,TRACKING,1,140,225,159,-0.1250,112,67,0.408,0.658,0,0,0,0,919,30.1
57,1.897,TRACKING,1,137,219,152,-0.1437,112,72,0.379,0.666,0,0,0,0,966,29.9
58,1.929,COASTING,0,136,217,0,-0.1500,112,78,0.369,0.669,0,0,0,0,1169,30.0
59,1.961,COASTING,0,135,215,0,-0.1562,320,240,0.359,0.672,0,0,0,0,10444,30.1
60,1.997,TRACKING,1,129,205,156,-0.1937,320,240,0.302,0.689,0,0,0,0,10384,29.9
61,2.029,TRACKING,1,125,200,165,-0.2188,112,88,0.263,0.701,0,0,0,0,1372,30.0
62,2.061,TRACKING,1,124,196,167,-0.2250,112,91,0.254,0.704,0,0,0,0,1233,30.2
63,2.097,COASTING,0,121,192,0,-0.2438,112,95,0.225,0.712,0,0,0,0,1280,29.9
64,2.129,COASTING,0,119,189,0,-0.2562,320,240,0.205,0.718,0,0,0,0,9074,30.1
65,2.161,COASTING,0,117,185,0,-0.2688,320,240,0.186,0.724,0,0,0,0,9031,30.2
66,2.197,COASTING,0,115,182,0,-0.2812,320,240,0.167,0.729,0,0,0,0,8885,29.9
67,2.229,COASTING,0,113,178,0,-0.2937,320,240,0.148,0.735,0,0,0,0,8397,30.1
68,2.261,COASTING,0,110,175,0,-0.3125,320,240,0.119,0.744,0,0,0,0,7896,30.2
69,2.297,COASTING,0,108,171,0,-0.3250,320,240,0.100,0.750,0,0,0,0,8576,29.9
70,2.329,COASTING,0,106,167,0,-0.3375,320,240,0.080,0.755,0,0,0,0,7814,30.1
71,2.361,COASTING,0,104,164,0,-0.3500,320,240,0.061,0.761,0,0,0,0,6928,30.2
72,2.397,COASTING,0,101,160,0,-0.3688,320,240,0.032,0.770,0,0,0,0,6941,30.0
73,2.429,COASTING,0,99,156,0,-0.3812,320,240,0.013,0.775,0,0,0,0,7893,30.1
74,2.461,SEARCHING,0,0,0,0,0.0000,320,240,0.350,-0.350,0,0,0,0,9014,30.2
75,2.497,SEARCHING,0,0,0,0,0.0000,320,240,0.350,-0.350,0,0,0,0,8937,30.0
76,2.529,SEARCHING,0,0,0,0,0.0000,320,240,0.350,-0.350,0,0,0,0,9134,30.1
77,2.561,SEARCHING,0,0,0,0,0.0000,320,240,0.350,-0.350,0,0,0,0,7769,30.2
78,2.597,SEARCHING,0,0,0,0,0.0000,320,240,0.350,-0.350,0,0,0,0,7806,30.0
79,2.629,SEARCHING,0,0,0,0,0.0000,320,240,0.350,-0.350,0,0,0,0,7772,30.1
80,2.661,SEARCHING,0,0,0,0,0.0000,320,240,0.350,-0.350,0,0,0,0,7785,30.2
81,2.697,SEARCHING,0,0,0,0,0.0000,320,240,0.350,-0.350,0,0,0,0,7792,30.0
82,2.729,SEARCHING,0,0,0,0,0.0000,320,240,0.350,-0.350,0,0,0,0,7802,30.1
83,2.761,SEARCHING,0,0,0,0,0.0000,320,240,0.350,-0.350,0,0,0,0,7905,30.2
84,2.797,SEARCHING,0,0,0,0,0.0000,320,240,0.350,-0.350,0,0,0,0,7905,30.0
85,2.829,SEARCHING,0,0,0,0,0.0000,320,240,0.350,-0.350,0,0,0,0,7876,30.1
86,2.861,SEARCHING,0,0,0,0,0.0000,320,240,0.350,-0.350,0,0,0,0,7876,30.2
87,2.897,SEARCHING,0,0,0,0,0.0000,320,240,0.350,-0.350,0,0,0,0,7811,30.0
88,2.929,SEARCHING,0,0,0,0,0.0000,320,240,0.350,-0.350,0,0,0,0,7798,30.1
89,2.961,SEARCHING,0,0,0,0,0.0000,320,240,0.350,-0.350,0,0,0,0,7797,30.2
90,2.997,SEARCHING,0,0,0,0,0.0000,320,240,0.350,-0.350,0,0,0,0,7761,30.0
91,3.029,SEARCHING,0,0,0,0,0.0000,320,240,0.350,-0.350,0,0,0,0,7774,30.1
92,3.061,SEARCHING,0,0,0,0,0.0000,320,240,0.350,-0.350,0,0,0,0,8959,30.2
93,3.097,SEARCHING,0,0,0,0,0.0000,320,240,0.350,-0.350,0,0,0,0,9202,30.0
94,3.129,SEARCHING,0,0,0,0,0.0000,320,240,0.350,-0.350,0,0,0,0,8966,30.1
95,3.161,SEARCHING,0,0,0,0,0.0000,320,240,0.350,-0.350,0,0,0,0,7841,30.2
96,3.197,SEARCHING,0,0,0,0,0.0000,320,240,0.350,-0.350,0,0,0,0,7822,30.0
97,3.229,SEARCHING,0,0,0,0,0.0000,320,240,0.350,-0.350,0,0,0,0,7820,30.1
98,3.261,SEARCHING,0,0,0,0,0.0000,320,240,0.350,-0.350,0,0,0,0,7780,30.2
99,3.297,SEARCHING,0,0,0,0,0.0000,320,240,0.350,-0.350,0,0,0,0,7828,30.0
100,3.329,SEARCHING,0,0,0,0,0.0000,320,240,0.350,-0.350,0,0,0,0,7860,30.1
101,3.362,SEARCHING,0,0,0,0,0.0000,320,240,0.350,-0.350,0,0,0,0,8330,30.2
102,3.397,TRACKING,1,177,119,232,0.1063,320,240,0.649,0.436,0,0,0,0,8104,30.0
103,3.429,TRACKING,1,177,119,231,0.1063,118,112,0.649,0.436,0,0,0,0,1416,30.1
104,3.461,COASTING,0,177,119,0,0.1063,116,115,0.649,0.436,0,0,0,0,1405,30.2
105,3.497,COASTING,0,177,119,0,0.1063,320,240,0.649,0.436,0,0,0,0,7882,30.0
106,3.529,COASTING,0,177,119,0,0.1063,320,240,0.649,0.436,0,0,0,0,7776,30.1
107,3.561,COASTING,0,177,119,0,0.1063,320,240,0.649,0.436,0,0,0,0,8922,30.2
108,3.597,COASTING,0,177,119,0,0.1063,320,240,0.649,0.436,0,0,0,0,8993,30.0
109,3.629,COASTING,0,177,119,0,0.1063,320,240,0.649,0.436,0,0,0,0,8937,30.1
110,3.661,COASTING,0,177,120,0,0.1063,320,240,0.649,0.436,0,0,0,0,7776,30.2
111,3.697,COASTING,0,177,120,0,0.1063,320,240,0.649,0.436,0,0,0,0,7795,30.0
112,3.729,COASTING,0,177,120,0,0.1063,320,240,0.649,0.436,0,0,0,0,7803,30.1
113,3.761,COASTING,0,177,120,0,0.1063,320,240,0.649,0.436,0,0,0,0,8976,30.2
114,3.797,COASTING,0,177,120,0,0.1063,320,240,0.649,0.436,0,0,0,0,9143,30.0
115,3.829,COASTING,0,177,120,0,0.1063,320,240,0.649,0.436,0,0,0,0,8922,30.1
116,3.861,SEARCHING,0,0,0,0,0.0000,320,240,0.350,-0.350,0,0,0,0,7906,30.2
117,3.897,SEARCHING,0,0,0,0,0.0000,320,240,0.350,-0.350,0,0,0,0,7932,30.0
118,3.929,SEARCHING,0,0,0,0,0.0000,320,240,0.350,-0.350,0,0,0,0,7780,30.1
119,3.961,SEARCHING,0,0,0,0,0.0000,320,240,0.350,-0.350,0,0,0,0,7882,30.2
120,3.997,SEARCHING,0,0,0,0,0.0000,320,240,0.350,-0.350,0,0,0,0,7804,30.0
121,4.029,SEARCHING,0,0,0,0,0.0000,320,240,0.350,-0.350,0,0,0,0,7804,30.1
122,4.061,SEARCHING,0,0,0,0,0.0000,320,240,0.350,-0.350,0,0,0,0,7773,30.2
123,4.097,SEARCHING,0,0,0,0,0.0000,320,240,0.350,-0.350,0,0,0,0,7878,30.0
124,4.129,SEARCHING,0,0,0,0,0.0000,320,240,0.350,-0.350,0,0,0,0,7869,30.1
125,4.161,SEARCHING,0,0,0,0,0.0000,320,240,0.350,-0.350,0,0,0,0,7935,30.2
126,4.197,TRACKING,1,196,159,169,0.2250,320,240,0.704,0.254,0,0,0,0,8212,30.0
127,4.229,TRACKING,1,196,156,266,0.2250,112,114,0.704,0.254,0,0,0,0,1373,30.1
128,4.261,TRACKING,1,193,152,201,0.2062,118,132,0.695,0.282,0,0,0,0,1941,30.2
129,4.297,TRACKING,1,199,164,200,0.2438,112,122,0.712,0.225,0,0,0,0,1657,30.0
130,4.329,TRACKING,1,201,171,185,0.2562,112,122,0.718,0.205,0,0,0,0,1656,30.1
131,4.361,TRACKING,1,201,175,176,0.2562,112,119,0.718,0.205,0,0,0,0,1583,30.2
132,4.397,TRACKING,1,200,177,162,0.2500,112,120,0.715,0.215,0,0,0,0,1652,30.0
133,4.430,COASTING,0,200,180,0,0.2500,112,116,0.715,0.215,0,0,0,0,1664,30.1
134,4.461,COASTING,0,201,182,0,0.2562,320,240,0.718,0.205,0,0,0,0,8308,30.2
135,4.497,COASTING,0,202,186,0,0.2625,320,240,0.721,0.196,0,0,0,0,7839,30.0
136,4.529,COASTING,0,202,188,0,0.2625,320,240,0.721,0.196,0,0,0,0,7822,30.1
137,4.561,COASTING,0,203,191,0,0.2688,320,240,0.724,0.186,0,0,0,0,7795,30.2
138,4.597,COASTING,0,203,194,0,0.2688,320,240,0.724,0.186,0,0,0,0,7804,30.0
139,4.629,COASTING,0,204,197,0,0.2750,320,240,0.727,0.177,0,0,0,0,7773,30.1
140,4.661,COASTING,0,204,200,0,0.2750,320,240,0.727,0.177,0,0,0,0,8866,30.2
141,4.697,COASTING,0,205,203,0,0.2812,320,240,0.729,0.167,0,0,0,0,8972,30.0
142,4.729,COASTING,0,205,206,0,0.2812,320,240,0.729,0.167,0,0,0,0,9028,30.1
143,4.761,COASTING,0,206,209,0,0.2875,320,240,0.732,0.157,0,0,0,0,8019,30.2
144,4.797,COASTING,0,206,212,0,0.2875,320,240,0.732,0.157,0,0,0,0,7828,30.0
145,4.829,SEARCHING,0,0,0,0,0.0000,320,240,0.350,-0.350,0,0,0,0,7903,30.1
146,4.861,SEARCHING,0,0,0,0,0.0000,320,240,0.350,-0.350,0,0,0,0,7942,30.2
147,4.897,SEARCHING,0,0,0,0,0.0000,320,240,0.350,-0.350,0,0,0,0,7832,30.0
148,4.929,SEARCHING,0,0,0,0,0.0000,320,240,0.350,-0.350,0,0,0,0,7797,30.1
149,4.961,SEARCHING,0,0,0,0,0.0000,320,240,0.350,-0.350,0,0,0,0,7896,30.2
150,4.997,SEARCHING,0,0,0,0,0.0000,320,240,0.350,-0.350,0,0,0,0,7754,30.0
151,5.029,SEARCHING,0,0,0,0,0.0000,320,240,0.350,-0.350,0,0,0,0,7793,30.1
152,5.061,SEARCHING,0,0,0,0,0.0000,320,240,0.350,-0.350,0,0,0,0,7879,30.2
153,5.097,SEARCHING,0,0,0,0,0.0000,320,240,0.350,-0.350,0,0,0,0,8070,30.0
154,5.129,SEARCHING,0,0,0,0,0.0000,320,240,0.350,-0.350,0,0,0,0,7872,30.1
155,5.161,SEARCHING,0,0,0,0,0.0000,320,240,0.350,-0.350,0,0,0,0,7909,30.2
156,5.197,SEARCHING,0,0,0,0,0.0000,320,240,0.350,-0.350,0,0,0,0,7784,30.0
157,5.229,SEARCHING,0,0,0,0,0.0000,320,240,0.350,-0.350,0,0,0,0,7787,30.1
158,5.261,SEARCHING,0,0,0,0,0.0000,320,240,0.350,-0.350,0,0,0,0,7762,30.2
159,5.297,SEARCHING,0,0,0,0,0.0000,320,240,0.350,-0.350,0,0,0,0,7759,30.0
160,5.329,SEARCHING,0,0,0,0,0.0000,320,240,0.350,-0.350,0,0,0,0,7889,30.1
161,5.361,SEARCHING,0,0,0,0,0.0000,320,240,0.350,-0.350,0,0,0,0,7903,30.2
162,5.397,SEARCHING,0,0,0,0,0.0000,320,240,0.350,-0.350,0,0,0,0,7882,30.0
163,5.429,SEARCHING,0,0,0,0,0.0000,320,240,0.350,-0.350,0,0,0,0,7764,30.1
164,5.461,SEARCHING,0,0,0,0,0.0000,320,240,0.350,-0.350,0,0,0,0,7880,30.2
165,5.497,SEARCHING,0,0,0,0,0.0000,320,240,0.350,-0.350,0,0,0,0,8371,30.0
166,5.529,SEARCHING,0,0,0,0,0.0000,320,240,0.350,-0.350,0,0,0,0,8371,30.1
167,5.561,SEARCHING,0,0,0,0,0.0000,320,240,0.350,-0.350,0,0,0,0,7858,30.2
168,5.597,SEARCHING,0,0,0,0,0.0000,320,240,0.350,-0.350,0,0,0,0,6916,30.0
169,5.629,SEARCHING,0,0,0,0,0.0000,320,240,0.350,-0.350,0,0,0,0,6909,30.1
170,5.661,SEARCHING,0,0,0,0,0.0000,320,240,0.350,-0.350,0,0,0,0,6890,30.2
171,5.697,SEARCHING,0,0,0,0,0.0000,320,240,0.350,-0.350,0,0,0,0,8969,30.0
172,5.729,TRACKING,1,184,158,152,0.1500,320,240,0.669,0.369,0,0,0,0,8960,30.1
173,5.761,COASTING,0,184,158,0,0.1500,112,112,0.669,0.369,0,0,0,0,1480,30.2
174,5.797,COASTING,0,184,158,0,0.1500,320,240,0.669,0.369,0,0,0,0,8926,30.0
175,5.829,TRACKING,1,187,160,152,0.1688,320,240,0.678,0.340,0,0,0,0,9435,30.1
176,5.861,TRACKING,1,188,160,177,0.1750,112,112,0.681,0.331,0,0,0,0,1466,30.2
177,5.897,COASTING,0,188,160,0,0.1750,112,112,0.681,0.331,0,0,0,0,1488,30.0
178,5.929,COASTING,0,188,160,0,0.1750,320,240,0.681,0.331,0,0,0,0,9004,30.1
179,5.961,COASTING,0,188,160,0,0.1750,320,240,0.681,0.331,0,0,0,0,9052,30.2
180,5.997,TRACKING,1,188,160,150,0.1750,320,240,0.681,0.331,0,0,0,0,8986,30.0
181,6.029,TRACKING,1,187,159,171,0.1688,112,112,0.678,0.340,0,0,0,0,1487,30.1
182,6.061,TRACKING,1,186,158,161,0.1625,112,112,0.675,0.350,0,0,0,0,1467,30.2
183,6.097,TRACKING,1,186,157,164,0.1625,112,112,0.675,0.350,0,0,0,0,1458,30.0
184,6.129,TRACKING,1,186,157,163,0.1625,112,112,0.675,0.350,0,0,0,0,1471,30.1
185,6.161,COASTING,0,185,157,0,0.1562,112,112,0.672,0.359,0,0,0,0,1484,30.2
186,6.197,COASTING,0,185,156,0,0.1562,320,240,0.672,0.359,0,0,0,0,10507,30.0
187,6.229,TRACKING,1,186,157,160,0.1625,320,240,0.675,0.350,0,0,0,0,10458,30.1
188,6.261,TRACKING,1,186,158,158,0.1625,112,112,0.675,0.350,0,0,0,0,1707,30.2
189,6.297,TRACKING,1,187,157,168,0.1688,112,112,0.678,0.340,0,0,0,0,1340,30.0
190,6.329,COASTING,0,187,157,0,0.1688,112,112,0.678,0.340,0,0,0,0,1285,30.1
191,6.361,COASTING,0,187,157,0,0.1688,320,240,0.678,0.340,0,0,0,0,7921,30.2
192,6.397,COASTING,0,187,157,0,0.1688,320,240,0.678,0.340,0,0,0,0,9109,30.0
193,6.429,COASTING,0,187,157,0,0.1688,320,240,0.678,0.340,0,0,0,0,8963,30.1
194,6.461,COASTING,0,187,157,0,0.1688,320,240,0.678,0.340,0,0,0,0,8895,30.2
195,6.497,COASTING,0,187,157,0,0.1688,320,240,0.678,0.340,0,0,0,0,7803,30.0
196,6.529,TRACKING,1,193,160,165,0.2062,320,240,0.695,0.282,0,0,0,0,7830,30.1
197,6.561,TRACKING,1,194,160,160,0.2125,112,112,0.698,0.273,0,0,0,0,1353,30.2
198,6.597,COASTING,0,194,161,0,0.2125,112,112,0.698,0.273,0,0,0,0,1460,30.0
199,6.629,TRACKING,1,194,161,155,0.2125,320,240,0.698,0.273,0,0,0,0,7882,30.1
200,6.661,TRACKING,1,194,160,153,0.2125,112,112,0.698,0.273,0,0,0,0,1306,30.2
201,6.697,TRACKING,1,194,160,153,0.2125,112,112,0.698,0.273,0,0,0,0,1482,30.0
202,6.729,TRACKING,1,194,160,168,0.2125,112,112,0.698,0.273,0,0,0,0,1498,30.1
203,6.761,TRACKING,1,194,160,173,0.2125,112,112,0.698,0.273,0,0,0,0,1503,30.2
204,6.797,TRACKING,1,194,161,154,0.2125,112,112,0.698,0.273,0,0,0,0,1739,30.0
205,6.829,TRACKING,1,193,161,164,0.2062,112,112,0.695,0.282,0,0,0,0,1714,30.1
206,6.861,TRACKING,1,192,161,156,0.2000,112,112,0.692,0.292,0,0,0,0,1713,30.2
207,6.897,COASTING,0,191,161,0,0.1937,112,112,0.689,0.302,0,0,0,0,1532,30.0
208,6.929,TRACKING,1,189,161,162,0.1813,320,240,0.683,0.321,0,0,0,0,8977,30.1
209,6.961,TRACKING,1,189,161,163,0.1813,112,112,0.683,0.321,0,0,0,0,1521,30.2
210,6.997,TRACKING,1,187,160,158,0.1688,112,112,0.678,0.340,0,0,0,0,1475,30.0
211,7.029,TRACKING,1,186,159,178,0.1625,112,112,0.675,0.350,0,0,0,0,1521,30.1
212,7.061,TRACKING,1,186,159,150,0.1625,112,112,0.675,0.350,0,0,0,0,1464,30.2
213,7.097,COASTING,0,185,158,0,0.1562,112,112,0.672,0.359,0,0,0,0,1716,30.0
214,7.129,COASTING,0,184,158,0,0.1500,320,240,0.669,0.369,0,0,0,0,10585,30.1
215,7.161,COASTING,0,184,158,0,0.1500,320,240,0.669,0.369,0,0,0,0,10376,30.2
216,7.197,COASTING,0,183,157,0,0.1437,320,240,0.666,0.379,0,0,0,0,8040,30.0
217,7.229,COASTING,0,182,157,0,0.1375,320,240,0.663,0.388,0,0,0,0,7788,30.1
218,7.261,COASTING,0,182,157,0,0.1375,320,240,0.663,0.388,0,0,0,0,7789,30.2
219,7.297,COASTING,0,181,156,0,0.1312,320,240,0.660,0.398,0,0,0,0,7898,30.0
220,7.329,COASTING,0,180,156,0,0.1250,320,240,0.658,0.408,0,0,0,0,7800,30.1
221,7.361,COASTING,0,180,156,0,0.1250,320,240,0.658,0.408,0,0,0,0,7877,30.2
222,7.397,COASTING,0,179,156,0,0.1187,320,240,0.655,0.417,0,0,0,0,7964,30.0
223,7.429,COASTING,0,178,155,0,0.1125,320,240,0.652,0.427,0,0,0,0,7895,30.1
224,7.461,SEARCHING,0,0,0,0,0.0000,320,240,0.350,-0.350,0,0,0,0,7781,30.2
225,7.497,SEARCHING,0,0,0,0,0.0000,320,240,0.350,-0.350,0,0,0,0,7889,30.0
226,7.529,TRACKING,1,186,149,156,0.1625,320,240,0.675,0.350,0,0,0,0,7794,30.1
227,7.561,TRACKING,1,186,149,152,0.1625,112,112,0.675,0.350,0,0,0,0,1301,30.2
228,7.597,COASTING,0,186,149,0,0.1625,112,112,0.675,0.350,0,0,0,0,1300,30.0
229,7.629,TRACKING,1,186,149,153,0.1625,320,240,0.675,0.350,0,0,0,0,9792,30.1
230,7.661,TRACKING,1,186,149,151,0.1625,112,112,0.675,0.350,0,0,0,0,1570,30.2
231,7.697,COASTING,0,186,149,0,0.1625,112,112,0.675,0.350,0,0,0,0,1488,30.0
232,7.729,TRACKING,1,186,149,153,0.1625,320,240,0.675,0.350,0,0,0,0,7817,30.1
233,7.761,COASTING,0,186,149,0,0.1625,112,112,0.675,0.350,0,0,0,0,1288,30.2
234,7.797,TRACKING,1,186,149,158,0.1625,320,240,0.675,0.350,0,0,0,0,8409,30.0
235,7.829,TRACKING,1,186,149,156,0.1625,112,112,0.675,0.350,0,0,0,0,1481,30.1
236,7.861,TRACKING,1,186,149,156,0.1625,112,112,0.675,0.350,0,0,0,0,1459,30.2
237,7.897,TRACKING,1,186,149,153,0.1625,112,112,0.675,0.350,0,0,0,0,1484,30.0
238,7.929,COASTING,0,186,149,0,0.1625,112,112,0.675,0.350,0,0,0,0,1474,30.1
239,7.961,TRACKING,1,185,149,155,0.1562,320,240,0.672,0.359,0,0,0,0,9019,30.2
240,7.997,COASTING,0,185,149,0,0.1562,112,112,0.672,0.359,0,0,0,0,1498,30.0
241,8.029,COASTING,0,185,149,0,0.1562,320,240,0.672,0.359,0,0,0,0,8992,30.1
242,8.061,COASTING,0,184,149,0,0.1500,320,240,0.669,0.369,0,0,0,0,9023,30.2
243,8.097,COASTING,0,184,149,0,0.1500,320,240,0.669,0.369,0,0,0,0,9564,30.0
244,8.129,COASTING,0,184,149,0,0.1500,320,240,0.669,0.369,0,0,0,0,7875,30.1
245,8.161,COASTING,0,184,149,0,0.1500,320,240,0.669,0.369,0,0,0,0,7775,30.2
246,8.197,COASTING,0,184,149,0,0.1500,320,240,0.669,0.369,0,0,0,0,7847,30.0
247,8.229,COASTING,0,184,149,0,0.1500,320,240,0.669,0.369,0,0,0,0,7769,30.1
248,8.261,COASTING,0,184,149,0,0.1500,320,240,0.669,0.369,0,0,0,0,7877,30.2
249,8.297,COASTING,0,184,149,0,0.1500,320,240,0.669,0.369,0,0,0,0,7825,30.0
250,8.329,COASTING,0,183,149,0,0.1437,320,240,0.666,0.379,0,0,0,0,7798,30.1
251,8.361,COASTING,0,183,149,0,0.1437,320,240,0.666,0.379,0,0,0,0,7832,30.2
252,8.397,SEARCHING,0,0,0,0,0.0000,320,240,0.350,-0.350,0,0,0,0,7871,30.0
253,8.429,SEARCHING,0,0,0,0,0.0000,320,240,0.350,-0.350,0,0,0,0,7901,30.1
254,8.461,SEARCHING,0,0,0,0,0.0000,320,240,0.350,-0.350,0,0,0,0,7786,30.2
255,8.497,SEARCHING,0,0,0,0,0.0000,320,240,0.350,-0.350,0,0,0,0,7767,30.0
256,8.529,SEARCHING,0,0,0,0,0.0000,320,240,0.350,-0.350,0,0,0,0,7837,30.1
257,8.561,SEARCHING,0,0,0,0,0.0000,320,240,0.350,-0.350,0,0,0,0,7788,30.2
258,8.597,SEARCHING,0,0,0,0,0.0000,320,240,0.350,-0.350,0,0,0,0,7783,30.0
259,8.629,SEARCHING,0,0,0,0,0.0000,320,240,0.350,-0.350,0,0,0,0,7796,30.1
260,8.661,SEARCHING,0,0,0,0,0.0000,320,240,0.350,-0.350,0,0,0,0,7782,30.2
261,8.697,SEARCHING,0,0,0,0,0.0000,320,240,0.350,-0.350,0,0,0,0,8513,30.0
262,8.729,SEARCHING,0,0,0,0,0.0000,320,240,0.350,-0.350,0,0,0,0,8349,30.1
263,8.761,SEARCHING,0,0,0,0,0.0000,320,240,0.350,-0.350,0,0,0,0,7818,30.2
264,8.797,SEARCHING,0,0,0,0,0.0000,320,240,0.350,-0.350,0,0,0,0,7783,30.0
265,8.829,SEARCHING,0,0,0,0,0.0000,320,240,0.350,-0.350,0,0,0,0,7784,30.1
266,8.861,SEARCHING,0,0,0,0,0.0000,320,240,0.350,-0.350,0,0,0,0,7837,30.2
267,8.897,SEARCHING,0,0,0,0,0.0000,320,240,0.350,-0.350,0,0,0,0,7841,30.0
268,8.929,SEARCHING,0,0,0,0,0.0000,320,240,0.350,-0.350,0,0,0,0,7811,30.1
269,8.961,SEARCHING,0,0,0,0,0.0000,320,240,0.350,-0.350,0,0,0,0,7772,30.2
270,8.997,SEARCHING,0,0,0,0,0.0000,320,240,0.350,-0.350,0,0,0,0,7897,30.0
271,9.029,SEARCHING,0,0,0,0,0.0000,320,240,0.350,-0.350,0,0,0,0,7900,30.1
272,9.061,SEARCHING,0,0,0,0,0.0000,320,240,0.350,-0.350,0,0,0,0,7789,30.2
273,9.097,SEARCHING,0,0,0,0,0.0000,320,240,0.350,-0.350,0,0,0,0,7937,30.0
274,9.129,SEARCHING,0,0,0,0,0.0000,320,240,0.350,-0.350,0,0,0,0,7856,30.1
275,9.161,SEARCHING,0,0,0,0,0.0000,320,240,0.350,-0.350,0,0,0,0,7837,30.2
276,9.197,SEARCHING,0,0,0,0,0.0000,320,240,0.350,-0.350,0,0,0,0,7754,30.0
277,9.229,SEARCHING,0,0,0,0,0.0000,320,240,0.350,-0.350,0,0,0,0,7972,30.1
278,9.261,SEARCHING,0,0,0,0,0.0000,320,240,0.350,-0.350,0,0,0,0,7887,30.2
279,9.297,SEARCHING,0,0,0,0,0.0000,320,240,0.350,-0.350,0,0,0,0,7866,30.0
280,9.329,SEARCHING,0,0,0,0,0.0000,320,240,0.350,-0.350,0,0,0,0,7747,30.1
281,9.361,SEARCHING,0,0,0,0,0.0000,320,240,0.350,-0.350,0,0,0,0,7834,30.2
282,9.397,SEARCHING,0,0,0,0,0.0000,320,240,0.350,-0.350,0,0,0,0,7794,30.0
283,9.429,SEARCHING,0,0,0,0,0.0000,320,240,0.350,-0.350,0,0,0,0,7878,30.1
284,9.461,SEARCHING,0,0,0,0,0.0000,320,240,0.350,-0.350,0,0,0,0,7847,30.2
285,9.497,SEARCHING,0,0,0,0,0.0000,320,240,0.350,-0.350,0,0,0,0,7759,30.0
286,9.529,SEARCHING,0,0,0,0,0.0000,320,240,0.350,-0.350,0,0,0,0,7744,30.1
287,9.561,SEARCHING,0,0,0,0,0.0000,320,240,0.350,-0.350,0,0,0,0,7804,30.2
288,9.597,SEARCHING,0,0,0,0,0.0000,320,240,0.350,-0.350,0,0,0,0,7787,30.0
289,9.629,SEARCHING,0,0,0,0,0.0000,320,240,0.350,-0.350,0,0,0,0,8999,30.1
290,9.661,SEARCHING,0,0,0,0,0.0000,320,240,0.350,-0.350,0,0,0,0,8918,30.2
291,9.697,SEARCHING,0,0,0,0,0.0000,320,240,0.350,-0.350,0,0,0,0,8922,30.0
292,9.729,SEARCHING,0,0,0,0,0.0000,320,240,0.350,-0.350,0,0,0,0,7803,30.1
293,9.761,SEARCHING,0,0,0,0,0.0000,320,240,0.350,-0.350,0,0,0,0,8196,30.2
294,9.797,SEARCHING,0,0,0,0,0.0000,320,240,0.350,-0.350,0,0,0,0,8280,30.0
295,9.829,SEARCHING,0,0,0,0,0.0000,320,240,0.350,-0.350,0,0,0,0,7884,30.1
296,9.861,SEARCHING,0,0,0,0,0.0000,320,240,0.350,-0.350,0,0,0,0,7871,30.2
297,9.897,SEARCHING,0,0,0,0,0.0000,320,240,0.350,-0.350,0,0,0,0,7909,30.0
298,9.929,SEARCHING,0,0,0,0,0.0000,320,240,0.350,-0.350,0,0,0,0,7752,30.1
299,9.961,SEARCHING,0,0,0,0,0.0000,320,240,0.350,-0.350,0,0,0,0,7821,30.2
300,9.997,SEARCHING,0,0,0,0,0.0000,320,240,0.350,-0.350,0,0,0,0,7820,30.0
301,10.029,SEARCHING,0,0,0,0,0.0000,320,240,0.350,-0.350,0,0,0,0,9095,30.1
302,10.061,SEARCHING,0,0,0,0,0.0000,320,240,0.350,-0.350,0,0,0,0,8993,30.2
303,10.097,SEARCHING,0,0,0,0,0.0000,320,240,0.350,-0.350,0,0,0,0,9096,30.0
304,10.129,SEARCHING,0,0,0,0,0.0000,320,240,0.350,-0.350,0,0,0,0,7829,30.1
305,10.161,SEARCHING,0,0,0,0,0.0000,320,240,0.350,-0.350,0,0,0,0,8120,30.2
306,10.197,SEARCHING,0,0,0,0,0.0000,320,240,0.350,-0.350,0,0,0,0,7883,30.0
307,10.229,SEARCHING,0,0,0,0,0.0000,320,240,0.350,-0.350,0,0,0,0,7873,30.1
308,10.261,SEARCHING,0,0,0,0,0.0000,320,240,0.350,-0.350,0,0,0,0,7882,30.2
309,10.297,SEARCHING,0,0,0,0,0.0000,320,240,0.350,-0.350,0,0,0,0,7772,30.0
310,10.329,SEARCHING,0,0,0,0,0.0000,320,240,0.350,-0.350,0,0,0,0,7804,30.1
311,10.361,SEARCHING,0,0,0,0,0.0000,320,240,0.350,-0.350,0,0,0,0,7776,30.2
312,10.397,SEARCHING,0,0,0,0,0.0000,320,240,0.350,-0.350,0,0,0,0,7807,30.0
313,10.429,SEARCHING,0,0,0,0,0.0000,320,240,0.350,-0.350,0,0,0,0,7816,30.1
314,10.461,SEARCHING,0,0,0,0,0.0000,320,240,0.350,-0.350,0,0,0,0,7871,30.2
315,10.497,SEARCHING,0,0,0,0,0.0000,320,240,0.350,-0.350,0,0,0,0,7833,30.0
316,10.529,SEARCHING,0,0,0,0,0.0000,320,240,0.350,-0.350,0,0,0,0,7803,30.1
317,10.561,SEARCHING,0,0,0,0,0.0000,320,240,0.350,-0.350,0,0,0,0,7808,30.2
318,10.597,SEARCHING,0,0,0,0,0.0000,320,240,0.350,-0.350,0,0,0,0,7836,30.0
319,10.629,SEARCHING,0,0,0,0,0.0000,320,240,0.350,-0.350,0,0,0,0,8916,30.1
320,10.661,SEARCHING,0,0,0,0,0.0000,320,240,0.350,-0.350,0,0,0,0,9038,30.2
321,10.697,SEARCHING,0,0,0,0,0.0000,320,240,0.350,-0.350,0,0,0,0,8967,30.0
322,10.729,SEARCHING,0,0,0,0,0.0000,320,240,0.350,-0.350,0,0,0,0,7896,30.1
323,10.761,SEARCHING,0,0,0,0,0.0000,320,240,0.350,-0.350,0,0,0,0,7833,30.2
324,10.797,SEARCHING,0,0,0,0,0.0000,320,240,0.350,-0.350,0,0,0,0,7808,30.0
325,10.830,SEARCHING,0,0,0,0,0.0000,320,240,0.350,-0.350,0,0,0,0,8270,30.1
326,10.862,SEARCHING,0,0,0,0,0.0000,320,240,0.350,-0.350,0,0,0,0,8430,30.2
327,10.897,SEARCHING,0,0,0,0,0.0000,320,240,0.350,-0.350,0,0,0,0,7912,30.0
328,10.929,SEARCHING,0,0,0,0,0.0000,320,240,0.350,-0.350,0,0,0,0,7928,30.1
329,10.961,SEARCHING,0,0,0,0,0.0000,320,240,0.350,-0.350,0,0,0,0,7907,30.2
330,10.997,SEARCHING,0,0,0,0,0.0000,320,240,0.350,-0.350,0,0,0,0,7794,30.0
331,11.029,SEARCHING,0,0,0,0,0.0000,320,240,0.350,-0.350,0,0,0,0,7935,30.1
332,11.061,SEARCHING,0,0,0,0,0.0000,320,240,0.350,-0.350,0,0,0,0,7890,30.2
333,11.097,SEARCHING,0,0,0,0,0.0000,320,240,0.350,-0.350,0,0,0,0,7969,30.0
334,11.129,SEARCHING,0,0,0,0,0.0000,320,240,0.350,-0.350,0,0,0,0,7794,30.1
335,11.161,SEARCHING,0,0,0,0,0.0000,320,240,0.350,-0.350,0,0,0,0,7791,30.2
336,11.197,SEARCHING,0,0,0,0,0.0000,320,240,0.350,-0.350,0,0,0,0,8115,30.0
337,11.229,SEARCHING,0,0,0,0,0.0000,320,240,0.350,-0.350,0,0,0,0,7786,30.1
338,11.261,SEARCHING,0,0,0,0,0.0000,320,240,0.350,-0.350,0,0,0,0,7861,30.2
339,11.297,SEARCHING,0,0,0,0,0.0000,320,240,0.350,-0.350,0,0,0,0,7837,30.0
340,11.329,SEARCHING,0,0,0,0,0.0000,320,240,0.350,-0.350,0,0,0,0,7865,30.1
341,11.361,SEARCHING,0,0,0,0,0.0000,320,240,0.350,-0.350,0,0,0,0,7849,30.2
342,11.397,SEARCHING,0,0,0,0,0.0000,320,240,0.350,-0.350,0,0,0,0,7963,30.0
343,11.429,SEARCHING,0,0,0,0,0.0000,320,240,0.350,-0.350,0,0,0,0,8654,30.1
344,11.461,SEARCHING,0,0,0,0,0.0000,320,240,0.350,-0.350,0,0,0,0,9218,30.2
345,11.497,SEARCHING,0,0,0,0,0.0000,320,240,0.350,-0.350,0,0,0,0,8961,30.0
346,11.529,SEARCHING,0,0,0,0,0.0000,320,240,0.350,-0.350,0,0,0,0,9040,30.1
347,11.561,SEARCHING,0,0,0,0,0.0000,320,240,0.350,-0.350,0,0,0,0,7833,30.2
348,11.597,SEARCHING,0,0,0,0,0.0000,320,240,0.350,-0.350,0,0,0,0,7754,30.0
349,11.629,SEARCHING,0,0,0,0,0.0000,320,240,0.350,-0.350,0,0,0,0,7768,30.1
350,11.661,SEARCHING,0,0,0,0,0.0000,320,240,0.350,-0.350,0,0,0,0,7778,30.2
351,11.697,SEARCHING,0,0,0,0,0.0000,320,240,0.350,-0.350,0,0,0,0,7855,30.0
352,11.729,SEARCHING,0,0,0,0,0.0000,320,240,0.350,-0.350,0,0,0,0,7787,30.1
353,11.761,SEARCHING,0,0,0,0,0.0000,320,240,0.350,-0.350,0,0,0,0,7844,30.2
354,11.797,SEARCHING,0,0,0,0,0.0000,320,240,0.350,-0.350,0,0,0,0,7821,30.0
355,11.829,SEARCHING,0,0,0,0,0.0000,320,240,0.350,-0.350,0,0,0,0,7787,30.1
356,11.861,SEARCHING,0,0,0,0,0.0000,320,240,0.350,-0.350,0,0,0,0,7784,30.2
357,11.898,SEARCHING,0,0,0,0,0.0000,320,240,0.350,-0.350,0,0,0,0,8478,30.0
358,11.930,SEARCHING,0,0,0,0,0.0000,320,240,0.350,-0.350,0,0,0,0,8276,30.1
359,11.961,SEARCHING,0,0,0,0,0.0000,320,240,0.350,-0.350,0,0,0,0,7873,30.2
360,11.997,SEARCHING,0,0,0,0,0.0000,320,240,0.350,-0.350,0,0,0,0,7784,30.0
361,12.029,SEARCHING,0,0,0,0,0.0000,320,240,0.350,-0.350,0,0,0,0,7825,30.1
362,12.061,SEARCHING,0,0,0,0,0.0000,320,240,0.350,-0.350,0,0,0,0,7921,30.2
363,12.097,SEARCHING,0,0,0,0,0.0000,320,240,0.350,-0.350,0,0,0,0,8071,30.0
364,12.129,SEARCHING,0,0,0,0,0.0000,320,240,0.350,-0.350,0,0,0,0,7976,30.1
365,12.161,SEARCHING,0,0,0,0,0.0000,320,240,0.350,-0.350,0,0,0,0,7860,30.2
366,12.197,SEARCHING,0,0,0,0,0.0000,320,240,0.350,-0.350,0,0,0,0,7784,30.0
367,12.229,SEARCHING,0,0,0,0,0.0000,320,240,0.350,-0.350,0,0,0,0,7793,30.1
368,12.261,SEARCHING,0,0,0,0,0.0000,320,240,0.350,-0.350,0,0,0,0,8900,30.2
369,12.297,SEARCHING,0,0,0,0,0.0000,320,240,0.350,-0.350,0,0,0,0,8979,30.0
370,12.329,SEARCHING,0,0,0,0,0.0000,320,240,0.350,-0.350,0,0,0,0,8925,30.1
371,12.361,SEARCHING,0,0,0,0,0.0000,320,240,0.350,-0.350,0,0,0,0,7869,30.2
372,12.397,SEARCHING,0,0,0,0,0.0000,320,240,0.350,-0.350,0,0,0,0,7895,30.0
373,12.429,SEARCHING,0,0,0,0,0.0000,320,240,0.350,-0.350,0,0,0,0,7825,30.1
374,12.461,SEARCHING,0,0,0,0,0.0000,320,240,0.350,-0.350,0,0,0,0,7956,30.2
375,12.497,SEARCHING,0,0,0,0,0.0000,320,240,0.350,-0.350,0,0,0,0,7809,30.0
376,12.529,SEARCHING,0,0,0,0,0.0000,320,240,0.350,-0.350,0,0,0,0,7803,30.1
377,12.561,SEARCHING,0,0,0,0,0.0000,320,240,0.350,-0.350,0,0,0,0,7799,30.2
378,12.597,SEARCHING,0,0,0,0,0.0000,320,240,0.350,-0.350,0,0,0,0,7804,30.0
379,12.629,SEARCHING,0,0,0,0,0.0000,320,240,0.350,-0.350,0,0,0,0,7813,30.1
380,12.661,SEARCHING,0,0,0,0,0.0000,320,240,0.350,-0.350,0,0,0,0,7773,30.2
381,12.697,SEARCHING,0,0,0,0,0.0000,320,240,0.350,-0.350,0,0,0,0,7847,30.0
382,12.729,SEARCHING,0,0,0,0,0.0000,320,240,0.350,-0.350,0,0,0,0,7794,30.1
383,12.761,SEARCHING,0,0,0,0,0.0000,320,240,0.350,-0.350,0,0,0,0,8928,30.2
384,12.797,SEARCHING,0,0,0,0,0.0000,320,240,0.350,-0.350,0,0,0,0,9025,30.0
385,12.829,SEARCHING,0,0,0,0,0.0000,320,240,0.350,-0.350,0,0,0,0,8932,30.1
386,12.861,SEARCHING,0,0,0,0,0.0000,320,240,0.350,-0.350,0,0,0,0,7861,30.2
387,12.897,SEARCHING,0,0,0,0,0.0000,320,240,0.350,-0.350,0,0,0,0,7810,30.0
388,12.929,SEARCHING,0,0,0,0,0.0000,320,240,0.350,-0.350,0,0,0,0,7771,30.1
389,12.962,SEARCHING,0,0,0,0,0.0000,320,240,0.350,-0.350,0,0,0,0,8303,30.2
390,12.998,SEARCHING,0,0,0,0,0.0000,320,240,0.350,-0.350,0,0,0,0,8251,30.0
391,13.029,SEARCHING,0,0,0,0,0.0000,320,240,0.350,-0.350,0,0,0,0,7837,30.1
392,13.061,SEARCHING,0,0,0,0,0.0000,320,240,0.350,-0.350,0,0,0,0,7844,30.2
393,13.097,SEARCHING,0,0,0,0,0.0000,320,240,0.350,-0.350,0,0,0,0,8041,30.0
394,13.129,SEARCHING,0,0,0,0,0.0000,320,240,0.350,-0.350,0,0,0,0,7834,30.1
395,13.161,SEARCHING,0,0,0,0,0.0000,320,240,0.350,-0.350,0,0,0,0,7958,30.2
396,13.197,SEARCHING,0,0,0,0,0.0000,320,240,0.350,-0.350,0,0,0,0,7828,30.0
397,13.229,SEARCHING,0,0,0,0,0.0000,320,240,0.350,-0.350,0,0,0,0,7844,30.1
398,13.261,SEARCHING,0,0,0,0,0.0000,320,240,0.350,-0.350,0,0,0,0,7853,30.2
399,13.297,SEARCHING,0,0,0,0,0.0000,320,240,0.350,-0.350,0,0,0,0,7937,30.0
400,13.329,SEARCHING,0,0,0,0,0.0000,320,240,0.350,-0.350,0,0,0,0,7820,30.1
401,13.361,SEARCHING,0,0,0,0,0.0000,320,240,0.350,-0.350,0,0,0,0,8954,30.2
402,13.397,SEARCHING,0,0,0,0,0.0000,320,240,0.350,-0.350,0,0,0,0,8896,30.0
403,13.429,SEARCHING,0,0,0,0,0.0000,320,240,0.350,-0.350,0,0,0,0,8996,30.1
404,13.461,SEARCHING,0,0,0,0,0.0000,320,240,0.350,-0.350,0,0,0,0,7834,30.2
405,13.497,SEARCHING,0,0,0,0,0.0000,320,240,0.350,-0.350,0,0,0,0,7866,30.0
406,13.529,SEARCHING,0,0,0,0,0.0000,320,240,0.350,-0.350,0,0,0,0,7844,30.1
407,13.561,SEARCHING,0,0,0,0,0.0000,320,240,0.350,-0.350,0,0,0,0,7838,30.2
408,13.597,SEARCHING,0,0,0,0,0.0000,320,240,0.350,-0.350,0,0,0,0,7855,30.0
409,13.629,SEARCHING,0,0,0,0,0.0000,320,240,0.350,-0.350,0,0,0,0,7785,30.1
410,13.661,SEARCHING,0,0,0,0,0.0000,320,240,0.350,-0.350,0,0,0,0,8906,30.2
411,13.697,SEARCHING,0,0,0,0,0.0000,320,240,0.350,-0.350,0,0,0,0,8896,30.0
412,13.729,SEARCHING,0,0,0,0,0.0000,320,240,0.350,-0.350,0,0,0,0,8900,30.1
413,13.761,SEARCHING,0,0,0,0,0.0000,320,240,0.350,-0.350,0,0,0,0,7831,30.2
414,13.797,SEARCHING,0,0,0,0,0.0000,320,240,0.350,-0.350,0,0,0,0,7819,30.0
415,13.829,SEARCHING,0,0,0,0,0.0000,320,240,0.350,-0.350,0,0,0,0,7788,30.1
416,13.861,SEARCHING,0,0,0,0,0.0000,320,240,0.350,-0.350,0,0,0,0,8871,30.2
417,13.897,SEARCHING,0,0,0,0,0.0000,320,240,0.350,-0.350,0,0,0,0,8920,30.0
418,13.929,SEARCHING,0,0,0,0,0.0000,320,240,0.350,-0.350,0,0,0,0,8954,30.1
419,13.961,SEARCHING,0,0,0,0,0.0000,320,240,0.350,-0.350,0,0,0,0,8063,30.2
420,13.997,SEARCHING,0,0,0,0,0.0000,320,240,0.350,-0.350,0,0,0,0,7801,30.0
421,14.030,SEARCHING,0,0,0,0,0.0000,320,240,0.350,-0.350,0,0,0,0,8115,30.1
422,14.062,SEARCHING,0,0,0,0,0.0000,320,240,0.350,-0.350,0,0,0,0,8299,30.2
423,14.097,SEARCHING,0,0,0,0,0.0000,320,240,0.350,-0.350,0,0,0,0,8017,30.0
424,14.129,SEARCHING,0,0,0,0,0.0000,320,240,0.350,-0.350,0,0,0,0,7784,30.1
425,14.162,SEARCHING,0,0,0,0,0.0000,320,240,0.350,-0.350,0,0,0,0,9014,30.2
426,14.197,SEARCHING,0,0,0,0,0.0000,320,240,0.350,-0.350,0,0,0,0,9173,30.0
427,14.230,SEARCHING,0,0,0,0,0.0000,320,240,0.350,-0.350,0,0,0,0,9198,30.1
428,14.262,SEARCHING,0,0,0,0,0.0000,320,240,0.350,-0.350,0,0,0,0,8058,30.2
429,14.297,SEARCHING,0,0,0,0,0.0000,320,240,0.350,-0.350,0,0,0,0,7886,30.0
430,14.329,SEARCHING,0,0,0,0,0.0000,320,240,0.350,-0.350,0,0,0,0,7778,30.1
431,14.361,SEARCHING,0,0,0,0,0.0000,320,240,0.350,-0.350,0,0,0,0,7801,30.2
432,14.397,SEARCHING,0,0,0,0,0.0000,320,240,0.350,-0.350,0,0,0,0,7786,30.0
433,14.429,SEARCHING,0,0,0,0,0.0000,320,240,0.350,-0.350,0,0,0,0,7831,30.1
434,14.462,SEARCHING,0,0,0,0,0.0000,320,240,0.350,-0.350,0,0,0,0,8678,30.2
435,14.497,SEARCHING,0,0,0,0,0.0000,320,240,0.350,-0.350,0,0,0,0,8971,30.0
436,14.529,SEARCHING,0,0,0,0,0.0000,320,240,0.350,-0.350,0,0,0,0,8959,30.1
437,14.561,SEARCHING,0,0,0,0,0.0000,320,240,0.350,-0.350,0,0,0,0,8370,30.2
438,14.597,SEARCHING,0,0,0,0,0.0000,320,240,0.350,-0.350,0,0,0,0,7777,30.0
439,14.629,SEARCHING,0,0,0,0,0.0000,320,240,0.350,-0.350,0,0,0,0,7793,30.1
440,14.661,SEARCHING,0,0,0,0,0.0000,320,240,0.350,-0.350,0,0,0,0,7879,30.2
441,14.697,SEARCHING,0,0,0,0,0.0000,320,240,0.350,-0.350,0,0,0,0,7813,30.0
442,14.729,SEARCHING,0,0,0,0,0.0000,320,240,0.350,-0.350,0,0,0,0,7743,30.1
443,14.761,SEARCHING,0,0,0,0,0.0000,320,240,0.350,-0.350,0,0,0,0,7932,30.2
444,14.797,SEARCHING,0,0,0,0,0.0000,320,240,0.350,-0.350,0,0,0,0,7816,30.0
445,14.829,SEARCHING,0,0,0,0,0.0000,320,240,0.350,-0.350,0,0,0,0,7829,30.1
446,14.861,SEARCHING,0,0,0,0,0.0000,320,240,0.350,-0.350,0,0,0,0,7934,30.2
447,14.897,SEARCHING,0,0,0,0,0.0000,320,240,0.350,-0.350,0,0,0,0,7839,30.0
448,14.929,SEARCHING,0,0,0,0,0.0000,320,240,0.350,-0.350,0,0,0,0,7910,30.1
449,14.961,SEARCHING,0,0,0,0,0.0000,320,240,0.350,-0.350,0,0,0,0,7872,30.2
450,14.997,SEARCHING,0,0,0,0,0.0000,320,240,0.350,-0.350,0,0,0,0,7793,30.0
451,15.029,SEARCHING,0,0,0,0,0.0000,320,240,0.350,-0.350,0,0,0,0,7821,30.1
452,15.061,SEARCHING,0,0,0,0,0.0000,320,240,0.350,-0.350,0,0,0,0,7808,30.2
453,15.097,SEARCHING,0,0,0,0,0.0000,320,240,0.350,-0.350,0,0,0,0,8693,30.0
454,15.130,SEARCHING,0,0,0,0,0.0000,320,240,0.350,-0.350,0,0,0,0,8294,30.1
455,15.161,SEARCHING,0,0,0,0,0.0000,320,240,0.350,-0.350,0,0,0,0,7952,30.2
456,15.197,SEARCHING,0,0,0,0,0.0000,320,240,0.350,-0.350,0,0,0,0,7803,30.0
457,15.229,SEARCHING,0,0,0,0,0.0000,320,240,0.350,-0.350,0,0,0,0,7809,30.1
458,15.261,SEARCHING,0,0,0,0,0.0000,320,240,0.350,-0.350,0,0,0,0,7844,30.2
459,15.297,SEARCHING,0,0,0,0,0.0000,320,240,0.350,-0.350,0,0,0,0,7880,30.0
460,15.329,SEARCHING,0,0,0,0,0.0000,320,240,0.350,-0.350,0,0,0,0,7807,30.1
461,15.361,SEARCHING,0,0,0,0,0.0000,320,240,0.350,-0.350,0,0,0,0,7887,30.2
462,15.397,SEARCHING,0,0,0,0,0.0000,320,240,0.350,-0.350,0,0,0,0,7799,30.0
463,15.429,SEARCHING,0,0,0,0,0.0000,320,240,0.350,-0.350,0,0,0,0,7824,30.1
464,15.461,SEARCHING,0,0,0,0,0.0000,320,240,0.350,-0.350,0,0,0,0,7887,30.2
465,15.497,SEARCHING,0,0,0,0,0.0000,320,240,0.350,-0.350,0,0,0,0,7984,30.0
466,15.529,SEARCHING,0,0,0,0,0.0000,320,240,0.350,-0.350,0,0,0,0,7840,30.1
467,15.561,SEARCHING,0,0,0,0,0.0000,320,240,0.350,-0.350,0,0,0,0,7878,30.2
468,15.597,SEARCHING,0,0,0,0,0.0000,320,240,0.350,-0.350,0,0,0,0,7828,30.0
469,15.629,SEARCHING,0,0,0,0,0.0000,320,240,0.350,-0.350,0,0,0,0,7925,30.1
470,15.661,SEARCHING,0,0,0,0,0.0000,320,240,0.350,-0.350,0,0,0,0,7767,30.2
471,15.697,SEARCHING,0,0,0,0,0.0000,320,240,0.350,-0.350,0,0,0,0,8974,30.0
472,15.729,SEARCHING,0,0,0,0,0.0000,320,240,0.350,-0.350,0,0,0,0,9018,30.1
473,15.761,SEARCHING,0,0,0,0,0.0000,320,240,0.350,-0.350,0,0,0,0,8938,30.2
474,15.797,SEARCHING,0,0,0,0,0.0000,320,240,0.350,-0.350,0,0,0,0,7928,30.0
475,15.829,SEARCHING,0,0,0,0,0.0000,320,240,0.350,-0.350,0,0,0,0,7775,30.1
476,15.861,SEARCHING,0,0,0,0,0.0000,320,240,0.350,-0.350,0,0,0,0,7829,30.2
477,15.897,SEARCHING,0,0,0,0,0.0000,320,240,0.350,-0.350,0,0,0,0,9024,30.0
478,15.929,SEARCHING,0,0,0,0,0.0000,320,240,0.350,-0.350,0,0,0,0,8910,30.1
479,15.961,SEARCHING,0,0,0,0,0.0000,320,240,0.350,-0.350,0,0,0,0,8929,30.2
480,15.997,SEARCHING,0,0,0,0,0.0000,320,240,0.350,-0.350,0,0,0,0,7911,30.0
481,16.029,SEARCHING,0,0,0,0,0.0000,320,240,0.350,-0.350,0,0,0,0,7753,30.1
482,16.061,SEARCHING,0,0,0,0,0.0000,320,240,0.350,-0.350,0,0,0,0,7846,30.2
483,16.097,SEARCHING,0,0,0,0,0.0000,320,240,0.350,-0.350,0,0,0,0,8187,30.0
484,16.129,SEARCHING,0,0,0,0,0.0000,320,240,0.350,-0.350,0,0,0,0,7768,30.1
485,16.162,SEARCHING,0,0,0,0,0.0000,320,240,0.350,-0.350,0,0,0,0,8542,30.2
486,16.198,SEARCHING,0,0,0,0,0.0000,320,240,0.350,-0.350,0,0,0,0,8296,30.0
487,16.229,SEARCHING,0,0,0,0,0.0000,320,240,0.350,-0.350,0,0,0,0,8079,30.1
488,16.261,SEARCHING,0,0,0,0,0.0000,320,240,0.350,-0.350,0,0,0,0,7851,30.2
489,16.297,SEARCHING,0,0,0,0,0.0000,320,240,0.350,-0.350,0,0,0,0,7983,30.0
490,16.329,SEARCHING,0,0,0,0,0.0000,320,240,0.350,-0.350,0,0,0,0,7847,30.1
491,16.361,SEARCHING,0,0,0,0,0.0000,320,240,0.350,-0.350,0,0,0,0,7818,30.2
492,16.397,SEARCHING,0,0,0,0,0.0000,320,240,0.350,-0.350,0,0,0,0,7814,30.0
493,16.429,SEARCHING,0,0,0,0,0.0000,320,240,0.350,-0.350,0,0,0,0,7894,30.1
494,16.461,SEARCHING,0,0,0,0,0.0000,320,240,0.350,-0.350,0,0,0,0,7901,30.2
495,16.497,SEARCHING,0,0,0,0,0.0000,320,240,0.350,-0.350,0,0,0,0,8154,30.0
496,16.529,SEARCHING,0,0,0,0,0.0000,320,240,0.350,-0.350,0,0,0,0,7814,30.1
497,16.561,SEARCHING,0,0,0,0,0.0000,320,240,0.350,-0.350,0,0,0,0,7795,30.2
498,16.597,SEARCHING,0,0,0,0,0.0000,320,240,0.350,-0.350,0,0,0,0,7746,30.0
499,16.629,SEARCHING,0,0,0,0,0.0000,320,240,0.350,-0.350,0,0,0,0,7830,30.1
500,16.661,SEARCHING,0,0,0,0,0.0000,320,240,0.350,-0.350,0,0,0,0,7770,30.2
501,16.697,SEARCHING,0,0,0,0,0.0000,320,240,0.350,-0.350,0,0,0,0,8869,30.0
502,16.729,SEARCHING,0,0,0,0,0.0000,320,240,0.350,-0.350,0,0,0,0,8851,30.1
503,16.761,SEARCHING,0,0,0,0,0.0000,320,240,0.350,-0.350,0,0,0,0,8902,30.2
504,16.797,SEARCHING,0,0,0,0,0.0000,320,240,0.350,-0.350,0,0,0,0,7821,30.0
505,16.829,SEARCHING,0,0,0,0,0.0000,320,240,0.350,-0.350,0,0,0,0,7782,30.1
506,16.861,SEARCHING,0,0,0,0,0.0000,320,240,0.350,-0.350,0,0,0,0,7766,30.2
507,16.897,SEARCHING,0,0,0,0,0.0000,320,240,0.350,-0.350,0,0,0,0,8032,30.0
508,16.929,SEARCHING,0,0,0,0,0.0000,320,240,0.350,-0.350,0,0,0,0,7820,30.1
509,16.961,SEARCHING,0,0,0,0,0.0000,320,240,0.350,-0.350,0,0,0,0,7801,30.2
510,16.997,SEARCHING,0,0,0,0,0.0000,320,240,0.350,-0.350,0,0,0,0,8930,30.0
511,17.029,SEARCHING,0,0,0,0,0.0000,320,240,0.350,-0.350,0,0,0,0,8908,30.1
512,17.061,SEARCHING,0,0,0,0,0.0000,320,240,0.350,-0.350,0,0,0,0,9100,30.2
513,17.097,SEARCHING,0,0,0,0,0.0000,320,240,0.350,-0.350,0,0,0,0,7950,30.0
514,17.129,SEARCHING,0,0,0,0,0.0000,320,240,0.350,-0.350,0,0,0,0,7802,30.1
515,17.161,SEARCHING,0,0,0,0,0.0000,320,240,0.350,-0.350,0,0,0,0,7882,30.2
516,17.197,SEARCHING,0,0,0,0,0.0000,320,240,0.350,-0.350,0,0,0,0,7836,30.0
517,17.230,SEARCHING,0,0,0,0,0.0000,320,240,0.350,-0.350,0,0,0,0,8420,30.1
518,17.262,SEARCHING,0,0,0,0,0.0000,320,240,0.350,-0.350,0,0,0,0,8439,30.2
519,17.297,SEARCHING,0,0,0,0,0.0000,320,240,0.350,-0.350,0,0,0,0,7921,30.0
520,17.329,SEARCHING,0,0,0,0,0.0000,320,240,0.350,-0.350,0,0,0,0,7853,30.1
521,17.361,SEARCHING,0,0,0,0,0.0000,320,240,0.350,-0.350,0,0,0,0,7871,30.2
522,17.397,SEARCHING,0,0,0,0,0.0000,320,240,0.350,-0.350,0,0,0,0,8772,30.0
523,17.429,SEARCHING,0,0,0,0,0.0000,320,240,0.350,-0.350,0,0,0,0,8892,30.1
524,17.461,SEARCHING,0,0,0,0,0.0000,320,240,0.350,-0.350,0,0,0,0,8908,30.2
525,17.497,SEARCHING,0,0,0,0,0.0000,320,240,0.350,-0.350,0,0,0,0,7985,30.0
526,17.529,SEARCHING,0,0,0,0,0.0000,320,240,0.350,-0.350,0,0,0,0,7883,30.1
527,17.561,SEARCHING,0,0,0,0,0.0000,320,240,0.350,-0.350,0,0,0,0,7831,30.2
528,17.597,SEARCHING,0,0,0,0,0.0000,320,240,0.350,-0.350,0,0,0,0,7809,30.0
529,17.629,SEARCHING,0,0,0,0,0.0000,320,240,0.350,-0.350,0,0,0,0,7808,30.1
530,17.661,SEARCHING,0,0,0,0,0.0000,320,240,0.350,-0.350,0,0,0,0,7870,30.2
531,17.697,SEARCHING,0,0,0,0,0.0000,320,240,0.350,-0.350,0,0,0,0,7941,30.0
532,17.729,SEARCHING,0,0,0,0,0.0000,320,240,0.350,-0.350,0,0,0,0,7795,30.1
533,17.761,SEARCHING,0,0,0,0,0.0000,320,240,0.350,-0.350,0,0,0,0,7856,30.2
534,17.797,SEARCHING,0,0,0,0,0.0000,320,240,0.350,-0.350,0,0,0,0,8410,30.0
535,17.829,SEARCHING,0,0,0,0,0.0000,320,240,0.350,-0.350,0,0,0,0,9096,30.1
536,17.861,SEARCHING,0,0,0,0,0.0000,320,240,0.350,-0.350,0,0,0,0,8933,30.2
537,17.897,SEARCHING,0,0,0,0,0.0000,320,240,0.350,-0.350,0,0,0,0,8595,30.0
538,17.929,SEARCHING,0,0,0,0,0.0000,320,240,0.350,-0.350,0,0,0,0,7901,30.1
539,17.961,SEARCHING,0,0,0,0,0.0000,320,240,0.350,-0.350,0,0,0,0,7865,30.2
540,17.997,SEARCHING,0,0,0,0,0.0000,320,240,0.350,-0.350,0,0,0,0,7907,30.0
541,18.029,SEARCHING,0,0,0,0,0.0000,320,240,0.350,-0.350,0,0,0,0,7759,30.1
542,18.061,SEARCHING,0,0,0,0,0.0000,320,240,0.350,-0.350,0,0,0,0,7763,30.2
543,18.097,SEARCHING,0,0,0,0,0.0000,320,240,0.350,-0.350,0,0,0,0,8021,30.0
544,18.129,SEARCHING,0,0,0,0,0.0000,320,240,0.350,-0.350,0,0,0,0,7819,30.1
545,18.161,SEARCHING,0,0,0,0,0.0000,320,240,0.350,-0.350,0,0,0,0,7794,30.2
546,18.197,SEARCHING,0,0,0,0,0.0000,320,240,0.350,-0.350,0,0,0,0,7844,30.0
547,18.229,SEARCHING,0,0,0,0,0.0000,320,240,0.350,-0.350,0,0,0,0,7882,30.1
548,18.261,SEARCHING,0,0,0,0,0.0000,320,240,0.350,-0.350,0,0,0,0,7975,30.2
549,18.298,SEARCHING,0,0,0,0,0.0000,320,240,0.350,-0.350,0,0,0,0,8347,30.0
550,18.330,SEARCHING,0,0,0,0,0.0000,320,240,0.350,-0.350,0,0,0,0,8186,30.1
551,18.361,SEARCHING,0,0,0,0,0.0000,320,240,0.350,-0.350,0,0,0,0,7879,30.2
552,18.397,SEARCHING,0,0,0,0,0.0000,320,240,0.350,-0.350,0,0,0,0,7862,30.0
553,18.429,SEARCHING,0,0,0,0,0.0000,320,240,0.350,-0.350,0,0,0,0,7838,30.1
554,18.461,SEARCHING,0,0,0,0,0.0000,320,240,0.350,-0.350,0,0,0,0,7835,30.2
555,18.497,SEARCHING,0,0,0,0,0.0000,320,240,0.350,-0.350,0,0,0,0,7832,30.0
556,18.529,SEARCHING,0,0,0,0,0.0000,320,240,0.350,-0.350,0,0,0,0,7823,30.1
557,18.561,SEARCHING,0,0,0,0,0.0000,320,240,0.350,-0.350,0,0,0,0,7857,30.2
558,18.597,SEARCHING,0,0,0,0,0.0000,320,240,0.350,-0.350,0,0,0,0,7804,30.0
559,18.629,SEARCHING,0,0,0,0,0.0000,320,240,0.350,-0.350,0,0,0,0,7770,30.1
560,18.661,SEARCHING,0,0,0,0,0.0000,320,240,0.350,-0.350,0,0,0,0,7784,30.2
561,18.697,SEARCHING,0,0,0,0,0.0000,320,240,0.350,-0.350,0,0,0,0,7838,30.0
562,18.729,SEARCHING,0,0,0,0,0.0000,320,240,0.350,-0.350,0,0,0,0,8896,30.1
563,18.761,SEARCHING,0,0,0,0,0.0000,320,240,0.350,-0.350,0,0,0,0,8915,30.2
564,18.797,SEARCHING,0,0,0,0,0.0000,320,240,0.350,-0.350,0,0,0,0,8960,30.0
565,18.829,SEARCHING,0,0,0,0,0.0000,320,240,0.350,-0.350,0,0,0,0,7853,30.1
566,18.861,SEARCHING,0,0,0,0,0.0000,320,240,0.350,-0.350,0,0,0,0,7806,30.2
567,18.897,SEARCHING,0,0,0,0,0.0000,320,240,0.350,-0.350,0,0,0,0,7856,30.0
568,18.929,SEARCHING,0,0,0,0,0.0000,320,240,0.350,-0.350,0,0,0,0,7802,30.1
569,18.961,SEARCHING,0,0,0,0,0.0000,320,240,0.350,-0.350,0,0,0,0,7824,30.2
570,18.997,SEARCHING,0,0,0,0,0.0000,320,240,0.350,-0.350,0,0,0,0,7821,30.0
571,19.029,SEARCHING,0,0,0,0,0.0000,320,240,0.350,-0.350,0,0,0,0,7833,30.1
572,19.061,SEARCHING,0,0,0,0,0.0000,320,240,0.350,-0.350,0,0,0,0,7820,30.2
573,19.097,SEARCHING,0,0,0,0,0.0000,320,240,0.350,-0.350,0,0,0,0,8182,30.0
574,19.129,SEARCHING,0,0,0,0,0.0000,320,240,0.350,-0.350,0,0,0,0,7872,30.1
575,19.161,SEARCHING,0,0,0,0,0.0000,320,240,0.350,-0.350,0,0,0,0,7827,30.2
576,19.197,SEARCHING,0,0,0,0,0.0000,320,240,0.350,-0.350,0,0,0,0,7821,30.0
577,19.229,SEARCHING,0,0,0,0,0.0000,320,240,0.350,-0.350,0,0,0,0,9088,30.1
578,19.262,SEARCHING,0,0,0,0,0.0000,320,240,0.350,-0.350,0,0,0,0,9059,30.2
579,19.297,SEARCHING,0,0,0,0,0.0000,320,240,0.350,-0.350,0,0,0,0,8918,30.0
580,19.329,SEARCHING,0,0,0,0,0.0000,320,240,0.350,-0.350,0,0,0,0,8987,30.1
581,19.362,SEARCHING,0,0,0,0,0.0000,320,240,0.350,-0.350,0,0,0,0,9400,30.2
582,19.398,SEARCHING,0,0,0,0,0.0000,320,240,0.350,-0.350,0,0,0,0,9383,30.0
583,19.430,SEARCHING,0,0,0,0,0.0000,320,240,0.350,-0.350,0,0,0,0,7961,30.1
584,19.461,SEARCHING,0,0,0,0,0.0000,320,240,0.350,-0.350,0,0,0,0,7808,30.2
585,19.497,SEARCHING,0,0,0,0,0.0000,320,240,0.350,-0.350,0,0,0,0,7911,30.0
586,19.529,SEARCHING,0,0,0,0,0.0000,320,240,0.350,-0.350,0,0,0,0,7894,30.1
587,19.561,SEARCHING,0,0,0,0,0.0000,320,240,0.350,-0.350,0,0,0,0,7910,30.2
588,19.597,SEARCHING,0,0,0,0,0.0000,320,240,0.350,-0.350,0,0,0,0,7866,30.0
589,19.629,SEARCHING,0,0,0,0,0.0000,320,240,0.350,-0.350,0,0,0,0,7786,30.1
590,19.661,SEARCHING,0,0,0,0,0.0000,320,240,0.350,-0.350,0,0,0,0,7750,30.2
591,19.697,SEARCHING,0,0,0,0,0.0000,320,240,0.350,-0.350,0,0,0,0,7855,30.0
592,19.729,SEARCHING,0,0,0,0,0.0000,320,240,0.350,-0.350,0,0,0,0,7814,30.1
593,19.761,SEARCHING,0,0,0,0,0.0000,320,240,0.350,-0.350,0,0,0,0,7805,30.2
594,19.797,SEARCHING,0,0,0,0,0.0000,320,240,0.350,-0.350,0,0,0,0,7848,30.0
595,19.829,SEARCHING,0,0,0,0,0.0000,320,240,0.350,-0.350,0,0,0,0,8925,30.1
596,19.861,SEARCHING,0,0,0,0,0.0000,320,240,0.350,-0.350,0,0,0,0,8957,30.2
597,19.897,SEARCHING,0,0,0,0,0.0000,320,240,0.350,-0.350,0,0,0,0,8942,30.0
598,19.929,SEARCHING,0,0,0,0,0.0000,320,240,0.350,-0.350,0,0,0,0,7807,30.1
599,19.961,SEARCHING,0,0,0,0,0.0000,320,240,0.350,-0.350,0,0,0,0,7846,30.2
600,19.997,SEARCHING,0,0,0,0,0.0000,320,240,0.350,-0.350,0,0,0,0,7820,30.0
601,20.029,SEARCHING,0,0,0,0,0.0000,320,240,0.350,-0.350,0,0,0,0,7772,30.1
602,20.061,SEARCHING,0,0,0,0,0.0000,320,240,0.350,-0.350,0,0,0,0,7828,30.2
603,20.097,SEARCHING,0,0,0,0,0.0000,320,240,0.350,-0.350,0,0,0,0,7864,30.0
604,20.129,SEARCHING,0,0,0,0,0.0000,320,240,0.350,-0.350,0,0,0,0,7906,30.1
605,20.161,SEARCHING,0,0,0,0,0.0000,320,240,0.350,-0.350,0,0,0,0,7887,30.2
606,20.197,SEARCHING,0,0,0,0,0.0000,320,240,0.350,-0.350,0,0,0,0,7803,30.0
607,20.229,SEARCHING,0,0,0,0,0.0000,320,240,0.350,-0.350,0,0,0,0,8815,30.1
608,20.261,SEARCHING,0,0,0,0,0.0000,320,240,0.350,-0.350,0,0,0,0,8981,30.2
609,20.297,SEARCHING,0,0,0,0,0.0000,320,240,0.350,-0.350,0,0,0,0,9106,30.0
610,20.329,SEARCHING,0,0,0,0,0.0000,320,240,0.350,-0.350,0,0,0,0,7939,30.1
611,20.361,SEARCHING,0,0,0,0,0.0000,320,240,0.350,-0.350,0,0,0,0,7854,30.2
612,20.397,SEARCHING,0,0,0,0,0.0000,320,240,0.350,-0.350,0,0,0,0,7816,30.0
613,20.430,SEARCHING,0,0,0,0,0.0000,320,240,0.350,-0.350,0,0,0,0,8196,30.1
614,20.462,SEARCHING,0,0,0,0,0.0000,320,240,0.350,-0.350,0,0,0,0,8336,30.2
615,20.497,SEARCHING,0,0,0,0,0.0000,320,240,0.350,-0.350,0,0,0,0,7978,30.0
616,20.529,SEARCHING,0,0,0,0,0.0000,320,240,0.350,-0.350,0,0,0,0,8124,30.1
617,20.561,SEARCHING,0,0,0,0,0.0000,320,240,0.350,-0.350,0,0,0,0,7864,30.2
618,20.597,SEARCHING,0,0,0,0,0.0000,320,240,0.350,-0.350,0,0,0,0,7876,30.0
619,20.629,SEARCHING,0,0,0,0,0.0000,320,240,0.350,-0.350,0,0,0,0,7772,30.1
620,20.661,SEARCHING,0,0,0,0,0.0000,320,240,0.350,-0.350,0,0,0,0,7764,30.2
621,20.697,SEARCHING,0,0,0,0,0.0000,320,240,0.350,-0.350,0,0,0,0,7867,30.0
622,20.729,SEARCHING,0,0,0,0,0.0000,320,240,0.350,-0.350,0,0,0,0,7859,30.1
623,20.761,SEARCHING,0,0,0,0,0.0000,320,240,0.350,-0.350,0,0,0,0,7783,30.2
624,20.797,SEARCHING,0,0,0,0,0.0000,320,240,0.350,-0.350,0,0,0,0,7827,30.0
625,20.829,SEARCHING,0,0,0,0,0.0000,320,240,0.350,-0.350,0,0,0,0,7807,30.1
626,20.861,SEARCHING,0,0,0,0,0.0000,320,240,0.350,-0.350,0,0,0,0,7805,30.2
627,20.897,SEARCHING,0,0,0,0,0.0000,320,240,0.350,-0.350,0,0,0,0,7795,30.0
628,20.929,SEARCHING,0,0,0,0,0.0000,320,240,0.350,-0.350,0,0,0,0,8018,30.1
629,20.961,SEARCHING,0,0,0,0,0.0000,320,240,0.350,-0.350,0,0,0,0,8045,30.2
630,20.997,SEARCHING,0,0,0,0,0.0000,320,240,0.350,-0.350,0,0,0,0,7908,30.0
631,21.029,SEARCHING,0,0,0,0,0.0000,320,240,0.350,-0.350,0,0,0,0,8667,30.1
632,21.061,SEARCHING,0,0,0,0,0.0000,320,240,0.350,-0.350,0,0,0,0,8931,30.2
633,21.097,SEARCHING,0,0,0,0,0.0000,320,240,0.350,-0.350,0,0,0,0,9237,30.0
634,21.129,SEARCHING,0,0,0,0,0.0000,320,240,0.350,-0.350,0,0,0,0,9152,30.1
635,21.161,SEARCHING,0,0,0,0,0.0000,320,240,0.350,-0.350,0,0,0,0,7848,30.2
636,21.197,SEARCHING,0,0,0,0,0.0000,320,240,0.350,-0.350,0,0,0,0,7812,30.0
637,21.229,SEARCHING,0,0,0,0,0.0000,320,240,0.350,-0.350,0,0,0,0,7867,30.1
638,21.261,SEARCHING,0,0,0,0,0.0000,320,240,0.350,-0.350,0,0,0,0,7846,30.2
639,21.297,SEARCHING,0,0,0,0,0.0000,320,240,0.350,-0.350,0,0,0,0,7899,30.0
640,21.329,SEARCHING,0,0,0,0,0.0000,320,240,0.350,-0.350,0,0,0,0,7850,30.1
641,21.361,SEARCHING,0,0,0,0,0.0000,320,240,0.350,-0.350,0,0,0,0,7803,30.2
642,21.397,SEARCHING,0,0,0,0,0.0000,320,240,0.350,-0.350,0,0,0,0,7846,30.0
643,21.429,SEARCHING,0,0,0,0,0.0000,320,240,0.350,-0.350,0,0,0,0,7813,30.1
644,21.461,SEARCHING,0,0,0,0,0.0000,320,240,0.350,-0.350,0,0,0,0,7836,30.2
645,21.498,SEARCHING,0,0,0,0,0.0000,320,240,0.350,-0.350,0,0,0,0,8247,30.0
646,21.530,SEARCHING,0,0,0,0,0.0000,320,240,0.350,-0.350,0,0,0,0,8535,30.1
647,21.562,SEARCHING,0,0,0,0,0.0000,320,240,0.350,-0.350,0,0,0,0,7974,30.2
648,21.597,SEARCHING,0,0,0,0,0.0000,320,240,0.350,-0.350,0,0,0,0,7914,30.0
649,21.629,SEARCHING,0,0,0,0,0.0000,320,240,0.350,-0.350,0,0,0,0,7828,30.1
650,21.661,SEARCHING,0,0,0,0,0.0000,320,240,0.350,-0.350,0,0,0,0,7882,30.2
651,21.697,SEARCHING,0,0,0,0,0.0000,320,240,0.350,-0.350,0,0,0,0,7854,30.0
652,21.729,SEARCHING,0,0,0,0,0.0000,320,240,0.350,-0.350,0,0,0,0,7805,30.1
653,21.761,SEARCHING,0,0,0,0,0.0000,320,240,0.350,-0.350,0,0,0,0,7808,30.2
654,21.797,SEARCHING,0,0,0,0,0.0000,320,240,0.350,-0.350,0,0,0,0,7868,30.0
655,21.829,SEARCHING,0,0,0,0,0.0000,320,240,0.350,-0.350,0,0,0,0,7823,30.1
656,21.861,SEARCHING,0,0,0,0,0.0000,320,240,0.350,-0.350,0,0,0,0,7795,30.2
657,21.897,SEARCHING,0,0,0,0,0.0000,320,240,0.350,-0.350,0,0,0,0,7823,30.0
658,21.929,SEARCHING,0,0,0,0,0.0000,320,240,0.350,-0.350,0,0,0,0,7815,30.1
659,21.961,SEARCHING,0,0,0,0,0.0000,320,240,0.350,-0.350,0,0,0,0,7903,30.2
660,21.997,SEARCHING,0,0,0,0,0.0000,320,240,0.350,-0.350,0,0,0,0,7796,30.0
661,22.029,SEARCHING,0,0,0,0,0.0000,320,240,0.350,-0.350,0,0,0,0,7794,30.1
662,22.061,SEARCHING,0,0,0,0,0.0000,320,240,0.350,-0.350,0,0,0,0,8916,30.2
663,22.097,SEARCHING,0,0,0,0,0.0000,320,240,0.350,-0.350,0,0,0,0,9336,30.0
664,22.129,SEARCHING,0,0,0,0,0.0000,320,240,0.350,-0.350,0,0,0,0,9030,30.1
665,22.161,SEARCHING,0,0,0,0,0.0000,320,240,0.350,-0.350,0,0,0,0,9507,30.2
666,22.197,SEARCHING,0,0,0,0,0.0000,320,240,0.350,-0.350,0,0,0,0,9038,30.0
667,22.229,SEARCHING,0,0,0,0,0.0000,320,240,0.350,-0.350,0,0,0,0,8912,30.1
668,22.261,SEARCHING,0,0,0,0,0.0000,320,240,0.350,-0.350,0,0,0,0,7883,30.2
669,22.297,SEARCHING,0,0,0,0,0.0000,320,240,0.350,-0.350,0,0,0,0,8003,30.0
670,22.329,SEARCHING,0,0,0,0,0.0000,320,240,0.350,-0.350,0,0,0,0,8128,30.1
671,22.361,SEARCHING,0,0,0,0,0.0000,320,240,0.350,-0.350,0,0,0,0,7847,30.2
672,22.397,SEARCHING,0,0,0,0,0.0000,320,240,0.350,-0.350,0,0,0,0,7815,30.0
673,22.429,SEARCHING,0,0,0,0,0.0000,320,240,0.350,-0.350,0,0,0,0,7861,30.1
674,22.461,SEARCHING,0,0,0,0,0.0000,320,240,0.350,-0.350,0,0,0,0,8891,30.2
675,22.497,SEARCHING,0,0,0,0,0.0000,320,240,0.350,-0.350,0,0,0,0,8909,30.0
676,22.529,SEARCHING,0,0,0,0,0.0000,320,240,0.350,-0.350,0,0,0,0,9021,30.1
677,22.562,SEARCHING,0,0,0,0,0.0000,320,240,0.350,-0.350,0,0,0,0,8342,30.2
678,22.598,SEARCHING,0,0,0,0,0.0000,320,240,0.350,-0.350,0,0,0,0,8218,30.0
679,22.629,SEARCHING,0,0,0,0,0.0000,320,240,0.350,-0.350,0,0,0,0,7901,30.1
680,22.661,SEARCHING,0,0,0,0,0.0000,320,240,0.350,-0.350,0,0,0,0,7802,30.2
681,22.697,SEARCHING,0,0,0,0,0.0000,320,240,0.350,-0.350,0,0,0,0,7814,30.0
682,22.729,SEARCHING,0,0,0,0,0.0000,320,240,0.350,-0.350,0,0,0,0,7880,30.1
683,22.761,SEARCHING,0,0,0,0,0.0000,320,240,0.350,-0.350,0,0,0,0,7819,30.2
684,22.797,SEARCHING,0,0,0,0,0.0000,320,240,0.350,-0.350,0,0,0,0,7806,30.0
685,22.829,SEARCHING,0,0,0,0,0.0000,320,240,0.350,-0.350,0,0,0,0,7785,30.1
686,22.861,SEARCHING,0,0,0,0,0.0000,320,240,0.350,-0.350,0,0,0,0,8941,30.2
687,22.897,SEARCHING,0,0,0,0,0.0000,320,240,0.350,-0.350,0,0,0,0,8956,30.0
688,22.929,SEARCHING,0,0,0,0,0.0000,320,240,0.350,-0.350,0,0,0,0,8955,30.1
689,22.961,SEARCHING,0,0,0,0,0.0000,320,240,0.350,-0.350,0,0,0,0,7911,30.2
690,22.997,SEARCHING,0,0,0,0,0.0000,320,240,0.350,-0.350,0,0,0,0,7852,30.0
691,23.029,SEARCHING,0,0,0,0,0.0000,320,240,0.350,-0.350,0,0,0,0,7840,30.1
692,23.061,SEARCHING,0,0,0,0,0.0000,320,240,0.350,-0.350,0,0,0,0,8905,30.2
693,23.097,SEARCHING,0,0,0,0,0.0000,320,240,0.350,-0.350,0,0,0,0,9224,30.0
694,23.129,SEARCHING,0,0,0,0,0.0000,320,240,0.350,-0.350,0,0,0,0,8943,30.1
695,23.161,SEARCHING,0,0,0,0,0.0000,320,240,0.350,-0.350,0,0,0,0,9045,30.2
696,23.197,SEARCHING,0,0,0,0,0.0000,320,240,0.350,-0.350,0,0,0,0,8963,30.0
697,23.229,SEARCHING,0,0,0,0,0.0000,320,240,0.350,-0.350,0,0,0,0,8946,30.1
698,23.261,SEARCHING,0,0,0,0,0.0000,320,240,0.350,-0.350,0,0,0,0,7956,30.2
699,23.297,SEARCHING,0,0,0,0,0.0000,320,240,0.350,-0.350,0,0,0,0,7785,30.0
700,23.329,SEARCHING,0,0,0,0,0.0000,320,240,0.350,-0.350,0,0,0,0,7919,30.1
701,23.361,SEARCHING,0,0,0,0,0.0000,320,240,0.350,-0.350,0,0,0,0,7816,30.2
702,23.397,SEARCHING,0,0,0,0,0.0000,320,240,0.350,-0.350,0,0,0,0,7784,30.0
703,23.429,SEARCHING,0,0,0,0,0.0000,320,240,0.350,-0.350,0,0,0,0,7811,30.1
704,23.461,SEARCHING,0,0,0,0,0.0000,320,240,0.350,-0.350,0,0,0,0,7866,30.2
705,23.497,SEARCHING,0,0,0,0,0.0000,320,240,0.350,-0.350,0,0,0,0,7801,30.0
706,23.529,SEARCHING,0,0,0,0,0.0000,320,240,0.350,-0.350,0,0,0,0,7903,30.1
707,23.561,SEARCHING,0,0,0,0,0.0000,320,240,0.350,-0.350,0,0,0,0,7974,30.2
708,23.597,SEARCHING,0,0,0,0,0.0000,320,240,0.350,-0.350,0,0,0,0,7883,30.0
709,23.630,SEARCHING,0,0,0,0,0.0000,320,240,0.350,-0.350,0,0,0,0,8239,30.1
710,23.662,SEARCHING,0,0,0,0,0.0000,320,240,0.350,-0.350,0,0,0,0,8229,30.2
711,23.697,SEARCHING,0,0,0,0,0.0000,320,240,0.350,-0.350,0,0,0,0,8007,30.0
712,23.729,SEARCHING,0,0,0,0,0.0000,320,240,0.350,-0.350,0,0,0,0,7892,30.1
713,23.761,SEARCHING,0,0,0,0,0.0000,320,240,0.350,-0.350,0,0,0,0,7786,30.2
714,23.797,SEARCHING,0,0,0,0,0.0000,320,240,0.350,-0.350,0,0,0,0,7793,30.0
715,23.829,SEARCHING,0,0,0,0,0.0000,320,240,0.350,-0.350,0,0,0,0,7823,30.1
716,23.861,SEARCHING,0,0,0,0,0.0000,320,240,0.350,-0.350,0,0,0,0,7899,30.2
717,23.897,SEARCHING,0,0,0,0,0.0000,320,240,0.350,-0.350,0,0,0,0,7816,30.0
718,23.929,SEARCHING,0,0,0,0,0.0000,320,240,0.350,-0.350,0,0,0,0,7820,30.1
719,23.961,SEARCHING,0,0,0,0,0.0000,320,240,0.350,-0.350,0,0,0,0,7943,30.2
720,23.997,SEARCHING,0,0,0,0,0.0000,320,240,0.350,-0.350,0,0,0,0,7934,30.0
721,24.029,SEARCHING,0,0,0,0,0.0000,320,240,0.350,-0.350,0,0,0,0,7845,30.1
722,24.061,SEARCHING,0,0,0,0,0.0000,320,240,0.350,-0.350,0,0,0,0,7912,30.2
723,24.097,SEARCHING,0,0,0,0,0.0000,320,240,0.350,-0.350,0,0,0,0,7911,30.0
724,24.129,SEARCHING,0,0,0,0,0.0000,320,240,0.350,-0.350,0,0,0,0,7798,30.1
725,24.161,SEARCHING,0,0,0,0,0.0000,320,240,0.350,-0.350,0,0,0,0,7818,30.2
726,24.197,SEARCHING,0,0,0,0,0.0000,320,240,0.350,-0.350,0,0,0,0,7810,30.0
727,24.229,SEARCHING,0,0,0,0,0.0000,320,240,0.350,-0.350,0,0,0,0,7790,30.1
728,24.262,SEARCHING,0,0,0,0,0.0000,320,240,0.350,-0.350,0,0,0,0,7924,30.2
729,24.297,SEARCHING,0,0,0,0,0.0000,320,240,0.350,-0.350,0,0,0,0,7861,30.0
730,24.329,SEARCHING,0,0,0,0,0.0000,320,240,0.350,-0.350,0,0,0,0,7905,30.1
731,24.361,SEARCHING,0,0,0,0,0.0000,320,240,0.350,-0.350,0,0,0,0,7918,30.2
732,24.397,SEARCHING,0,0,0,0,0.0000,320,240,0.350,-0.350,0,0,0,0,7782,30.0
733,24.429,SEARCHING,0,0,0,0,0.0000,320,240,0.350,-0.350,0,0,0,0,7854,30.1
734,24.461,SEARCHING,0,0,0,0,0.0000,320,240,0.350,-0.350,0,0,0,0,7784,30.2
735,24.497,SEARCHING,0,0,0,0,0.0000,320,240,0.350,-0.350,0,0,0,0,7853,30.0
736,24.529,SEARCHING,0,0,0,0,0.0000,320,240,0.350,-0.350,0,0,0,0,7837,30.1
737,24.561,SEARCHING,0,0,0,0,0.0000,320,240,0.350,-0.350,0,0,0,0,7853,30.2
738,24.597,SEARCHING,0,0,0,0,0.0000,320,240,0.350,-0.350,0,0,0,0,7854,30.0
739,24.629,SEARCHING,0,0,0,0,0.0000,320,240,0.350,-0.350,0,0,0,0,7779,30.1
740,24.661,SEARCHING,0,0,0,0,0.0000,320,240,0.350,-0.350,0,0,0,0,7755,30.2
741,24.698,SEARCHING,0,0,0,0,0.0000,320,240,0.350,-0.350,0,0,0,0,8156,30.0
742,24.730,SEARCHING,0,0,0,0,0.0000,320,240,0.350,-0.350,0,0,0,0,8392,30.1
743,24.762,SEARCHING,0,0,0,0,0.0000,320,240,0.350,-0.350,0,0,0,0,7874,30.2
744,24.797,SEARCHING,0,0,0,0,0.0000,320,240,0.350,-0.350,0,0,0,0,7868,30.0
745,24.829,SEARCHING,0,0,0,0,0.0000,320,240,0.350,-0.350,0,0,0,0,7919,30.1
746,24.861,SEARCHING,0,0,0,0,0.0000,320,240,0.350,-0.350,0,0,0,0,7787,30.2
747,24.897,SEARCHING,0,0,0,0,0.0000,320,240,0.350,-0.350,0,0,0,0,7786,30.0
748,24.929,SEARCHING,0,0,0,0,0.0000,320,240,0.350,-0.350,0,0,0,0,7817,30.1
749,24.961,SEARCHING,0,0,0,0,0.0000,320,240,0.350,-0.350,0,0,0,0,7804,30.2
750,24.998,SEARCHING,0,0,0,0,0.0000,320,240,0.350,-0.350,0,0,0,0,7906,30.0
751,25.029,SEARCHING,0,0,0,0,0.0000,320,240,0.350,-0.350,0,0,0,0,7923,30.1
752,25.061,SEARCHING,0,0,0,0,0.0000,320,240,0.350,-0.350,0,0,0,0,7896,30.2
753,25.097,SEARCHING,0,0,0,0,0.0000,320,240,0.350,-0.350,0,0,0,0,7906,30.0
754,25.129,SEARCHING,0,0,0,0,0.0000,320,240,0.350,-0.350,0,0,0,0,7863,30.1
755,25.161,SEARCHING,0,0,0,0,0.0000,320,240,0.350,-0.350,0,0,0,0,7834,30.2
756,25.197,SEARCHING,0,0,0,0,0.0000,320,240,0.350,-0.350,0,0,0,0,7792,30.0
757,25.229,SEARCHING,0,0,0,0,0.0000,320,240,0.350,-0.350,0,0,0,0,7862,30.1
758,25.261,SEARCHING,0,0,0,0,0.0000,320,240,0.350,-0.350,0,0,0,0,7874,30.2
759,25.297,SEARCHING,0,0,0,0,0.0000,320,240,0.350,-0.350,0,0,0,0,7849,30.0
760,25.329,SEARCHING,0,0,0,0,0.0000,320,240,0.350,-0.350,0,0,0,0,8140,30.1
761,25.361,SEARCHING,0,0,0,0,0.0000,320,240,0.350,-0.350,0,0,0,0,7872,30.2
762,25.397,SEARCHING,0,0,0,0,0.0000,320,240,0.350,-0.350,0,0,0,0,7848,30.0
763,25.429,SEARCHING,0,0,0,0,0.0000,320,240,0.350,-0.350,0,0,0,0,7779,30.1
764,25.461,SEARCHING,0,0,0,0,0.0000,320,240,0.350,-0.350,0,0,0,0,7805,30.2
765,25.497,SEARCHING,0,0,0,0,0.0000,320,240,0.350,-0.350,0,0,0,0,7806,30.0
766,25.529,SEARCHING,0,0,0,0,0.0000,320,240,0.350,-0.350,0,0,0,0,8090,30.1
767,25.561,SEARCHING,0,0,0,0,0.0000,320,240,0.350,-0.350,0,0,0,0,7885,30.2
768,25.597,SEARCHING,0,0,0,0,0.0000,320,240,0.350,-0.350,0,0,0,0,7825,30.0
769,25.629,SEARCHING,0,0,0,0,0.0000,320,240,0.350,-0.350,0,0,0,0,7856,30.1
770,25.661,SEARCHING,0,0,0,0,0.0000,320,240,0.350,-0.350,0,0,0,0,7781,30.2
771,25.697,SEARCHING,0,0,0,0,0.0000,320,240,0.350,-0.350,0,0,0,0,7791,30.0
772,25.729,SEARCHING,0,0,0,0,0.0000,320,240,0.350,-0.350,0,0,0,0,7788,30.1
773,25.762,SEARCHING,0,0,0,0,0.0000,320,240,0.350,-0.350,0,0,0,0,8208,30.2
774,25.798,SEARCHING,0,0,0,0,0.0000,320,240,0.350,-0.350,0,0,0,0,8434,30.0
775,25.829,SEARCHING,0,0,0,0,0.0000,320,240,0.350,-0.350,0,0,0,0,7940,30.1
776,25.861,SEARCHING,0,0,0,0,0.0000,320,240,0.350,-0.350,0,0,0,0,7876,30.2
777,25.897,SEARCHING,0,0,0,0,0.0000,320,240,0.350,-0.350,0,0,0,0,7819,30.0
778,25.929,SEARCHING,0,0,0,0,0.0000,320,240,0.350,-0.350,0,0,0,0,7794,30.1
779,25.961,SEARCHING,0,0,0,0,0.0000,320,240,0.350,-0.350,0,0,0,0,7845,30.2
780,25.997,SEARCHING,0,0,0,0,0.0000,320,240,0.350,-0.350,0,0,0,0,8099,30.0
781,26.029,SEARCHING,0,0,0,0,0.0000,320,240,0.350,-0.350,0,0,0,0,7925,30.1
782,26.061,SEARCHING,0,0,0,0,0.0000,320,240,0.350,-0.350,0,0,0,0,7840,30.2
783,26.097,SEARCHING,0,0,0,0,0.0000,320,240,0.350,-0.350,0,0,0,0,9123,30.0
784,26.129,SEARCHING,0,0,0,0,0.0000,320,240,0.350,-0.350,0,0,0,0,9035,30.1
785,26.161,SEARCHING,0,0,0,0,0.0000,320,240,0.350,-0.350,0,0,0,0,8968,30.2
786,26.197,SEARCHING,0,0,0,0,0.0000,320,240,0.350,-0.350,0,0,0,0,7773,30.0
787,26.229,SEARCHING,0,0,0,0,0.0000,320,240,0.350,-0.350,0,0,0,0,7804,30.1
788,26.261,SEARCHING,0,0,0,0,0.0000,320,240,0.350,-0.350,0,0,0,0,7786,30.2
789,26.297,SEARCHING,0,0,0,0,0.0000,320,240,0.350,-0.350,0,0,0,0,8885,30.0
790,26.329,SEARCHING,0,0,0,0,0.0000,320,240,0.350,-0.350,0,0,0,0,9151,30.1
791,26.361,SEARCHING,0,0,0,0,0.0000,320,240,0.350,-0.350,0,0,0,0,9014,30.2
792,26.398,SEARCHING,0,0,0,0,0.0000,320,240,0.350,-0.350,0,0,0,0,8110,30.0
793,26.429,SEARCHING,0,0,0,0,0.0000,320,240,0.350,-0.350,0,0,0,0,7849,30.1
794,26.461,SEARCHING,0,0,0,0,0.0000,320,240,0.350,-0.350,0,0,0,0,7850,30.2
795,26.497,SEARCHING,0,0,0,0,0.0000,320,240,0.350,-0.350,0,0,0,0,7798,30.0
796,26.529,SEARCHING,0,0,0,0,0.0000,320,240,0.350,-0.350,0,0,0,0,7775,30.1
797,26.561,SEARCHING,0,0,0,0,0.0000,320,240,0.350,-0.350,0,0,0,0,7828,30.2
798,26.597,SEARCHING,0,0,0,0,0.0000,320,240,0.350,-0.350,0,0,0,0,7890,30.0
799,26.629,SEARCHING,0,0,0,0,0.0000,320,240,0.350,-0.350,0,0,0,0,7828,30.1
800,26.661,SEARCHING,0,0,0,0,0.0000,320,240,0.350,-0.350,0,0,0,0,7826,30.2
801,26.697,SEARCHING,0,0,0,0,0.0000,320,240,0.350,-0.350,0,0,0,0,7891,30.0
802,26.729,SEARCHING,0,0,0,0,0.0000,320,240,0.350,-0.350,0,0,0,0,7807,30.1
803,26.761,SEARCHING,0,0,0,0,0.0000,320,240,0.350,-0.350,0,0,0,0,7848,30.2
804,26.797,SEARCHING,0,0,0,0,0.0000,320,240,0.350,-0.350,0,0,0,0,7867,30.0
805,26.830,SEARCHING,0,0,0,0,0.0000,320,240,0.350,-0.350,0,0,0,0,8176,30.1
806,26.862,SEARCHING,0,0,0,0,0.0000,320,240,0.350,-0.350,0,0,0,0,8605,30.2
807,26.897,SEARCHING,0,0,0,0,0.0000,320,240,0.350,-0.350,0,0,0,0,7879,30.0
808,26.929,SEARCHING,0,0,0,0,0.0000,320,240,0.350,-0.350,0,0,0,0,7791,30.1
809,26.961,SEARCHING,0,0,0,0,0.0000,320,240,0.350,-0.350,0,0,0,0,7783,30.2
810,26.997,SEARCHING,0,0,0,0,0.0000,320,240,0.350,-0.350,0,0,0,0,7773,30.0
811,27.029,TRACKING,1,186,172,160,0.1625,320,240,0.675,0.350,0,0,0,0,7851,30.1
812,27.061,TRACKING,1,185,171,164,0.1562,112,112,0.672,0.359,0,0,0,0,1293,30.2
813,27.097,COASTING,0,185,171,0,0.1562,112,112,0.672,0.359,0,0,0,0,1302,30.0
814,27.129,COASTING,0,185,171,0,0.1562,320,240,0.672,0.359,0,0,0,0,8941,30.1
815,27.161,COASTING,0,185,171,0,0.1562,320,240,0.672,0.359,0,0,0,0,8918,30.2
816,27.197,COASTING,0,185,171,0,0.1562,320,240,0.672,0.359,0,0,0,0,8949,30.0
817,27.229,COASTING,0,185,171,0,0.1562,320,240,0.672,0.359,0,0,0,0,7822,30.1
818,27.261,COASTING,0,185,171,0,0.1562,320,240,0.672,0.359,0,0,0,0,7783,30.2
819,27.297,COASTING,0,184,170,0,0.1500,320,240,0.669,0.369,0,0,0,0,7852,30.0
820,27.329,TRACKING,1,182,170,150,0.1375,320,240,0.663,0.388,0,0,0,0,7910,30.1
821,27.361,COASTING,0,182,170,0,0.1375,112,112,0.663,0.388,0,0,0,0,1341,30.2
822,27.397,COASTING,0,182,170,0,0.1375,320,240,0.663,0.388,0,0,0,0,7822,30.0
823,27.429,COASTING,0,182,170,0,0.1375,320,240,0.663,0.388,0,0,0,0,8978,30.1
824,27.461,COASTING,0,181,170,0,0.1312,320,240,0.660,0.398,0,0,0,0,8918,30.2
825,27.497,COASTING,0,181,170,0,0.1312,320,240,0.660,0.398,0,0,0,0,8888,30.0
826,27.529,COASTING,0,181,170,0,0.1312,320,240,0.660,0.398,0,0,0,0,7785,30.1
827,27.561,COASTING,0,181,170,0,0.1312,320,240,0.660,0.398,0,0,0,0,7859,30.2
828,27.597,COASTING,0,180,170,0,0.1250,320,240,0.658,0.408,0,0,0,0,7827,30.0
829,27.629,COASTING,0,180,170,0,0.1250,320,240,0.658,0.408,0,0,0,0,7771,30.1
830,27.661,COASTING,0,180,170,0,0.1250,320,240,0.658,0.408,0,0,0,0,7834,30.2
831,27.697,COASTING,0,180,170,0,0.1250,320,240,0.658,0.408,0,0,0,0,7839,30.0
832,27.729,COASTING,0,179,170,0,0.1187,320,240,0.655,0.417,0,0,0,0,7776,30.1
833,27.761,SEARCHING,0,0,0,0,0.0000,320,240,0.350,-0.350,0,0,0,0,7876,30.2
834,27.797,SEARCHING,0,0,0,0,0.0000,320,240,0.350,-0.350,0,0,0,0,7811,30.0
835,27.829,SEARCHING,0,0,0,0,0.0000,320,240,0.350,-0.350,0,0,0,0,9033,30.1
836,27.861,SEARCHING,0,0,0,0,0.0000,320,240,0.350,-0.350,0,0,0,0,8968,30.2
837,27.898,SEARCHING,0,0,0,0,0.0000,320,240,0.350,-0.350,0,0,0,0,9578,30.0
838,27.930,SEARCHING,0,0,0,0,0.0000,320,240,0.350,-0.350,0,0,0,0,9488,30.1
839,27.962,SEARCHING,0,0,0,0,0.0000,320,240,0.350,-0.350,0,0,0,0,9193,30.2
840,27.997,SEARCHING,0,0,0,0,0.0000,320,240,0.350,-0.350,0,0,0,0,9004,30.0
841,28.029,SEARCHING,0,0,0,0,0.0000,320,240,0.350,-0.350,0,0,0,0,6942,30.1
842,28.061,SEARCHING,0,0,0,0,0.0000,320,240,0.350,-0.350,0,0,0,0,6948,30.2
843,28.097,SEARCHING,0,0,0,0,0.0000,320,240,0.350,-0.350,0,0,0,0,6961,30.0
844,28.129,SEARCHING,0,0,0,0,0.0000,320,240,0.350,-0.350,0,0,0,0,7877,30.1
845,28.161,SEARCHING,0,0,0,0,0.0000,320,240,0.350,-0.350,0,0,0,0,7971,30.2
846,28.197,SEARCHING,0,0,0,0,0.0000,320,240,0.350,-0.350,0,0,0,0,7880,30.0
847,28.229,SEARCHING,0,0,0,0,0.0000,320,240,0.350,-0.350,0,0,0,0,7850,30.1
848,28.261,SEARCHING,0,0,0,0,0.0000,320,240,0.350,-0.350,0,0,0,0,7860,30.2
849,28.297,SEARCHING,0,0,0,0,0.0000,320,240,0.350,-0.350,0,0,0,0,7785,30.0
850,28.329,SEARCHING,0,0,0,0,0.0000,320,240,0.350,-0.350,0,0,0,0,7926,30.1
851,28.361,SEARCHING,0,0,0,0,0.0000,320,240,0.350,-0.350,0,0,0,0,7997,30.2
852,28.397,SEARCHING,0,0,0,0,0.0000,320,240,0.350,-0.350,0,0,0,0,7768,30.0
853,28.429,SEARCHING,0,0,0,0,0.0000,320,240,0.350,-0.350,0,0,0,0,7834,30.1
854,28.461,SEARCHING,0,0,0,0,0.0000,320,240,0.350,-0.350,0,0,0,0,7753,30.2
855,28.497,SEARCHING,0,0,0,0,0.0000,320,240,0.350,-0.350,0,0,0,0,7792,30.0
856,28.529,SEARCHING,0,0,0,0,0.0000,320,240,0.350,-0.350,0,0,0,0,8912,30.1
857,28.561,SEARCHING,0,0,0,0,0.0000,320,240,0.350,-0.350,0,0,0,0,8966,30.2
858,28.597,SEARCHING,0,0,0,0,0.0000,320,240,0.350,-0.350,0,0,0,0,8961,30.0
859,28.629,SEARCHING,0,0,0,0,0.0000,320,240,0.350,-0.350,0,0,0,0,7804,30.1
860,28.661,SEARCHING,0,0,0,0,0.0000,320,240,0.350,-0.350,0,0,0,0,7809,30.2
861,28.697,SEARCHING,0,0,0,0,0.0000,320,240,0.350,-0.350,0,0,0,0,7794,30.0
862,28.729,SEARCHING,0,0,0,0,0.0000,320,240,0.350,-0.350,0,0,0,0,7784,30.1
863,28.761,SEARCHING,0,0,0,0,0.0000,320,240,0.350,-0.350,0,0,0,0,7769,30.2
864,28.797,SEARCHING,0,0,0,0,0.0000,320,240,0.350,-0.350,0,0,0,0,7817,30.0
865,28.829,SEARCHING,0,0,0,0,0.0000,320,240,0.350,-0.350,0,0,0,0,7925,30.1
866,28.861,SEARCHING,0,0,0,0,0.0000,320,240,0.350,-0.350,0,0,0,0,7785,30.2
867,28.897,SEARCHING,0,0,0,0,0.0000,320,240,0.350,-0.350,0,0,0,0,7835,30.0
868,28.929,SEARCHING,0,0,0,0,0.0000,320,240,0.350,-0.350,0,0,0,0,8849,30.1
869,28.961,SEARCHING,0,0,0,0,0.0000,320,240,0.350,-0.350,0,0,0,0,9148,30.2
870,28.998,SEARCHING,0,0,0,0,0.0000,320,240,0.350,-0.350,0,0,0,0,9473,30.0
871,29.030,SEARCHING,0,0,0,0,0.0000,320,240,0.350,-0.350,0,0,0,0,8445,30.1
872,29.061,SEARCHING,0,0,0,0,0.0000,320,240,0.350,-0.350,0,0,0,0,7850,30.2
873,29.097,SEARCHING,0,0,0,0,0.0000,320,240,0.350,-0.350,0,0,0,0,8302,30.0
874,29.129,SEARCHING,0,0,0,0,0.0000,320,240,0.350,-0.350,0,0,0,0,7845,30.1
875,29.161,SEARCHING,0,0,0,0,0.0000,320,240,0.350,-0.350,0,0,0,0,7877,30.2
876,29.197,SEARCHING,0,0,0,0,0.0000,320,240,0.350,-0.350,0,0,0,0,7797,30.0
877,29.229,SEARCHING,0,0,0,0,0.0000,320,240,0.350,-0.350,0,0,0,0,7796,30.1
878,29.261,SEARCHING,0,0,0,0,0.0000,320,240,0.350,-0.350,0,0,0,0,8164,30.2
879,29.297,SEARCHING,0,0,0,0,0.0000,320,240,0.350,-0.350,0,0,0,0,7826,30.0
880,29.329,SEARCHING,0,0,0,0,0.0000,320,240,0.350,-0.350,0,0,0,0,7803,30.1
881,29.361,SEARCHING,0,0,0,0,0.0000,320,240,0.350,-0.350,0,0,0,0,7794,30.2
882,29.397,SEARCHING,0,0,0,0,0.0000,320,240,0.350,-0.350,0,0,0,0,7825,30.0
883,29.429,SEARCHING,0,0,0,0,0.0000,320,240,0.350,-0.350,0,0,0,0,7791,30.1
884,29.461,SEARCHING,0,0,0,0,0.0000,320,240,0.350,-0.350,0,0,0,0,7773,30.2
885,29.497,SEARCHING,0,0,0,0,0.0000,320,240,0.350,-0.350,0,0,0,0,7764,30.0
886,29.529,SEARCHING,0,0,0,0,0.0000,320,240,0.350,-0.350,0,0,0,0,7969,30.1
887,29.561,SEARCHING,0,0,0,0,0.0000,320,240,0.350,-0.350,0,0,0,0,7923,30.2
888,29.597,SEARCHING,0,0,0,0,0.0000,320,240,0.350,-0.350,0,0,0,0,7797,30.0
889,29.629,SEARCHING,0,0,0,0,0.0000,320,240,0.350,-0.350,0,0,0,0,8434,30.1
890,29.661,SEARCHING,0,0,0,0,0.0000,320,240,0.350,-0.350,0,0,0,0,9031,30.2
891,29.697,SEARCHING,0,0,0,0,0.0000,320,240,0.350,-0.350,0,0,0,0,8974,30.0
892,29.729,SEARCHING,0,0,0,0,0.0000,320,240,0.350,-0.350,0,0,0,0,8584,30.1
893,29.761,SEARCHING,0,0,0,0,0.0000,320,240,0.350,-0.350,0,0,0,0,7773,30.2
894,29.797,SEARCHING,0,0,0,0,0.0000,320,240,0.350,-0.350,0,0,0,0,7820,30.0
895,29.829,SEARCHING,0,0,0,0,0.0000,320,240,0.350,-0.350,0,0,0,0,7907,30.1
896,29.861,SEARCHING,0,0,0,0,0.0000,320,240,0.350,-0.350,0,0,0,0,7827,30.2
897,29.897,SEARCHING,0,0,0,0,0.0000,320,240,0.350,-0.350,0,0,0,0,7803,30.0
898,29.929,SEARCHING,0,0,0,0,0.0000,320,240,0.350,-0.350,0,0,0,0,7794,30.1
899,29.961,SEARCHING,0,0,0,0,0.0000,320,240,0.350,-0.350,0,0,0,0,7788,30.2
900,29.997,SEARCHING,0,0,0,0,0.0000,320,240,0.350,-0.350,0,0,0,0,7727,30.0
901,30.029,SEARCHING,0,0,0,0,0.0000,320,240,0.350,-0.350,0,0,0,0,8130,30.1
902,30.063,SEARCHING,0,0,0,0,0.0000,320,240,0.350,-0.350,0,0,0,0,8380,30.1
903,30.097,SEARCHING,0,0,0,0,0.0000,320,240,0.350,-0.350,0,0,0,0,8441,30.0
904,30.129,SEARCHING,0,0,0,0,0.0000,320,240,0.350,-0.350,0,0,0,0,7909,30.1
905,30.161,SEARCHING,0,0,0,0,0.0000,320,240,0.350,-0.350,0,0,0,0,6924,30.2
906,30.197,SEARCHING,0,0,0,0,0.0000,320,240,0.350,-0.350,0,0,0,0,6903,30.0
907,30.229,SEARCHING,0,0,0,0,0.0000,320,240,0.350,-0.350,0,0,0,0,6944,30.1
908,30.261,SEARCHING,0,0,0,0,0.0000,320,240,0.350,-0.350,0,0,0,0,8981,30.2
909,30.297,SEARCHING,0,0,0,0,0.0000,320,240,0.350,-0.350,0,0,0,0,8959,30.0
910,30.329,SEARCHING,0,0,0,0,0.0000,320,240,0.350,-0.350,0,0,0,0,9066,30.1
911,30.361,SEARCHING,0,0,0,0,0.0000,320,240,0.350,-0.350,0,0,0,0,7774,30.2
912,30.397,SEARCHING,0,0,0,0,0.0000,320,240,0.350,-0.350,0,0,0,0,7891,30.0
913,30.429,SEARCHING,0,0,0,0,0.0000,320,240,0.350,-0.350,0,0,0,0,7878,30.1
914,30.461,SEARCHING,0,0,0,0,0.0000,320,240,0.350,-0.350,0,0,0,0,7799,30.2
915,30.497,SEARCHING,0,0,0,0,0.0000,320,240,0.350,-0.350,0,0,0,0,7821,30.0
916,30.529,SEARCHING,0,0,0,0,0.0000,320,240,0.350,-0.350,0,0,0,0,7808,30.1
917,30.561,SEARCHING,0,0,0,0,0.0000,320,240,0.350,-0.350,0,0,0,0,7943,30.2
918,30.597,SEARCHING,0,0,0,0,0.0000,320,240,0.350,-0.350,0,0,0,0,7953,30.0
919,30.629,SEARCHING,0,0,0,0,0.0000,320,240,0.350,-0.350,0,0,0,0,7783,30.1
920,30.661,SEARCHING,0,0,0,0,0.0000,320,240,0.350,-0.350,0,0,0,0,9037,30.2
921,30.697,SEARCHING,0,0,0,0,0.0000,320,240,0.350,-0.350,0,0,0,0,8924,30.0
922,30.729,SEARCHING,0,0,0,0,0.0000,320,240,0.350,-0.350,0,0,0,0,8989,30.1
923,30.761,SEARCHING,0,0,0,0,0.0000,320,240,0.350,-0.350,0,0,0,0,7902,30.2
924,30.797,SEARCHING,0,0,0,0,0.0000,320,240,0.350,-0.350,0,0,0,0,7741,30.0
925,30.829,SEARCHING,0,0,0,0,0.0000,320,240,0.350,-0.350,0,0,0,0,7870,30.1
926,30.861,SEARCHING,0,0,0,0,0.0000,320,240,0.350,-0.350,0,0,0,0,8953,30.2
927,30.897,SEARCHING,0,0,0,0,0.0000,320,240,0.350,-0.350,0,0,0,0,8889,30.0
928,30.929,SEARCHING,0,0,0,0,0.0000,320,240,0.350,-0.350,0,0,0,0,8896,30.1
929,30.961,SEARCHING,0,0,0,0,0.0000,320,240,0.350,-0.350,0,0,0,0,7828,30.2
930,30.997,SEARCHING,0,0,0,0,0.0000,320,240,0.350,-0.350,0,0,0,0,7824,30.0
931,31.029,SEARCHING,0,0,0,0,0.0000,320,240,0.350,-0.350,0,0,0,0,7895,30.1
932,31.061,SEARCHING,0,0,0,0,0.0000,320,240,0.350,-0.350,0,0,0,0,7823,30.2
933,31.097,SEARCHING,0,0,0,0,0.0000,320,240,0.350,-0.350,0,0,0,0,8215,30.0
934,31.130,SEARCHING,0,0,0,0,0.0000,320,240,0.350,-0.350,0,0,0,0,8394,30.1
935,31.162,SEARCHING,0,0,0,0,0.0000,320,240,0.350,-0.350,0,0,0,0,8365,30.2
936,31.197,SEARCHING,0,0,0,0,0.0000,320,240,0.350,-0.350,0,0,0,0,7790,30.0
937,31.229,SEARCHING,0,0,0,0,0.0000,320,240,0.350,-0.350,0,0,0,0,7859,30.1
938,31.261,SEARCHING,0,0,0,0,0.0000,320,240,0.350,-0.350,0,0,0,0,7865,30.2
939,31.297,SEARCHING,0,0,0,0,0.0000,320,240,0.350,-0.350,0,0,0,0,7780,30.0
940,31.329,SEARCHING,0,0,0,0,0.0000,320,240,0.350,-0.350,0,0,0,0,7888,30.1
941,31.361,SEARCHING,0,0,0,0,0.0000,320,240,0.350,-0.350,0,0,0,0,7780,30.2
942,31.397,SEARCHING,0,0,0,0,0.0000,320,240,0.350,-0.350,0,0,0,0,7785,30.0
943,31.429,SEARCHING,0,0,0,0,0.0000,320,240,0.350,-0.350,0,0,0,0,7830,30.1
944,31.461,SEARCHING,0,0,0,0,0.0000,320,240,0.350,-0.350,0,0,0,0,7796,30.2
945,31.497,SEARCHING,0,0,0,0,0.0000,320,240,0.350,-0.350,0,0,0,0,7809,30.0
946,31.529,SEARCHING,0,0,0,0,0.0000,320,240,0.350,-0.350,0,0,0,0,7845,30.1
947,31.561,SEARCHING,0,0,0,0,0.0000,320,240,0.350,-0.350,0,0,0,0,7825,30.2
948,31.597,SEARCHING,0,0,0,0,0.0000,320,240,0.350,-0.350,0,0,0,0,7911,30.0
949,31.629,SEARCHING,0,0,0,0,0.0000,320,240,0.350,-0.350,0,0,0,0,7783,30.1
950,31.661,SEARCHING,0,0,0,0,0.0000,320,240,0.350,-0.350,0,0,0,0,7822,30.2
951,31.697,SEARCHING,0,0,0,0,0.0000,320,240,0.350,-0.350,0,0,0,0,7858,30.0
952,31.729,SEARCHING,0,0,0,0,0.0000,320,240,0.350,-0.350,0,0,0,0,7803,30.1
953,31.761,SEARCHING,0,0,0,0,0.0000,320,240,0.350,-0.350,0,0,0,0,7751,30.2
954,31.797,SEARCHING,0,0,0,0,0.0000,320,240,0.350,-0.350,0,0,0,0,7819,30.0
955,31.829,SEARCHING,0,0,0,0,0.0000,320,240,0.350,-0.350,0,0,0,0,7820,30.1
956,31.861,SEARCHING,0,0,0,0,0.0000,320,240,0.350,-0.350,0,0,0,0,7780,30.2
957,31.897,SEARCHING,0,0,0,0,0.0000,320,240,0.350,-0.350,0,0,0,0,7780,30.0
958,31.929,SEARCHING,0,0,0,0,0.0000,320,240,0.350,-0.350,0,0,0,0,7833,30.1
959,31.961,SEARCHING,0,0,0,0,0.0000,320,240,0.350,-0.350,0,0,0,0,7882,30.2
960,31.997,SEARCHING,0,0,0,0,0.0000,320,240,0.350,-0.350,0,0,0,0,7911,30.0
961,32.029,SEARCHING,0,0,0,0,0.0000,320,240,0.350,-0.350,0,0,0,0,7752,30.1
962,32.062,SEARCHING,0,0,0,0,0.0000,320,240,0.350,-0.350,0,0,0,0,7856,30.2
963,32.097,SEARCHING,0,0,0,0,0.0000,320,240,0.350,-0.350,0,0,0,0,8060,30.0
964,32.129,SEARCHING,0,0,0,0,0.0000,320,240,0.350,-0.350,0,0,0,0,7821,30.1
965,32.161,SEARCHING,0,0,0,0,0.0000,320,240,0.350,-0.350,0,0,0,0,7844,30.2
966,32.198,SEARCHING,0,0,0,0,0.0000,320,240,0.350,-0.350,0,0,0,0,8363,30.0
967,32.230,SEARCHING,0,0,0,0,0.0000,320,240,0.350,-0.350,0,0,0,0,8241,30.1
968,32.261,SEARCHING,0,0,0,0,0.0000,320,240,0.350,-0.350,0,0,0,0,7854,30.2
969,32.297,SEARCHING,0,0,0,0,0.0000,320,240,0.350,-0.350,0,0,0,0,7782,30.0
970,32.329,SEARCHING,0,0,0,0,0.0000,320,240,0.350,-0.350,0,0,0,0,7948,30.1
971,32.361,SEARCHING,0,0,0,0,0.0000,320,240,0.350,-0.350,0,0,0,0,8277,30.2
972,32.397,SEARCHING,0,0,0,0,0.0000,320,240,0.350,-0.350,0,0,0,0,8897,30.0
973,32.429,SEARCHING,0,0,0,0,0.0000,320,240,0.350,-0.350,0,0,0,0,8972,30.1
974,32.461,SEARCHING,0,0,0,0,0.0000,320,240,0.350,-0.350,0,0,0,0,8348,30.2
975,32.497,SEARCHING,0,0,0,0,0.0000,320,240,0.350,-0.350,0,0,0,0,7793,30.0
976,32.529,SEARCHING,0,0,0,0,0.0000,320,240,0.350,-0.350,0,0,0,0,7884,30.1
977,32.561,SEARCHING,0,0,0,0,0.0000,320,240,0.350,-0.350,0,0,0,0,7766,30.2
978,32.597,SEARCHING,0,0,0,0,0.0000,320,240,0.350,-0.350,0,0,0,0,7789,30.0
979,32.629,SEARCHING,0,0,0,0,0.0000,320,240,0.350,-0.350,0,0,0,0,7943,30.1
980,32.661,SEARCHING,0,0,0,0,0.0000,320,240,0.350,-0.350,0,0,0,0,7952,30.2
981,32.697,SEARCHING,0,0,0,0,0.0000,320,240,0.350,-0.350,0,0,0,0,7813,30.0
982,32.729,SEARCHING,0,0,0,0,0.0000,320,240,0.350,-0.350,0,0,0,0,7783,30.1
983,32.761,SEARCHING,0,0,0,0,0.0000,320,240,0.350,-0.350,0,0,0,0,7839,30.2
984,32.797,SEARCHING,0,0,0,0,0.0000,320,240,0.350,-0.350,0,0,0,0,7787,30.0
985,32.829,SEARCHING,0,0,0,0,0.0000,320,240,0.350,-0.350,0,0,0,0,7837,30.1
986,32.861,SEARCHING,0,0,0,0,0.0000,320,240,0.350,-0.350,0,0,0,0,7831,30.2
987,32.897,SEARCHING,0,0,0,0,0.0000,320,240,0.350,-0.350,0,0,0,0,7776,30.0
988,32.929,SEARCHING,0,0,0,0,0.0000,320,240,0.350,-0.350,0,0,0,0,7776,30.1
989,32.961,SEARCHING,0,0,0,0,0.0000,320,240,0.350,-0.350,0,0,0,0,7821,30.2
990,32.997,SEARCHING,0,0,0,0,0.0000,320,240,0.350,-0.350,0,0,0,0,8910,30.0
991,33.029,SEARCHING,0,0,0,0,0.0000,320,240,0.350,-0.350,0,0,0,0,8859,30.1
992,33.061,SEARCHING,0,0,0,0,0.0000,320,240,0.350,-0.350,0,0,0,0,8988,30.2
993,33.097,SEARCHING,0,0,0,0,0.0000,320,240,0.350,-0.350,0,0,0,0,8246,30.0
994,33.129,SEARCHING,0,0,0,0,0.0000,320,240,0.350,-0.350,0,0,0,0,7866,30.1
995,33.161,SEARCHING,0,0,0,0,0.0000,320,240,0.350,-0.350,0,0,0,0,7806,30.2
996,33.197,SEARCHING,0,0,0,0,0.0000,320,240,0.350,-0.350,0,0,0,0,7779,30.0
997,33.229,SEARCHING,0,0,0,0,0.0000,320,240,0.350,-0.350,0,0,0,0,7795,30.1
998,33.262,SEARCHING,0,0,0,0,0.0000,320,240,0.350,-0.350,0,0,0,0,8334,30.2
999,33.298,SEARCHING,0,0,0,0,0.0000,320,240,0.350,-0.350,0,0,0,0,8371,30.0
1000,33.329,SEARCHING,0,0,0,0,0.0000,320,240,0.350,-0.350,0,0,0,0,7874,30.1
1001,33.361,SEARCHING,0,0,0,0,0.0000,320,240,0.350,-0.350,0,0,0,0,7794,30.2
1002,33.397,SEARCHING,0,0,0,0,0.0000,320,240,0.350,-0.350,0,0,0,0,7752,30.0
1003,33.429,SEARCHING,0,0,0,0,0.0000,320,240,0.350,-0.350,0,0,0,0,7783,30.1
1004,33.461,SEARCHING,0,0,0,0,0.0000,320,240,0.350,-0.350,0,0,0,0,7870,30.2
1005,33.497,SEARCHING,0,0,0,0,0.0000,320,240,0.350,-0.350,0,0,0,0,7815,30.0
1006,33.529,SEARCHING,0,0,0,0,0.0000,320,240,0.350,-0.350,0,0,0,0,7795,30.1
1007,33.561,SEARCHING,0,0,0,0,0.0000,320,240,0.350,-0.350,0,0,0,0,7801,30.2
1008,33.597,SEARCHING,0,0,0,0,0.0000,320,240,0.350,-0.350,0,0,0,0,9066,30.0
1009,33.629,SEARCHING,0,0,0,0,0.0000,320,240,0.350,-0.350,0,0,0,0,8957,30.1
1010,33.661,SEARCHING,0,0,0,0,0.0000,320,240,0.350,-0.350,0,0,0,0,8947,30.2
1011,33.697,SEARCHING,0,0,0,0,0.0000,320,240,0.350,-0.350,0,0,0,0,7833,30.0
1012,33.729,SEARCHING,0,0,0,0,0.0000,320,240,0.350,-0.350,0,0,0,0,7900,30.1
1013,33.761,SEARCHING,0,0,0,0,0.0000,320,240,0.350,-0.350,0,0,0,0,7885,30.2
1014,33.797,SEARCHING,0,0,0,0,0.0000,320,240,0.350,-0.350,0,0,0,0,7854,30.0
1015,33.829,SEARCHING,0,0,0,0,0.0000,320,240,0.350,-0.350,0,0,0,0,7850,30.1
1016,33.861,SEARCHING,0,0,0,0,0.0000,320,240,0.350,-0.350,0,0,0,0,7853,30.2
1017,33.897,SEARCHING,0,0,0,0,0.0000,320,240,0.350,-0.350,0,0,0,0,7867,30.0
1018,33.929,SEARCHING,0,0,0,0,0.0000,320,240,0.350,-0.350,0,0,0,0,7827,30.1
1019,33.961,SEARCHING,0,0,0,0,0.0000,320,240,0.350,-0.350,0,0,0,0,7785,30.2
1020,33.997,SEARCHING,0,0,0,0,0.0000,320,240,0.350,-0.350,0,0,0,0,7833,30.0
1021,34.029,SEARCHING,0,0,0,0,0.0000,320,240,0.350,-0.350,0,0,0,0,7769,30.1
1022,34.061,SEARCHING,0,0,0,0,0.0000,320,240,0.350,-0.350,0,0,0,0,7811,30.2
1023,34.097,SEARCHING,0,0,0,0,0.0000,320,240,0.350,-0.350,0,0,0,0,8079,30.0
1024,34.129,SEARCHING,0,0,0,0,0.0000,320,240,0.350,-0.350,0,0,0,0,7919,30.1
1025,34.161,SEARCHING,0,0,0,0,0.0000,320,240,0.350,-0.350,0,0,0,0,7912,30.2
1026,34.197,SEARCHING,0,0,0,0,0.0000,320,240,0.350,-0.350,0,0,0,0,7927,30.0
1027,34.229,SEARCHING,0,0,0,0,0.0000,320,240,0.350,-0.350,0,0,0,0,7859,30.1
1028,34.261,SEARCHING,0,0,0,0,0.0000,320,240,0.350,-0.350,0,0,0,0,7794,30.2
1029,34.297,SEARCHING,0,0,0,0,0.0000,320,240,0.350,-0.350,0,0,0,0,7853,30.0
1030,34.330,SEARCHING,0,0,0,0,0.0000,320,240,0.350,-0.350,0,0,0,0,8390,30.1
1031,34.362,SEARCHING,0,0,0,0,0.0000,320,240,0.350,-0.350,0,0,0,0,8243,30.2
1032,34.397,SEARCHING,0,0,0,0,0.0000,320,240,0.350,-0.350,0,0,0,0,7886,30.0
1033,34.429,SEARCHING,0,0,0,0,0.0000,320,240,0.350,-0.350,0,0,0,0,7823,30.1
1034,34.461,SEARCHING,0,0,0,0,0.0000,320,240,0.350,-0.350,0,0,0,0,7929,30.2
1035,34.497,SEARCHING,0,0,0,0,0.0000,320,240,0.350,-0.350,0,0,0,0,8985,30.0
1036,34.529,SEARCHING,0,0,0,0,0.0000,320,240,0.350,-0.350,0,0,0,0,8964,30.1
1037,34.561,SEARCHING,0,0,0,0,0.0000,320,240,0.350,-0.350,0,0,0,0,8865,30.2
1038,34.597,SEARCHING,0,0,0,0,0.0000,320,240,0.350,-0.350,0,0,0,0,8000,30.0
1039,34.629,SEARCHING,0,0,0,0,0.0000,320,240,0.350,-0.350,0,0,0,0,7856,30.1
1040,34.661,SEARCHING,0,0,0,0,0.0000,320,240,0.350,-0.350,0,0,0,0,7771,30.2
1041,34.698,SEARCHING,0,0,0,0,0.0000,320,240,0.350,-0.350,0,0,0,0,8962,30.0
1042,34.729,SEARCHING,0,0,0,0,0.0000,320,240,0.350,-0.350,0,0,0,0,9027,30.1
1043,34.761,SEARCHING,0,0,0,0,0.0000,320,240,0.350,-0.350,0,0,0,0,8939,30.2
1044,34.798,SEARCHING,0,0,0,0,0.0000,320,240,0.350,-0.350,0,0,0,0,7997,30.0
1045,34.829,SEARCHING,0,0,0,0,0.0000,320,240,0.350,-0.350,0,0,0,0,7904,30.1
1046,34.861,SEARCHING,0,0,0,0,0.0000,320,240,0.350,-0.350,0,0,0,0,7772,30.2
1047,34.897,SEARCHING,0,0,0,0,0.0000,320,240,0.350,-0.350,0,0,0,0,7852,30.0
1048,34.929,SEARCHING,0,0,0,0,0.0000,320,240,0.350,-0.350,0,0,0,0,7822,30.1
1049,34.961,SEARCHING,0,0,0,0,0.0000,320,240,0.350,-0.350,0,0,0,0,7848,30.2
1050,34.997,SEARCHING,0,0,0,0,0.0000,320,240,0.350,-0.350,0,0,0,0,7834,30.0
1051,35.029,SEARCHING,0,0,0,0,0.0000,320,240,0.350,-0.350,0,0,0,0,7910,30.1
1052,35.062,SEARCHING,0,0,0,0,0.0000,320,240,0.350,-0.350,0,0,0,0,7837,30.2
1053,35.097,SEARCHING,0,0,0,0,0.0000,320,240,0.350,-0.350,0,0,0,0,8063,30.0
1054,35.129,SEARCHING,0,0,0,0,0.0000,320,240,0.350,-0.350,0,0,0,0,7880,30.1
1055,35.161,SEARCHING,0,0,0,0,0.0000,320,240,0.350,-0.350,0,0,0,0,7916,30.2
1056,35.197,SEARCHING,0,0,0,0,0.0000,320,240,0.350,-0.350,0,0,0,0,7889,30.0
1057,35.229,SEARCHING,0,0,0,0,0.0000,320,240,0.350,-0.350,0,0,0,0,7819,30.1
1058,35.261,SEARCHING,0,0,0,0,0.0000,320,240,0.350,-0.350,0,0,0,0,7786,30.2
1059,35.297,SEARCHING,0,0,0,0,0.0000,320,240,0.350,-0.350,0,0,0,0,7837,30.0
1060,35.329,SEARCHING,0,0,0,0,0.0000,320,240,0.350,-0.350,0,0,0,0,7969,30.1
1061,35.361,SEARCHING,0,0,0,0,0.0000,320,240,0.350,-0.350,0,0,0,0,7823,30.2
1062,35.398,SEARCHING,0,0,0,0,0.0000,320,240,0.350,-0.350,0,0,0,0,8436,30.0
1063,35.430,SEARCHING,0,0,0,0,0.0000,320,240,0.350,-0.350,0,0,0,0,8261,30.1
1064,35.465,SEARCHING,0,0,0,0,0.0000,320,240,0.350,-0.350,0,0,0,0,7772,29.9
1065,35.497,SEARCHING,0,0,0,0,0.0000,320,240,0.350,-0.350,0,0,0,0,7974,30.0
1066,35.529,SEARCHING,0,0,0,0,0.0000,320,240,0.350,-0.350,0,0,0,0,7779,30.1
1067,35.561,SEARCHING,0,0,0,0,0.0000,320,240,0.350,-0.350,0,0,0,0,7785,30.2
1068,35.597,SEARCHING,0,0,0,0,0.0000,320,240,0.350,-0.350,0,0,0,0,7887,30.0
1069,35.629,SEARCHING,0,0,0,0,0.0000,320,240,0.350,-0.350,0,0,0,0,7846,30.1
1070,35.665,SEARCHING,0,0,0,0,0.0000,320,240,0.350,-0.350,0,0,0,0,7797,29.9
1071,35.697,SEARCHING,0,0,0,0,0.0000,320,240,0.350,-0.350,0,0,0,0,7989,30.0
1072,35.729,SEARCHING,0,0,0,0,0.0000,320,240,0.350,-0.350,0,0,0,0,7834,30.1
1073,35.761,SEARCHING,0,0,0,0,0.0000,320,240,0.350,-0.350,0,0,0,0,7897,30.2
1074,35.797,SEARCHING,0,0,0,0,0.0000,320,240,0.350,-0.350,0,0,0,0,7802,30.0
1075,35.829,SEARCHING,0,0,0,0,0.0000,320,240,0.350,-0.350,0,0,0,0,8068,30.1
1076,35.865,SEARCHING,0,0,0,0,0.0000,320,240,0.350,-0.350,0,0,0,0,7798,29.9
1077,35.897,SEARCHING,0,0,0,0,0.0000,320,240,0.350,-0.350,0,0,0,0,7811,30.0
1078,35.929,SEARCHING,0,0,0,0,0.0000,320,240,0.350,-0.350,0,0,0,0,7802,30.2
1079,35.961,SEARCHING,0,0,0,0,0.0000,320,240,0.350,-0.350,0,0,0,0,7823,30.3
1080,35.997,SEARCHING,0,0,0,0,0.0000,320,240,0.350,-0.350,0,0,0,0,7869,30.0
1081,36.029,SEARCHING,0,0,0,0,0.0000,320,240,0.350,-0.350,0,0,0,0,7780,30.1
1082,36.065,SEARCHING,0,0,0,0,0.0000,320,240,0.350,-0.350,0,0,0,0,8084,29.9
1083,36.097,SEARCHING,0,0,0,0,0.0000,320,240,0.350,-0.350,0,0,0,0,8234,30.0
1084,36.129,SEARCHING,0,0,0,0,0.0000,320,240,0.350,-0.350,0,0,0,0,7868,30.2
1085,36.161,SEARCHING,0,0,0,0,0.0000,320,240,0.350,-0.350,0,0,0,0,7798,30.3
1086,36.197,SEARCHING,0,0,0,0,0.0000,320,240,0.350,-0.350,0,0,0,0,7776,30.0
1087,36.229,SEARCHING,0,0,0,0,0.0000,320,240,0.350,-0.350,0,0,0,0,7808,30.1
1088,36.265,SEARCHING,0,0,0,0,0.0000,320,240,0.350,-0.350,0,0,0,0,7915,29.9
1089,36.297,SEARCHING,0,0,0,0,0.0000,320,240,0.350,-0.350,0,0,0,0,7818,30.0
1090,36.329,SEARCHING,0,0,0,0,0.0000,320,240,0.350,-0.350,0,0,0,0,7869,30.2
1091,36.361,SEARCHING,0,0,0,0,0.0000,320,240,0.350,-0.350,0,0,0,0,7765,30.3
1092,36.397,SEARCHING,0,0,0,0,0.0000,320,240,0.350,-0.350,0,0,0,0,7843,30.0
1093,36.429,SEARCHING,0,0,0,0,0.0000,320,240,0.350,-0.350,0,0,0,0,7877,30.1
1094,36.466,SEARCHING,0,0,0,0,0.0000,320,240,0.350,-0.350,0,0,0,0,8347,29.9
1095,36.498,SEARCHING,0,0,0,0,0.0000,320,240,0.350,-0.350,0,0,0,0,8233,30.0
1096,36.530,SEARCHING,0,0,0,0,0.0000,320,240,0.350,-0.350,0,0,0,0,7926,30.2
1097,36.561,SEARCHING,0,0,0,0,0.0000,320,240,0.350,-0.350,0,0,0,0,7905,30.3
1098,36.597,SEARCHING,0,0,0,0,0.0000,320,240,0.350,-0.350,0,0,0,0,7865,30.0
1099,36.629,SEARCHING,0,0,0,0,0.0000,320,240,0.350,-0.350,0,0,0,0,7880,30.1
1100,36.665,SEARCHING,0,0,0,0,0.0000,320,240,0.350,-0.350,0,0,0,0,7840,29.9
1101,36.697,SEARCHING,0,0,0,0,0.0000,320,240,0.350,-0.350,0,0,0,0,7781,30.0
1102,36.729,SEARCHING,0,0,0,0,0.0000,320,240,0.350,-0.350,0,0,0,0,7773,30.2
1103,36.761,SEARCHING,0,0,0,0,0.0000,320,240,0.350,-0.350,0,0,0,0,7804,30.3
1104,36.797,SEARCHING,0,0,0,0,0.0000,320,240,0.350,-0.350,0,0,0,0,7829,30.0
1105,36.829,SEARCHING,0,0,0,0,0.0000,320,240,0.350,-0.350,0,0,0,0,8058,30.1
1106,36.865,SEARCHING,0,0,0,0,0.0000,320,240,0.350,-0.350,0,0,0,0,7849,29.9
1107,36.897,SEARCHING,0,0,0,0,0.0000,320,240,0.350,-0.350,0,0,0,0,7829,30.0
1108,36.929,SEARCHING,0,0,0,0,0.0000,320,240,0.350,-0.350,0,0,0,0,7817,30.2
1109,36.961,SEARCHING,0,0,0,0,0.0000,320,240,0.350,-0.350,0,0,0,0,7838,30.3
1110,36.997,SEARCHING,0,0,0,0,0.0000,320,240,0.350,-0.350,0,0,0,0,7779,30.0
1111,37.029,SEARCHING,0,0,0,0,0.0000,320,240,0.350,-0.350,0,0,0,0,7868,30.1
1112,37.065,SEARCHING,0,0,0,0,0.0000,320,240,0.350,-0.350,0,0,0,0,7815,29.9
1113,37.097,SEARCHING,0,0,0,0,0.0000,320,240,0.350,-0.350,0,0,0,0,8094,30.0
1114,37.129,SEARCHING,0,0,0,0,0.0000,320,240,0.350,-0.350,0,0,0,0,7840,30.2
1115,37.161,SEARCHING,0,0,0,0,0.0000,320,240,0.350,-0.350,0,0,0,0,7864,30.3
1116,37.197,SEARCHING,0,0,0,0,0.0000,320,240,0.350,-0.350,0,0,0,0,7733,30.0
1117,37.229,SEARCHING,0,0,0,0,0.0000,320,240,0.350,-0.350,0,0,0,0,7869,30.1
1118,37.265,SEARCHING,0,0,0,0,0.0000,320,240,0.350,-0.350,0,0,0,0,7824,29.9
1119,37.297,SEARCHING,0,0,0,0,0.0000,320,240,0.350,-0.350,0,0,0,0,7804,30.0
1120,37.329,SEARCHING,0,0,0,0,0.0000,320,240,0.350,-0.350,0,0,0,0,8985,30.2
1121,37.361,SEARCHING,0,0,0,0,0.0000,320,240,0.350,-0.350,0,0,0,0,8952,30.3
1122,37.397,SEARCHING,0,0,0,0,0.0000,320,240,0.350,-0.350,0,0,0,0,8954,30.0
1123,37.429,SEARCHING,0,0,0,0,0.0000,320,240,0.350,-0.350,0,0,0,0,7869,30.1
1124,37.465,SEARCHING,0,0,0,0,0.0000,320,240,0.350,-0.350,0,0,0,0,7828,29.9
1125,37.497,SEARCHING,0,0,0,0,0.0000,320,240,0.350,-0.350,0,0,0,0,7926,30.0
1126,37.530,SEARCHING,0,0,0,0,0.0000,320,240,0.350,-0.350,0,0,0,0,8796,30.1
1127,37.562,SEARCHING,0,0,0,0,0.0000,320,240,0.350,-0.350,0,0,0,0,8329,30.3
1128,37.597,SEARCHING,0,0,0,0,0.0000,320,240,0.350,-0.350,0,0,0,0,7880,30.0
1129,37.629,SEARCHING,0,0,0,0,0.0000,320,240,0.350,-0.350,0,0,0,0,7842,30.1
1130,37.665,SEARCHING,0,0,0,0,0.0000,320,240,0.350,-0.350,0,0,0,0,7839,29.9
1131,37.697,SEARCHING,0,0,0,0,0.0000,320,240,0.350,-0.350,0,0,0,0,7797,30.0
1132,37.729,SEARCHING,0,0,0,0,0.0000,320,240,0.350,-0.350,0,0,0,0,7812,30.2
1133,37.761,SEARCHING,0,0,0,0,0.0000,320,240,0.350,-0.350,0,0,0,0,7760,30.3
1134,37.797,TRACKING,1,178,166,218,0.1125,320,240,0.652,0.427,0,0,0,0,7845,30.0
1135,37.829,TRACKING,1,178,165,230,0.1125,112,123,0.652,0.427,0,0,0,0,1632,30.1
1136,37.865,TRACKING,1,177,164,236,0.1063,112,123,0.649,0.436,0,0,0,0,1608,29.9
1137,37.897,TRACKING,1,177,163,223,0.1063,112,122,0.649,0.436,0,0,0,0,1667,30.0
1138,37.929,TRACKING,1,178,162,224,0.1125,112,120,0.652,0.427,0,0,0,0,1614,30.2
1139,37.961,TRACKING,1,179,161,200,0.1187,112,120,0.655,0.417,0,0,0,0,1579,30.3
1140,37.997,TRACKING,1,180,159,215,0.1250,112,117,0.658,0.408,0,0,0,0,1530,30.0
1141,38.029,TRACKING,1,181,159,222,0.1312,112,116,0.660,0.398,0,0,0,0,1562,30.1
1142,38.065,TRACKING,1,181,159,208,0.1312,112,116,0.660,0.398,0,0,0,0,1537,29.9
1143,38.097,TRACKING,1,180,158,221,0.1250,112,115,0.658,0.408,0,0,0,0,1588,30.0
1144,38.129,TRACKING,1,179,158,227,0.1187,112,117,0.655,0.417,0,0,0,0,1586,30.2
1145,38.161,TRACKING,1,178,159,195,0.1125,112,117,0.652,0.427,0,0,0,0,1535,30.3
1146,38.197,TRACKING,1,176,160,185,0.1000,112,116,0.646,0.446,0,0,0,0,1564,30.0
1147,38.229,TRACKING,1,174,161,209,0.0875,112,115,0.640,0.465,0,0,0,0,1637,30.1
1148,38.265,TRACKING,1,172,161,229,0.0750,112,117,0.635,0.485,0,0,0,0,1859,29.9
1149,38.297,TRACKING,1,172,162,205,0.0750,112,117,0.635,0.485,0,0,0,0,1866,30.0
1150,38.330,TRACKING,1,171,163,177,0.0688,112,116,0.632,0.494,0,0,0,0,1741,30.2
1151,38.361,TRACKING,1,170,163,164,0.0625,112,113,0.629,0.504,0,0,0,0,1516,30.3
1152,38.397,COASTING,0,169,163,0,0.0562,112,112,0.626,0.513,0,0,0,0,1513,30.0
1153,38.430,COASTING,0,168,164,0,0.0500,320,240,0.623,0.523,0,0,0,0,10433,30.1
1154,38.465,COASTING,0,167,164,0,0.0437,320,240,0.620,0.533,0,0,0,0,10422,29.9
1155,38.497,COASTING,0,166,165,0,0.0375,320,240,0.617,0.542,0,0,0,0,10522,30.0
1156,38.530,COASTING,0,165,165,0,0.0312,320,240,0.614,0.552,0,0,0,0,8089,30.1
1157,38.561,COASTING,0,164,165,0,0.0250,320,240,0.612,0.562,0,0,0,0,7830,30.3
1158,38.598,COASTING,0,163,166,0,0.0188,320,240,0.609,0.571,0,0,0,0,8555,30.0
1159,38.630,COASTING,0,162,166,0,0.0125,320,240,0.606,0.581,0,0,0,0,8394,30.1
1160,38.665,COASTING,0,161,166,0,0.0063,320,240,0.603,0.590,0,0,0,0,7840,29.9
1161,38.697,COASTING,0,160,167,0,0.0000,320,240,0.600,0.600,0,0,0,0,7824,30.0
1162,38.729,COASTING,0,159,167,0,-0.0063,320,240,0.590,0.603,0,0,0,0,7839,30.2
1163,38.761,COASTING,0,158,167,0,-0.0125,320,240,0.581,0.606,0,0,0,0,7794,30.3
1164,38.797,SEARCHING,0,0,0,0,0.0000,320,240,0.350,-0.350,0,0,0,0,7767,30.0
1165,38.829,SEARCHING,0,0,0,0,0.0000,320,240,0.350,-0.350,0,0,0,0,7878,30.1
1166,38.865,SEARCHING,0,0,0,0,0.0000,320,240,0.350,-0.350,0,0,0,0,7800,29.9
1167,38.897,SEARCHING,0,0,0,0,0.0000,320,240,0.350,-0.350,0,0,0,0,7820,30.0
1168,38.929,SEARCHING,0,0,0,0,0.0000,320,240,0.350,-0.350,0,0,0,0,7977,30.2
1169,38.961,SEARCHING,0,0,0,0,0.0000,320,240,0.350,-0.350,0,0,0,0,7939,30.3
1170,38.997,SEARCHING,0,0,0,0,0.0000,320,240,0.350,-0.350,0,0,0,0,7892,30.0
1171,39.029,SEARCHING,0,0,0,0,0.0000,320,240,0.350,-0.350,0,0,0,0,7856,30.1
1172,39.065,SEARCHING,0,0,0,0,0.0000,320,240,0.350,-0.350,0,0,0,0,7782,29.9
1173,39.097,SEARCHING,0,0,0,0,0.0000,320,240,0.350,-0.350,0,0,0,0,8087,30.0
1174,39.129,SEARCHING,0,0,0,0,0.0000,320,240,0.350,-0.350,0,0,0,0,8419,30.2
1175,39.161,SEARCHING,0,0,0,0,0.0000,320,240,0.350,-0.350,0,0,0,0,8980,30.3
1176,39.197,SEARCHING,0,0,0,0,0.0000,320,240,0.350,-0.350,0,0,0,0,9017,30.0
1177,39.229,SEARCHING,0,0,0,0,0.0000,320,240,0.350,-0.350,0,0,0,0,9118,30.1
1178,39.265,SEARCHING,0,0,0,0,0.0000,320,240,0.350,-0.350,0,0,0,0,7829,29.9
1179,39.298,SEARCHING,0,0,0,0,0.0000,320,240,0.350,-0.350,0,0,0,0,8013,30.0
1180,39.329,SEARCHING,0,0,0,0,0.0000,320,240,0.350,-0.350,0,0,0,0,7934,30.2
1181,39.361,SEARCHING,0,0,0,0,0.0000,320,240,0.350,-0.350,0,0,0,0,7850,30.3
1182,39.397,SEARCHING,0,0,0,0,0.0000,320,240,0.350,-0.350,0,0,0,0,7816,30.0
1183,39.429,SEARCHING,0,0,0,0,0.0000,320,240,0.350,-0.350,0,0,0,0,7745,30.1
1184,39.465,SEARCHING,0,0,0,0,0.0000,320,240,0.350,-0.350,0,0,0,0,7740,29.9
1185,39.497,SEARCHING,0,0,0,0,0.0000,320,240,0.350,-0.350,0,0,0,0,7763,30.0
1186,39.529,SEARCHING,0,0,0,0,0.0000,320,240,0.350,-0.350,0,0,0,0,8046,30.2
1187,39.561,SEARCHING,0,0,0,0,0.0000,320,240,0.350,-0.350,0,0,0,0,9058,30.3
1188,39.597,SEARCHING,0,0,0,0,0.0000,320,240,0.350,-0.350,0,0,0,0,8978,30.0
1189,39.629,SEARCHING,0,0,0,0,0.0000,320,240,0.350,-0.350,0,0,0,0,9227,30.1
1190,39.665,SEARCHING,0,0,0,0,0.0000,320,240,0.350,-0.350,0,0,0,0,8507,29.9
1191,39.698,SEARCHING,0,0,0,0,0.0000,320,240,0.350,-0.350,0,0,0,0,8303,30.0
1192,39.730,SEARCHING,0,0,0,0,0.0000,320,240,0.350,-0.350,0,0,0,0,7912,30.2
1193,39.762,SEARCHING,0,0,0,0,0.0000,320,240,0.350,-0.350,0,0,0,0,7821,30.3
1194,39.798,SEARCHING,0,0,0,0,0.0000,320,240,0.350,-0.350,0,0,0,0,7798,30.0
1195,39.830,SEARCHING,0,0,0,0,0.0000,320,240,0.350,-0.350,0,0,0,0,7830,30.1
1196,39.862,SEARCHING,0,0,0,0,0.0000,320,240,0.350,-0.350,0,0,0,0,7772,30.2
1197,39.898,SEARCHING,0,0,0,0,0.0000,320,240,0.350,-0.350,0,0,0,0,7743,30.0
1198,39.930,SEARCHING,0,0,0,0,0.0000,320,240,0.350,-0.350,0,0,0,0,7804,30.1
1199,39.962,SEARCHING,0,0,0,0,0.0000,320,240,0.350,-0.350,0,0,0,0,9009,30.2
1200,39.998,SEARCHING,0,0,0,0,0.0000,320,240,0.350,-0.350,0,0,0,0,8932,30.0
1201,40.030,SEARCHING,0,0,0,0,0.0000,320,240,0.350,-0.350,0,0,0,0,9142,30.1
1202,40.062,SEARCHING,0,0,0,0,0.0000,320,240,0.350,-0.350,0,0,0,0,7864,30.2
1203,40.098,SEARCHING,0,0,0,0,0.0000,320,240,0.350,-0.350,0,0,0,0,8374,30.0
1204,40.130,SEARCHING,0,0,0,0,0.0000,320,240,0.350,-0.350,0,0,0,0,7934,30.1
1205,40.162,SEARCHING,0,0,0,0,0.0000,320,240,0.350,-0.350,0,0,0,0,8176,30.2
1206,40.198,SEARCHING,0,0,0,0,0.0000,320,240,0.350,-0.350,0,0,0,0,7772,30.0
1207,40.230,SEARCHING,0,0,0,0,0.0000,320,240,0.350,-0.350,0,0,0,0,7799,30.1
1208,40.262,SEARCHING,0,0,0,0,0.0000,320,240,0.350,-0.350,0,0,0,0,7785,30.2
1209,40.298,SEARCHING,0,0,0,0,0.0000,320,240,0.350,-0.350,0,0,0,0,7814,30.0
1210,40.330,SEARCHING,0,0,0,0,0.0000,320,240,0.350,-0.350,0,0,0,0,7864,30.1
1211,40.362,SEARCHING,0,0,0,0,0.0000,320,240,0.350,-0.350,0,0,0,0,8061,30.2
1212,40.398,SEARCHING,0,0,0,0,0.0000,320,240,0.350,-0.350,0,0,0,0,7811,30.0
1213,40.430,SEARCHING,0,0,0,0,0.0000,320,240,0.350,-0.350,0,0,0,0,7808,30.1
1214,40.462,SEARCHING,0,0,0,0,0.0000,320,240,0.350,-0.350,0,0,0,0,7791,30.2
1215,40.498,SEARCHING,0,0,0,0,0.0000,320,240,0.350,-0.350,0,0,0,0,7788,30.0
1216,40.530,SEARCHING,0,0,0,0,0.0000,320,240,0.350,-0.350,0,0,0,0,7850,30.1
1217,40.562,SEARCHING,0,0,0,0,0.0000,320,240,0.350,-0.350,0,0,0,0,8968,30.2
1218,40.598,SEARCHING,0,0,0,0,0.0000,320,240,0.350,-0.350,0,0,0,0,9036,30.0
1219,40.630,SEARCHING,0,0,0,0,0.0000,320,240,0.350,-0.350,0,0,0,0,9320,30.1
1220,40.662,SEARCHING,0,0,0,0,0.0000,320,240,0.350,-0.350,0,0,0,0,7820,30.2
1221,40.698,SEARCHING,0,0,0,0,0.0000,320,240,0.350,-0.350,0,0,0,0,7843,30.0
1222,40.730,SEARCHING,0,0,0,0,0.0000,320,240,0.350,-0.350,0,0,0,0,8362,30.1
1223,40.762,SEARCHING,0,0,0,0,0.0000,320,240,0.350,-0.350,0,0,0,0,8079,30.2
1224,40.798,SEARCHING,0,0,0,0,0.0000,320,240,0.350,-0.350,0,0,0,0,7913,30.0
1225,40.830,SEARCHING,0,0,0,0,0.0000,320,240,0.350,-0.350,0,0,0,0,7840,30.1
1226,40.862,SEARCHING,0,0,0,0,0.0000,320,240,0.350,-0.350,0,0,0,0,7812,30.2
1227,40.898,SEARCHING,0,0,0,0,0.0000,320,240,0.350,-0.350,0,0,0,0,7786,30.0
1228,40.930,SEARCHING,0,0,0,0,0.0000,320,240,0.350,-0.350,0,0,0,0,7858,30.1
1229,40.962,SEARCHING,0,0,0,0,0.0000,320,240,0.350,-0.350,0,0,0,0,7773,30.2
1230,40.998,SEARCHING,0,0,0,0,0.0000,320,240,0.350,-0.350,0,0,0,0,7813,30.0
1231,41.030,SEARCHING,0,0,0,0,0.0000,320,240,0.350,-0.350,0,0,0,0,7883,30.1
1232,41.062,SEARCHING,0,0,0,0,0.0000,320,240,0.350,-0.350,0,0,0,0,7998,30.2
1233,41.098,SEARCHING,0,0,0,0,0.0000,320,240,0.350,-0.350,0,0,0,0,8146,30.0
1234,41.130,SEARCHING,0,0,0,0,0.0000,320,240,0.350,-0.350,0,0,0,0,8064,30.1
1235,41.162,SEARCHING,0,0,0,0,0.0000,320,240,0.350,-0.350,0,0,0,0,7994,30.2
1236,41.198,SEARCHING,0,0,0,0,0.0000,320,240,0.350,-0.350,0,0,0,0,7829,30.0
1237,41.230,SEARCHING,0,0,0,0,0.0000,320,240,0.350,-0.350,0,0,0,0,7751,30.1
1238,41.262,SEARCHING,0,0,0,0,0.0000,320,240,0.350,-0.350,0,0,0,0,7775,30.2
1239,41.298,SEARCHING,0,0,0,0,0.0000,320,240,0.350,-0.350,0,0,0,0,7798,30.0
1240,41.330,SEARCHING,0,0,0,0,0.0000,320,240,0.350,-0.350,0,0,0,0,7857,30.1
1241,41.362,SEARCHING,0,0,0,0,0.0000,320,240,0.350,-0.350,0,0,0,0,7863,30.2
1242,41.398,SEARCHING,0,0,0,0,0.0000,320,240,0.350,-0.350,0,0,0,0,7800,30.0
1243,41.430,SEARCHING,0,0,0,0,0.0000,320,240,0.350,-0.350,0,0,0,0,7812,30.1
1244,41.462,SEARCHING,0,0,0,0,0.0000,320,240,0.350,-0.350,0,0,0,0,7801,30.2
1245,41.498,SEARCHING,0,0,0,0,0.0000,320,240,0.350,-0.350,0,0,0,0,7876,30.0
1246,41.530,SEARCHING,0,0,0,0,0.0000,320,240,0.350,-0.350,0,0,0,0,7853,30.1
1247,41.562,SEARCHING,0,0,0,0,0.0000,320,240,0.350,-0.350,0,0,0,0,7799,30.2
1248,41.598,SEARCHING,0,0,0,0,0.0000,320,240,0.350,-0.350,0,0,0,0,7789,30.0
1249,41.630,SEARCHING,0,0,0,0,0.0000,320,240,0.350,-0.350,0,0,0,0,7848,30.1
1250,41.662,SEARCHING,0,0,0,0,0.0000,320,240,0.350,-0.350,0,0,0,0,7889,30.2
1251,41.698,SEARCHING,0,0,0,0,0.0000,320,240,0.350,-0.350,0,0,0,0,7863,30.0
1252,41.730,SEARCHING,0,0,0,0,0.0000,320,240,0.350,-0.350,0,0,0,0,7793,30.1
1253,41.762,SEARCHING,0,0,0,0,0.0000,320,240,0.350,-0.350,0,0,0,0,8378,30.2
1254,41.798,SEARCHING,0,0,0,0,0.0000,320,240,0.350,-0.350,0,0,0,0,9673,30.0
1255,41.830,SEARCHING,0,0,0,0,0.0000,320,240,0.350,-0.350,0,0,0,0,9514,30.1
1256,41.862,SEARCHING,0,0,0,0,0.0000,320,240,0.350,-0.350,0,0,0,0,7973,30.2
1257,41.898,SEARCHING,0,0,0,0,0.0000,320,240,0.350,-0.350,0,0,0,0,7031,30.0
1258,41.930,SEARCHING,0,0,0,0,0.0000,320,240,0.350,-0.350,0,0,0,0,6961,30.1
1259,41.962,SEARCHING,0,0,0,0,0.0000,320,240,0.350,-0.350,0,0,0,0,6903,30.2
1260,41.998,SEARCHING,0,0,0,0,0.0000,320,240,0.350,-0.350,0,0,0,0,7793,30.0
1261,42.030,SEARCHING,0,0,0,0,0.0000,320,240,0.350,-0.350,0,0,0,0,7805,30.1
1262,42.062,SEARCHING,0,0,0,0,0.0000,320,240,0.350,-0.350,0,0,0,0,7791,30.2
1263,42.098,SEARCHING,0,0,0,0,0.0000,320,240,0.350,-0.350,0,0,0,0,8184,30.0
1264,42.130,SEARCHING,0,0,0,0,0.0000,320,240,0.350,-0.350,0,0,0,0,8047,30.1
1265,42.162,SEARCHING,0,0,0,0,0.0000,320,240,0.350,-0.350,0,0,0,0,7974,30.2
1266,42.198,SEARCHING,0,0,0,0,0.0000,320,240,0.350,-0.350,0,0,0,0,7783,30.0
1267,42.230,SEARCHING,0,0,0,0,0.0000,320,240,0.350,-0.350,0,0,0,0,7813,30.1
1268,42.262,SEARCHING,0,0,0,0,0.0000,320,240,0.350,-0.350,0,0,0,0,7816,30.2
1269,42.298,SEARCHING,0,0,0,0,0.0000,320,240,0.350,-0.350,0,0,0,0,9011,30.0
1270,42.330,SEARCHING,0,0,0,0,0.0000,320,240,0.350,-0.350,0,0,0,0,8953,30.1
1271,42.362,SEARCHING,0,0,0,0,0.0000,320,240,0.350,-0.350,0,0,0,0,8946,30.2
1272,42.398,SEARCHING,0,0,0,0,0.0000,320,240,0.350,-0.350,0,0,0,0,7768,30.0
1273,42.430,SEARCHING,0,0,0,0,0.0000,320,240,0.350,-0.350,0,0,0,0,7821,30.1
1274,42.462,SEARCHING,0,0,0,0,0.0000,320,240,0.350,-0.350,0,0,0,0,7801,30.2
1275,42.498,SEARCHING,0,0,0,0,0.0000,320,240,0.350,-0.350,0,0,0,0,7793,30.0
1276,42.530,SEARCHING,0,0,0,0,0.0000,320,240,0.350,-0.350,0,0,0,0,7792,30.1
1277,42.562,SEARCHING,0,0,0,0,0.0000,320,240,0.350,-0.350,0,0,0,0,7749,30.2
1278,42.598,SEARCHING,0,0,0,0,0.0000,320,240,0.350,-0.350,0,0,0,0,7789,30.0
1279,42.630,SEARCHING,0,0,0,0,0.0000,320,240,0.350,-0.350,0,0,0,0,7813,30.1
1280,42.662,SEARCHING,0,0,0,0,0.0000,320,240,0.350,-0.350,0,0,0,0,7874,30.2
1281,42.698,SEARCHING,0,0,0,0,0.0000,320,240,0.350,-0.350,0,0,0,0,7916,30.0
1282,42.730,SEARCHING,0,0,0,0,0.0000,320,240,0.350,-0.350,0,0,0,0,7878,30.1
1283,42.762,SEARCHING,0,0,0,0,0.0000,320,240,0.350,-0.350,0,0,0,0,7851,30.2
1284,42.798,SEARCHING,0,0,0,0,0.0000,320,240,0.350,-0.350,0,0,0,0,9027,30.0
1285,42.830,SEARCHING,0,0,0,0,0.0000,320,240,0.350,-0.350,0,0,0,0,8915,30.1
1286,42.862,SEARCHING,0,0,0,0,0.0000,320,240,0.350,-0.350,0,0,0,0,9269,30.2
1287,42.898,SEARCHING,0,0,0,0,0.0000,320,240,0.350,-0.350,0,0,0,0,8300,30.0
1288,42.930,SEARCHING,0,0,0,0,0.0000,320,240,0.350,-0.350,0,0,0,0,7878,30.1
1289,42.962,SEARCHING,0,0,0,0,0.0000,320,240,0.350,-0.350,0,0,0,0,7768,30.2
1290,42.998,SEARCHING,0,0,0,0,0.0000,320,240,0.350,-0.350,0,0,0,0,7789,30.0
1291,43.030,SEARCHING,0,0,0,0,0.0000,320,240,0.350,-0.350,0,0,0,0,7739,30.1
1292,43.062,SEARCHING,0,0,0,0,0.0000,320,240,0.350,-0.350,0,0,0,0,7799,30.2
1293,43.098,SEARCHING,0,0,0,0,0.0000,320,240,0.350,-0.350,0,0,0,0,9180,30.0
1294,43.130,SEARCHING,0,0,0,0,0.0000,320,240,0.350,-0.350,0,0,0,0,9048,30.1
1295,43.162,SEARCHING,0,0,0,0,0.0000,320,240,0.350,-0.350,0,0,0,0,9028,30.2
1296,43.198,SEARCHING,0,0,0,0,0.0000,320,240,0.350,-0.350,0,0,0,0,7810,30.0
1297,43.230,SEARCHING,0,0,0,0,0.0000,320,240,0.350,-0.350,0,0,0,0,7803,30.1
1298,43.262,SEARCHING,0,0,0,0,0.0000,320,240,0.350,-0.350,0,0,0,0,7860,30.2
1299,43.298,SEARCHING,0,0,0,0,0.0000,320,240,0.350,-0.350,0,0,0,0,7823,30.0
1300,43.330,SEARCHING,0,0,0,0,0.0000,320,240,0.350,-0.350,0,0,0,0,7853,30.1
1301,43.362,SEARCHING,0,0,0,0,0.0000,320,240,0.350,-0.350,0,0,0,0,7799,30.2
1302,43.398,SEARCHING,0,0,0,0,0.0000,320,240,0.350,-0.350,0,0,0,0,7750,30.0
1303,43.430,SEARCHING,0,0,0,0,0.0000,320,240,0.350,-0.350,0,0,0,0,7786,30.1
1304,43.462,SEARCHING,0,0,0,0,0.0000,320,240,0.350,-0.350,0,0,0,0,7794,30.2
1305,43.498,SEARCHING,0,0,0,0,0.0000,320,240,0.350,-0.350,0,0,0,0,7948,30.0
1306,43.530,SEARCHING,0,0,0,0,0.0000,320,240,0.350,-0.350,0,0,0,0,7778,30.1
1307,43.562,SEARCHING,0,0,0,0,0.0000,320,240,0.350,-0.350,0,0,0,0,7865,30.2
1308,43.598,SEARCHING,0,0,0,0,0.0000,320,240,0.350,-0.350,0,0,0,0,7820,30.0
1309,43.630,SEARCHING,0,0,0,0,0.0000,320,240,0.350,-0.350,0,0,0,0,7842,30.1
1310,43.662,SEARCHING,0,0,0,0,0.0000,320,240,0.350,-0.350,0,0,0,0,7885,30.2
1311,43.698,SEARCHING,0,0,0,0,0.0000,320,240,0.350,-0.350,0,0,0,0,7907,30.0
1312,43.730,SEARCHING,0,0,0,0,0.0000,320,240,0.350,-0.350,0,0,0,0,7834,30.1
1313,43.762,SEARCHING,0,0,0,0,0.0000,320,240,0.350,-0.350,0,0,0,0,7818,30.2
1314,43.798,SEARCHING,0,0,0,0,0.0000,320,240,0.350,-0.350,0,0,0,0,7859,30.0
1315,43.830,SEARCHING,0,0,0,0,0.0000,320,240,0.350,-0.350,0,0,0,0,7832,30.1
1316,43.862,SEARCHING,0,0,0,0,0.0000,320,240,0.350,-0.350,0,0,0,0,7831,30.2
1317,43.898,SEARCHING,0,0,0,0,0.0000,320,240,0.350,-0.350,0,0,0,0,7847,30.0
1318,43.930,SEARCHING,0,0,0,0,0.0000,320,240,0.350,-0.350,0,0,0,0,8270,30.1
1319,43.962,SEARCHING,0,0,0,0,0.0000,320,240,0.350,-0.350,0,0,0,0,8410,30.2
1320,43.998,SEARCHING,0,0,0,0,0.0000,320,240,0.350,-0.350,0,0,0,0,7813,30.0
1321,44.030,SEARCHING,0,0,0,0,0.0000,320,240,0.350,-0.350,0,0,0,0,7791,30.1
1322,44.062,SEARCHING,0,0,0,0,0.0000,320,240,0.350,-0.350,0,0,0,0,7826,30.2
1323,44.098,SEARCHING,0,0,0,0,0.0000,320,240,0.350,-0.350,0,0,0,0,9381,30.0
1324,44.130,SEARCHING,0,0,0,0,0.0000,320,240,0.350,-0.350,0,0,0,0,9034,30.1
1325,44.162,SEARCHING,0,0,0,0,0.0000,320,240,0.350,-0.350,0,0,0,0,9029,30.2
1326,44.198,SEARCHING,0,0,0,0,0.0000,320,240,0.350,-0.350,0,0,0,0,7839,30.0
1327,44.230,SEARCHING,0,0,0,0,0.0000,320,240,0.350,-0.350,0,0,0,0,7802,30.1
1328,44.262,SEARCHING,0,0,0,0,0.0000,320,240,0.350,-0.350,0,0,0,0,7811,30.2
1329,44.298,SEARCHING,0,0,0,0,0.0000,320,240,0.350,-0.350,0,0,0,0,9074,30.0
1330,44.330,SEARCHING,0,0,0,0,0.0000,320,240,0.350,-0.350,0,0,0,0,9008,30.1
1331,44.362,SEARCHING,0,0,0,0,0.0000,320,240,0.350,-0.350,0,0,0,0,8996,30.2
1332,44.398,SEARCHING,0,0,0,0,0.0000,320,240,0.350,-0.350,0,0,0,0,7977,30.0
1333,44.430,SEARCHING,0,0,0,0,0.0000,320,240,0.350,-0.350,0,0,0,0,7819,30.1
1334,44.462,SEARCHING,0,0,0,0,0.0000,320,240,0.350,-0.350,0,0,0,0,7788,30.2
1335,44.498,SEARCHING,0,0,0,0,0.0000,320,240,0.350,-0.350,0,0,0,0,7766,30.0
1336,44.530,SEARCHING,0,0,0,0,0.0000,320,240,0.350,-0.350,0,0,0,0,7805,30.1
1337,44.562,SEARCHING,0,0,0,0,0.0000,320,240,0.350,-0.350,0,0,0,0,7765,30.2
1338,44.598,SEARCHING,0,0,0,0,0.0000,320,240,0.350,-0.350,0,0,0,0,7784,30.0
1339,44.630,SEARCHING,0,0,0,0,0.0000,320,240,0.350,-0.350,0,0,0,0,7794,30.1
1340,44.662,SEARCHING,0,0,0,0,0.0000,320,240,0.350,-0.350,0,0,0,0,7912,30.2
1341,44.698,SEARCHING,0,0,0,0,0.0000,320,240,0.350,-0.350,0,0,0,0,7935,30.0
1342,44.730,SEARCHING,0,0,0,0,0.0000,320,240,0.350,-0.350,0,0,0,0,7800,30.1
1343,44.762,SEARCHING,0,0,0,0,0.0000,320,240,0.350,-0.350,0,0,0,0,7827,30.2
1344,44.798,SEARCHING,0,0,0,0,0.0000,320,240,0.350,-0.350,0,0,0,0,7910,30.0
1345,44.830,SEARCHING,0,0,0,0,0.0000,320,240,0.350,-0.350,0,0,0,0,7902,30.1
1346,44.862,SEARCHING,0,0,0,0,0.0000,320,240,0.350,-0.350,0,0,0,0,7852,30.2
1347,44.898,SEARCHING,0,0,0,0,0.0000,320,240,0.350,-0.350,0,0,0,0,7953,30.0
1348,44.930,SEARCHING,0,0,0,0,0.0000,320,240,0.350,-0.350,0,0,0,0,7774,30.1
1349,44.962,SEARCHING,0,0,0,0,0.0000,320,240,0.350,-0.350,0,0,0,0,7863,30.2
1350,44.998,SEARCHING,0,0,0,0,0.0000,320,240,0.350,-0.350,0,0,0,0,8385,30.0
1351,45.030,SEARCHING,0,0,0,0,0.0000,320,240,0.350,-0.350,0,0,0,0,8143,30.1
