frame,phase,state,detected,total_us,acquire_us,border_us,threshold_us,morphology_us,blobs_us,track_us,control_us,roi_w,roi_h,border,err,left,right
0,busca,SEARCHING,0,7206,0,0,2287,4244,670,0,1,320,240,0,0.0000,0.480,-0.480
1,busca,SEARCHING,0,6953,0,0,2068,4213,663,0,2,320,240,0,0.0000,0.480,-0.480
2,busca,SEARCHING,0,6925,0,0,2072,4157,689,1,1,320,240,0,0.0000,0.480,-0.480
3,busca,SEARCHING,0,6874,0,0,2044,4154,671,1,1,320,240,0,0.0000,0.480,-0.480
4,busca,SEARCHING,0,6807,0,0,2079,4335,389,1,1,320,240,0,0.0000,0.480,-0.480
5,busca,SEARCHING,0,3454,0,0,1052,2068,330,1,1,320,240,0,0.0000,0.480,-0.480
6,busca,SEARCHING,0,3459,0,0,1009,2117,329,0,1,320,240,0,0.0000,0.480,-0.480
7,busca,SEARCHING,0,3438,0,0,996,2062,378,0,1,320,240,0,0.0000,0.480,-0.480
8,busca,SEARCHING,0,3463,0,0,998,2130,332,0,1,320,240,0,0.0000,0.480,-0.480
9,busca,SEARCHING,0,3405,0,0,993,2064,343,0,1,320,240,0,0.0000,0.480,-0.480
10,busca,SEARCHING,0,3445,0,0,1001,2108,334,0,1,320,240,0,0.0000,0.480,-0.480
11,busca,SEARCHING,0,3423,0,0,1028,2060,333,0,1,320,240,0,0.0000,0.480,-0.480
12,busca,SEARCHING,0,3437,0,0,1000,2103,331,0,1,320,240,0,0.0000,0.480,-0.480
13,busca,SEARCHING,0,3460,0,0,1047,2080,328,0,1,320,240,0,0.0000,0.480,-0.480
14,busca,SEARCHING,0,3447,0,0,1008,2086,351,0,0,320,240,0,0.0000,0.480,-0.480
15,busca,SEARCHING,0,3426,0,0,1010,2068,345,0,0,320,240,0,0.0000,0.480,-0.480
16,busca,SEARCHING,0,3416,0,0,989,2095,329,0,1,320,240,0,0.0000,0.480,-0.480
17,busca,SEARCHING,0,3411,0,0,1030,2050,327,1,1,320,240,0,0.0000,0.480,-0.480
18,busca,SEARCHING,0,3439,0,0,1001,2104,330,0,1,320,240,0,0.0000,0.480,-0.480
19,busca,SEARCHING,0,3433,0,0,1026,2071,332,0,1,320,240,0,0.0000,0.480,-0.480
20,busca,SEARCHING,0,3429,0,0,1006,2086,335,0,1,320,240,0,0.0000,0.480,-0.480
21,busca,SEARCHING,0,3458,0,0,1045,2068,341,0,1,320,240,0,0.0000,0.480,-0.480
22,busca,SEARCHING,0,3433,0,0,1004,2095,331,0,0,320,240,0,0.0000,0.480,-0.480
23,busca,SEARCHING,0,3436,0,0,1005,2098,329,1,0,320,240,0,0.0000,0.480,-0.480
24,busca,SEARCHING,0,3458,0,0,1003,2122,330,0,1,320,240,0,0.0000,0.480,-0.480
25,busca,SEARCHING,0,3431,0,0,1023,2072,332,1,0,320,240,0,0.0000,0.480,-0.480
26,busca,SEARCHING,0,3431,0,0,1003,2090,331,1,0,320,240,0,0.0000,0.480,-0.480
27,busca,SEARCHING,0,3428,0,0,991,2102,329,1,2,320,240,0,0.0000,0.480,-0.480
28,busca,SEARCHING,0,3437,0,0,993,2062,380,0,0,320,240,0,0.0000,0.480,-0.480
29,busca,SEARCHING,0,3564,0,0,1041,2185,333,1,1,320,240,0,0.0000,0.480,-0.480
30,busca,SEARCHING,0,3547,0,0,1049,2162,332,1,1,320,240,0,0.0000,0.480,-0.480
31,busca,SEARCHING,0,3648,0,0,1134,2114,393,2,1,320,240,0,0.0000,0.480,-0.480
32,busca,SEARCHING,0,3594,0,0,1023,2193,369,2,1,320,240,0,0.0000,0.480,-0.480
33,busca,SEARCHING,0,3614,0,0,1074,2103,432,0,1,320,240,0,0.0000,0.480,-0.480
34,busca,SEARCHING,0,3516,0,0,1016,2163,333,1,0,320,240,0,0.0000,0.480,-0.480
35,busca,SEARCHING,0,3670,0,0,1084,2178,384,0,21,320,240,0,0.0000,0.480,-0.480
36,busca,SEARCHING,0,3641,0,0,1114,2153,368,1,1,320,240,0,0.0000,0.480,-0.480
37,busca,SEARCHING,0,3470,0,0,1015,2115,336,0,0,320,240,0,0.0000,0.480,-0.480
38,busca,SEARCHING,0,3457,0,0,1057,2054,342,1,0,320,240,0,0.0000,0.480,-0.480
39,busca,SEARCHING,0,3450,0,0,1005,2105,330,6,1,320,240,0,0.0000,0.480,-0.480
40,busca,SEARCHING,0,3440,0,0,998,2111,328,0,1,320,240,0,0.0000,0.480,-0.480
41,busca,SEARCHING,0,3429,0,0,1003,2061,362,0,1,320,240,0,0.0000,0.480,-0.480
42,busca,SEARCHING,0,3498,0,0,1083,2084,327,0,1,320,240,0,0.0000,0.480,-0.480
43,busca,SEARCHING,0,3458,0,0,997,2124,335,0,1,320,240,0,0.0000,0.480,-0.480
44,busca,SEARCHING,0,3452,0,0,1049,2058,343,0,1,320,240,0,0.0000,0.480,-0.480
45,busca,SEARCHING,0,3439,0,0,990,2104,341,0,1,320,240,0,0.0000,0.480,-0.480
46,busca,SEARCHING,0,3448,0,0,991,2125,330,0,1,320,240,0,0.0000,0.480,-0.480
47,busca,SEARCHING,0,3422,0,0,1000,2062,357,0,1,320,240,0,0.0000,0.480,-0.480
48,busca,SEARCHING,0,3446,0,0,983,2129,332,0,1,320,240,0,0.0000,0.480,-0.480
49,busca,SEARCHING,0,3457,0,0,1031,2074,347,1,0,320,240,0,0.0000,0.480,-0.480
50,busca,SEARCHING,0,3457,0,0,1006,2114,334,0,1,320,240,0,0.0000,0.480,-0.480
51,busca,SEARCHING,0,3475,0,0,1024,2112,335,1,0,320,240,0,0.0000,0.480,-0.480
52,busca,SEARCHING,0,3437,0,0,1045,2062,327,0,1,320,240,0,0.0000,0.480,-0.480
53,busca,SEARCHING,0,3431,0,0,991,2074,363,0,1,320,240,0,0.0000,0.480,-0.480
54,busca,SEARCHING,0,3447,0,0,987,2127,330,1,0,320,240,0,0.0000,0.480,-0.480
55,busca,SEARCHING,0,3434,0,0,992,2097,341,1,0,320,240,0,0.0000,0.480,-0.480
56,busca,SEARCHING,0,3445,0,0,1009,2101,333,0,1,320,240,0,0.0000,0.480,-0.480
57,busca,SEARCHING,0,3392,0,0,1002,2052,333,0,1,320,240,0,0.0000,0.480,-0.480
58,busca,SEARCHING,0,3432,0,0,995,2096,338,0,1,320,240,0,0.0000,0.480,-0.480
59,busca,SEARCHING,0,3400,0,0,1007,2061,327,1,0,320,240,0,0.0000,0.480,-0.480
60,busca,SEARCHING,0,3463,0,0,1009,2120,330,1,1,320,240,0,0.0000,0.480,-0.480
61,busca,SEARCHING,0,3450,0,0,992,2066,385,1,3,320,240,0,0.0000,0.480,-0.480
62,busca,SEARCHING,0,3437,0,0,1003,2097,333,1,1,320,240,0,0.0000,0.480,-0.480
63,busca,SEARCHING,0,3410,0,0,992,2068,345,1,1,320,240,0,0.0000,0.480,-0.480
64,busca,SEARCHING,0,3448,0,0,1000,2100,345,1,1,320,240,0,0.0000,0.480,-0.480
65,busca,SEARCHING,0,3449,0,0,1052,2065,329,1,0,320,240,0,0.0000,0.480,-0.480
66,busca,SEARCHING,0,3445,0,0,1009,2104,329,0,0,320,240,0,0.0000,0.480,-0.480
67,busca,SEARCHING,0,3437,0,0,1042,2059,332,0,0,320,240,0,0.0000,0.480,-0.480
68,busca,SEARCHING,0,3433,0,0,997,2093,340,0,1,320,240,0,0.0000,0.480,-0.480
69,busca,SEARCHING,0,3415,0,0,1013,2065,333,0,1,320,240,0,0.0000,0.480,-0.480
70,busca,SEARCHING,0,3433,0,0,1005,2094,331,1,0,320,240,0,0.0000,0.480,-0.480
71,busca,SEARCHING,0,3418,0,0,1033,2052,329,1,0,320,240,0,0.0000,0.480,-0.480
72,busca,SEARCHING,0,3416,0,0,985,2097,332,0,1,320,240,0,0.0000,0.480,-0.480
73,busca,SEARCHING,0,3439,0,0,1030,2075,332,0,1,320,240,0,0.0000,0.480,-0.480
74,busca,SEARCHING,0,3443,0,0,986,2103,351,1,0,320,240,0,0.0000,0.480,-0.480
75,busca,SEARCHING,0,3474,0,0,1058,2079,334,1,0,320,240,0,0.0000,0.480,-0.480
76,busca,SEARCHING,0,3434,0,0,996,2108,327,1,0,320,240,0,0.0000,0.480,-0.480
77,busca,SEARCHING,0,3440,0,0,1007,2100,330,0,1,320,240,0,0.0000,0.480,-0.480
78,busca,SEARCHING,0,3450,0,0,1008,2108,329,0,1,320,240,0,0.0000,0.480,-0.480
79,busca,SEARCHING,0,3447,0,0,1030,2073,340,0,1,320,240,0,0.0000,0.480,-0.480
80,busca,SEARCHING,0,3433,0,0,1004,2093,333,1,0,320,240,0,0.0000,0.480,-0.480
81,busca,SEARCHING,0,3446,0,0,1039,2074,331,0,1,320,240,0,0.0000,0.480,-0.480
82,busca,SEARCHING,0,3433,0,0,1005,2058,366,1,1,320,240,0,0.0000,0.480,-0.480
83,busca,SEARCHING,0,3442,0,0,1001,2112,327,1,0,320,240,0,0.0000,0.480,-0.480
84,busca,SEARCHING,0,3395,0,0,992,2067,333,0,1,320,240,0,0.0000,0.480,-0.480
85,busca,SEARCHING,0,3436,0,0,998,2102,333,0,1,320,240,0,0.0000,0.480,-0.480
86,busca,SEARCHING,0,3397,0,0,1004,2061,329,1,0,320,240,0,0.0000,0.480,-0.480
87,busca,SEARCHING,0,3468,0,0,1012,2123,330,0,0,320,240,0,0.0000,0.480,-0.480
88,busca,SEARCHING,0,3419,0,0,992,2065,359,1,0,320,240,0,0.0000,0.480,-0.480
89,busca,SEARCHING,0,3452,0,0,999,2123,328,0,1,320,240,0,0.0000,0.480,-0.480
90,busca,SEARCHING,0,3395,0,0,1000,2056,336,0,1,320,240,0,0.0000,0.480,-0.480
91,busca,SEARCHING,0,3429,0,0,1000,2093,334,0,1,320,240,0,0.0000,0.480,-0.480
92,busca,SEARCHING,0,3555,0,0,1090,2114,346,0,1,320,240,0,0.0000,0.480,-0.480
93,busca,SEARCHING,0,3504,0,0,1019,2139,342,1,1,320,240,0,0.0000,0.480,-0.480
94,busca,SEARCHING,0,3412,0,0,1001,2065,342,0,1,320,240,0,0.0000,0.480,-0.480
95,busca,SEARCHING,0,3451,0,0,1017,2100,329,1,0,320,240,0,0.0000,0.480,-0.480
96,busca,SEARCHING,0,3455,0,0,1021,2067,363,0,1,320,240,0,0.0000,0.480,-0.480
97,busca,SEARCHING,0,3430,0,0,1003,2094,329,0,1,320,240,0,0.0000,0.480,-0.480
98,busca,SEARCHING,0,3395,0,0,992,2067,332,0,1,320,240,0,0.0000,0.480,-0.480
99,busca,SEARCHING,0,3441,0,0,990,2099,348,0,1,320,240,0,0.0000,0.480,-0.480
100,busca,SEARCHING,0,3398,0,0,1008,2060,328,0,1,320,240,0,0.0000,0.480,-0.480
101,busca,SEARCHING,0,3430,0,0,994,2104,330,0,0,320,240,0,0.0000,0.480,-0.480
102,busca,SEARCHING,0,3424,0,0,1031,2063,327,0,1,320,240,0,0.0000,0.480,-0.480
103,busca,SEARCHING,0,3431,0,0,985,2108,335,0,1,320,240,0,0.0000,0.480,-0.480
104,busca,SEARCHING,0,3422,0,0,1020,2067,333,0,1,320,240,0,0.0000,0.480,-0.480
105,busca,SEARCHING,0,3450,0,0,1006,2109,333,0,0,320,240,0,0.0000,0.480,-0.480
106,busca,SEARCHING,0,3425,0,0,1032,2062,329,1,0,320,240,0,0.0000,0.480,-0.480
107,busca,SEARCHING,0,3438,0,0,1003,2102,330,0,1,320,240,0,0.0000,0.480,-0.480
108,busca,SEARCHING,0,3448,0,0,1046,2063,332,0,1,320,240,0,0.0000,0.480,-0.480
109,busca,SEARCHING,0,3441,0,0,989,2102,348,0,1,320,240,0,0.0000,0.480,-0.480
110,busca,SEARCHING,0,3453,0,0,1047,2071,331,1,0,320,240,0,0.0000,0.480,-0.480
111,busca,SEARCHING,0,3424,0,0,992,2101,327,1,0,320,240,0,0.0000,0.480,-0.480
112,busca,SEARCHING,0,3438,0,0,998,2106,330,0,0,320,240,0,0.0000,0.480,-0.480
113,busca,SEARCHING,0,3432,0,0,988,2079,362,1,0,320,240,0,0.0000,0.480,-0.480
114,busca,SEARCHING,0,3490,0,0,1059,2087,342,0,0,320,240,0,0.0000,0.480,-0.480
115,busca,SEARCHING,0,3437,0,0,994,2092,347,1,1,320,240,0,0.0000,0.480,-0.480
116,busca,SEARCHING,0,3411,0,0,1028,2052,329,0,0,320,240,0,0.0000,0.480,-0.480
117,busca,SEARCHING,0,3428,0,0,1012,2050,362,0,1,320,240,0,0.0000,0.480,-0.480
118,busca,SEARCHING,0,3434,0,0,996,2107,329,0,0,320,240,0,0.0000,0.480,-0.480
119,busca,SEARCHING,0,3403,0,0,1002,2064,334,0,0,320,240,0,0.0000,0.480,-0.480
120,busca,SEARCHING,0,3441,0,0,988,2102,348,1,0,320,240,0,0.0000,0.480,-0.480
121,busca,SEARCHING,0,3392,0,0,992,2067,330,0,1,320,240,0,0.0000,0.480,-0.480
122,busca,SEARCHING,0,3423,0,0,999,2090,331,0,1,320,240,0,0.0000,0.480,-0.480
123,busca,SEARCHING,0,3449,0,0,999,2085,361,1,0,320,240,0,0.0000,0.480,-0.480
124,busca,SEARCHING,0,3447,0,0,1000,2110,335,0,1,320,240,0,0.0000,0.480,-0.480
125,busca,SEARCHING,0,3393,0,0,991,2063,337,0,1,320,240,0,0.0000,0.480,-0.480
126,busca,SEARCHING,0,3439,0,0,1004,2103,329,0,1,320,240,0,0.0000,0.480,-0.480
127,busca,SEARCHING,0,3457,0,0,1063,2061,328,0,1,320,240,0,0.0000,0.480,-0.480
128,busca,SEARCHING,0,3424,0,0,986,2108,328,0,1,320,240,0,0.0000,0.480,-0.480
129,busca,SEARCHING,0,3697,0,0,1063,2301,330,1,0,320,240,0,0.0000,0.480,-0.480
130,busca,SEARCHING,0,3433,0,0,1000,2100,329,0,1,320,240,0,0.0000,0.480,-0.480
131,busca,SEARCHING,0,3438,0,0,1029,2075,330,0,1,320,240,0,0.0000,0.480,-0.480
132,busca,SEARCHING,0,3462,0,0,1007,2103,347,3,1,320,240,0,0.0000,0.480,-0.480
133,busca,SEARCHING,0,3433,0,0,994,2068,365,1,1,320,240,0,0.0000,0.480,-0.480
134,busca,SEARCHING,0,3495,0,0,1018,2144,331,0,1,320,240,0,0.0000,0.480,-0.480
135,busca,SEARCHING,0,3427,0,0,1028,2069,327,0,1,320,240,0,0.0000,0.480,-0.480
136,busca,SEARCHING,0,3424,0,0,997,2095,329,0,1,320,240,0,0.0000,0.480,-0.480
137,busca,SEARCHING,0,3454,0,0,1045,2073,333,0,1,320,240,0,0.0000,0.480,-0.480
138,busca,SEARCHING,0,3437,0,0,998,2093,343,0,1,320,240,0,0.0000,0.480,-0.480
139,busca,SEARCHING,0,3442,0,0,1045,2061,334,0,1,320,240,0,0.0000,0.480,-0.480
140,busca,SEARCHING,0,3421,0,0,1010,2076,331,0,2,320,240,0,0.0000,0.480,-0.480
141,busca,SEARCHING,0,3452,0,0,1049,2068,332,0,1,320,240,0,0.0000,0.480,-0.480
142,busca,SEARCHING,0,3447,0,0,1002,2111,331,0,1,320,240,0,0.0000,0.480,-0.480
143,busca,SEARCHING,0,3449,0,0,1037,2068,339,0,1,320,240,0,0.0000,0.480,-0.480
144,busca,SEARCHING,0,3438,0,0,1003,2094,338,0,1,320,240,0,0.0000,0.480,-0.480
145,busca,SEARCHING,0,3433,0,0,1036,2064,331,0,1,320,240,0,0.0000,0.480,-0.480
146,busca,SEARCHING,0,3432,0,0,998,2062,368,0,1,320,240,0,0.0000,0.480,-0.480
147,busca,SEARCHING,0,3429,0,0,998,2098,330,0,1,320,240,0,0.0000,0.480,-0.480
148,busca,SEARCHING,0,3384,0,0,989,2059,333,1,0,320,240,0,0.0000,0.480,-0.480
149,busca,SEARCHING,0,3454,0,0,1005,2114,330,0,1,320,240,0,0.0000,0.480,-0.480
150,busca,SEARCHING,0,3436,0,0,1011,2088,334,0,1,320,240,0,0.0000,0.480,-0.480
151,busca,SEARCHING,0,3451,0,0,1039,2079,330,1,0,320,240,0,0.0000,0.480,-0.480
152,busca,SEARCHING,0,3422,0,0,997,2063,359,0,1,320,240,0,0.0000,0.480,-0.480
153,busca,SEARCHING,0,3433,0,0,1000,2102,328,0,1,320,240,0,0.0000,0.480,-0.480
154,busca,SEARCHING,0,3389,0,0,990,2062,335,1,0,320,240,0,0.0000,0.480,-0.480
155,busca,SEARCHING,0,3454,0,0,1003,2106,343,1,0,320,240,0,0.0000,0.480,-0.480
156,busca,SEARCHING,0,3399,0,0,998,2070,328,1,0,320,240,0,0.0000,0.480,-0.480
157,busca,SEARCHING,0,3433,0,0,1003,2096,331,0,1,320,240,0,0.0000,0.480,-0.480
158,busca,SEARCHING,0,3431,0,0,1039,2062,327,1,1,320,240,0,0.0000,0.480,-0.480
159,busca,SEARCHING,0,3473,0,0,1010,2126,333,1,0,320,240,0,0.0000,0.480,-0.480
160,busca,SEARCHING,0,3401,0,0,1002,2060,337,0,1,320,240,0,0.0000,0.480,-0.480
161,busca,SEARCHING,0,3443,0,0,1006,2101,332,0,1,320,240,0,0.0000,0.480,-0.480
162,busca,SEARCHING,0,3449,0,0,1051,2069,327,1,0,320,240,0,0.0000,0.480,-0.480
163,busca,SEARCHING,0,3432,0,0,995,2104,330,0,1,320,240,0,0.0000,0.480,-0.480
164,busca,SEARCHING,0,3423,0,0,1032,2057,331,0,1,320,240,0,0.0000,0.480,-0.480
165,busca,SEARCHING,0,3431,0,0,987,2107,335,0,1,320,240,0,0.0000,0.480,-0.480
166,busca,SEARCHING,0,3441,0,0,1031,2062,346,1,0,320,240,0,0.0000,0.480,-0.480
167,busca,SEARCHING,0,3426,0,0,988,2108,328,0,1,320,240,0,0.0000,0.480,-0.480
168,busca,SEARCHING,0,3454,0,0,1055,2065,331,0,0,320,240,0,0.0000,0.480,-0.480
169,busca,SEARCHING,0,3437,0,0,1008,2094,330,2,0,320,240,0,0.0000,0.480,-0.480
170,busca,SEARCHING,0,3447,0,0,1031,2079,333,0,2,320,240,0,0.0000,0.480,-0.480
171,busca,SEARCHING,0,3445,0,0,991,2100,352,0,1,320,240,0,0.0000,0.480,-0.480
172,busca,SEARCHING,0,3445,0,0,1044,2067,330,1,0,320,240,0,0.0000,0.480,-0.480
173,busca,SEARCHING,0,3427,0,0,997,2061,365,1,0,320,240,0,0.0000,0.480,-0.480
174,busca,SEARCHING,0,3441,0,0,1001,2105,331,0,0,320,240,0,0.0000,0.480,-0.480
175,busca,SEARCHING,0,3404,0,0,987,2080,333,1,0,320,240,0,0.0000,0.480,-0.480
176,busca,SEARCHING,0,3444,0,0,990,2097,354,0,1,320,240,0,0.0000,0.480,-0.480
177,busca,SEARCHING,0,3442,0,0,1007,2096,335,1,0,320,240,0,0.0000,0.480,-0.480
178,busca,SEARCHING,0,3434,0,0,1002,2098,331,1,0,320,240,0,0.0000,0.480,-0.480
179,busca,SEARCHING,0,3477,0,0,1017,2073,385,1,0,320,240,0,0.0000,0.480,-0.480
180,busca,SEARCHING,0,3443,0,0,992,2118,330,1,0,320,240,0,0.0000,0.480,-0.480
181,busca,SEARCHING,0,3377,0,0,989,2051,335,0,0,320,240,0,0.0000,0.480,-0.480
182,busca,SEARCHING,0,3445,0,0,1004,2102,335,1,2,320,240,0,0.0000,0.480,-0.480
183,busca,SEARCHING,0,3389,0,0,1004,2049,333,0,1,320,240,0,0.0000,0.480,-0.480
184,busca,SEARCHING,0,3437,0,0,989,2114,330,1,0,320,240,0,0.0000,0.480,-0.480
185,busca,SEARCHING,0,3454,0,0,1059,2066,327,0,1,320,240,0,0.0000,0.480,-0.480
186,busca,SEARCHING,0,3467,0,0,1011,2122,332,0,1,320,240,0,0.0000,0.480,-0.480
187,busca,SEARCHING,0,3404,0,0,1006,2059,335,2,1,320,240,0,0.0000,0.480,-0.480
188,busca,SEARCHING,0,3436,0,0,1002,2098,333,0,1,320,240,0,0.0000,0.480,-0.480
189,busca,SEARCHING,0,3415,0,0,1019,2064,329,1,0,320,240,0,0.0000,0.480,-0.480
190,busca,SEARCHING,0,3428,0,0,989,2106,330,0,1,320,240,0,0.0000,0.480,-0.480
191,busca,SEARCHING,0,3443,0,0,1038,2073,330,0,1,320,240,0,0.0000,0.480,-0.480
192,busca,SEARCHING,0,3433,0,0,997,2085,348,0,1,320,240,0,0.0000,0.480,-0.480
193,busca,SEARCHING,0,3425,0,0,1024,2066,332,1,0,320,240,0,0.0000,0.480,-0.480
194,busca,SEARCHING,0,3425,0,0,1001,2088,331,1,1,320,240,0,0.0000,0.480,-0.480
195,busca,SEARCHING,0,3466,0,0,1071,2065,328,0,0,320,240,0,0.0000,0.480,-0.480
196,busca,SEARCHING,0,3442,0,0,1000,2109,329,0,1,320,240,0,0.0000,0.480,-0.480
197,busca,SEARCHING,0,3457,0,0,1043,2066,346,0,1,320,240,0,0.0000,0.480,-0.480
198,busca,SEARCHING,0,3442,0,0,990,2097,352,1,0,320,240,0,0.0000,0.480,-0.480
199,busca,SEARCHING,0,3416,0,0,986,2097,330,0,1,320,240,0,0.0000,0.480,-0.480
200,busca,SEARCHING,0,3435,0,0,1004,2060,368,1,0,320,240,0,0.0000,0.480,-0.480
201,busca,SEARCHING,0,3435,0,0,1000,2104,329,1,0,320,240,0,0.0000,0.480,-0.480
202,busca,SEARCHING,0,3410,0,0,1013,2059,335,0,1,320,240,0,0.0000,0.480,-0.480
203,busca,SEARCHING,0,3416,0,0,988,2091,335,0,1,320,240,0,0.0000,0.480,-0.480
204,busca,SEARCHING,0,3447,0,0,1002,2115,328,0,1,320,240,0,0.0000,0.480,-0.480
205,busca,SEARCHING,0,3471,0,0,997,2138,332,1,1,320,240,0,0.0000,0.480,-0.480
206,busca,SEARCHING,0,3543,0,0,1045,2162,333,0,1,320,240,0,0.0000,0.480,-0.480
207,busca,SEARCHING,0,3617,0,0,1137,2144,332,1,1,320,240,0,0.0000,0.480,-0.480
208,busca,SEARCHING,0,3590,0,0,1015,2209,361,1,1,320,240,0,0.0000,0.480,-0.480
209,busca,SEARCHING,0,3585,0,0,1086,2111,384,1,1,320,240,0,0.0000,0.480,-0.480
210,busca,SEARCHING,0,3601,0,0,1059,2206,329,1,1,320,240,0,0.0000,0.480,-0.480
211,busca,SEARCHING,0,3540,0,0,1087,2117,333,1,1,320,240,0,0.0000,0.480,-0.480
212,busca,SEARCHING,0,3527,0,0,1019,2174,329,1,1,320,240,0,0.0000,0.480,-0.480
213,busca,SEARCHING,0,3569,0,0,1045,2180,339,1,1,320,240,0,0.0000,0.480,-0.480
214,busca,SEARCHING,0,3467,0,0,1073,2058,332,1,1,320,240,0,0.0000,0.480,-0.480
215,busca,SEARCHING,0,3448,0,0,1015,2097,331,1,1,320,240,0,0.0000,0.480,-0.480
216,busca,SEARCHING,0,3437,0,0,995,2113,327,1,0,320,240,0,0.0000,0.480,-0.480
217,busca,SEARCHING,0,3466,0,0,1002,2077,384,0,1,320,240,0,0.0000,0.480,-0.480
218,busca,SEARCHING,0,3462,0,0,1000,2125,334,0,1,320,240,0,0.0000,0.480,-0.480
219,busca,SEARCHING,0,3459,0,0,1012,2100,342,0,1,320,240,0,0.0000,0.480,-0.480
220,busca,SEARCHING,0,3459,0,0,1002,2117,335,0,1,320,240,0,0.0000,0.480,-0.480
221,busca,SEARCHING,0,3476,0,0,1057,2074,340,1,1,320,240,0,0.0000,0.480,-0.480
222,busca,SEARCHING,0,3495,0,0,1017,2141,333,1,1,320,240,0,0.0000,0.480,-0.480
223,busca,SEARCHING,0,3426,0,0,1007,2052,364,1,0,320,240,0,0.0000,0.480,-0.480
224,busca,SEARCHING,0,3445,0,0,999,2114,329,0,1,320,240,0,0.0000,0.480,-0.480
225,busca,SEARCHING,0,3476,0,0,1017,2116,341,0,1,320,240,0,0.0000,0.480,-0.480
226,busca,SEARCHING,0,3469,0,0,1012,2115,340,0,0,320,240,0,0.0000,0.480,-0.480
227,busca,SEARCHING,0,3474,0,0,1028,2108,336,0,1,320,240,0,0.0000,0.480,-0.480
228,busca,SEARCHING,0,3454,0,0,998,2119,334,1,0,320,240,0,0.0000,0.480,-0.480
229,busca,SEARCHING,0,3422,0,0,1020,2072,327,1,0,320,240,0,0.0000,0.480,-0.480
230,busca,SEARCHING,0,3423,0,0,990,2101,330,0,0,320,240,0,0.0000,0.480,-0.480
231,busca,SEARCHING,0,3439,0,0,1018,2055,362,0,0,320,240,0,0.0000,0.480,-0.480
232,busca,SEARCHING,0,3434,0,0,996,2100,335,1,0,320,240,0,0.0000,0.480,-0.480
233,busca,SEARCHING,0,3397,0,0,1006,2052,334,0,1,320,240,0,0.0000,0.480,-0.480
234,busca,SEARCHING,0,3442,0,0,1003,2101,335,1,1,320,240,0,0.0000,0.480,-0.480
235,busca,SEARCHING,0,3408,0,0,1012,2063,330,0,1,320,240,0,0.0000,0.480,-0.480
236,busca,SEARCHING,0,3427,0,0,1003,2092,329,0,1,320,240,0,0.0000,0.480,-0.480
237,busca,SEARCHING,0,3414,0,0,1022,2060,330,0,1,320,240,0,0.0000,0.480,-0.480
238,busca,SEARCHING,0,3451,0,0,1002,2116,329,0,1,320,240,0,0.0000,0.480,-0.480
239,busca,SEARCHING,0,3453,0,0,1039,2078,334,1,0,320,240,0,0.0000,0.480,-0.480
240,busca,SEARCHING,0,3471,0,0,1011,2110,348,0,0,320,240,0,0.0000,0.480,-0.480
241,busca,SEARCHING,0,3414,0,0,1007,2075,330,1,0,320,240,0,0.0000,0.480,-0.480
242,busca,SEARCHING,0,3432,0,0,989,2110,331,1,0,320,240,0,0.0000,0.480,-0.480
243,busca,SEARCHING,0,3419,0,0,1019,2067,327,2,0,320,240,0,0.0000,0.480,-0.480
244,busca,SEARCHING,0,3442,0,0,985,2121,332,0,1,320,240,0,0.0000,0.480,-0.480
245,busca,SEARCHING,0,3441,0,0,1038,2064,335,0,1,320,240,0,0.0000,0.480,-0.480
246,busca,SEARCHING,0,3430,0,0,990,2090,346,1,0,320,240,0,0.0000,0.480,-0.480
247,busca,SEARCHING,0,3430,0,0,1000,2098,330,0,0,320,240,0,0.0000,0.480,-0.480
248,busca,SEARCHING,0,3426,0,0,1004,2062,357,0,1,320,240,0,0.0000,0.480,-0.480
249,busca,SEARCHING,0,3487,0,0,1084,2065,333,0,1,320,240,0,0.0000,0.480,-0.480
250,busca,SEARCHING,0,3444,0,0,1011,2080,350,1,1,320,240,0,0.0000,0.480,-0.480
251,busca,SEARCHING,0,3447,0,0,1041,2071,331,1,1,320,240,0,0.0000,0.480,-0.480
252,busca,SEARCHING,0,3416,0,0,999,2087,327,0,1,320,240,0,0.0000,0.480,-0.480
253,busca,SEARCHING,0,3424,0,0,994,2099,328,1,1,320,240,0,0.0000,0.480,-0.480
254,busca,SEARCHING,0,3387,0,0,987,2067,328,1,0,320,240,0,0.0000,0.480,-0.480
255,busca,SEARCHING,0,3421,0,0,985,2096,334,1,1,320,240,0,0.0000,0.480,-0.480
256,busca,SEARCHING,0,3397,0,0,991,2070,334,0,1,320,240,0,0.0000,0.480,-0.480
257,busca,SEARCHING,0,3435,0,0,999,2104,330,0,0,320,240,0,0.0000,0.480,-0.480
258,busca,SEARCHING,0,3433,0,0,1006,2065,359,0,1,320,240,0,0.0000,0.480,-0.480
259,busca,SEARCHING,0,3463,0,0,988,2138,334,1,0,320,240,0,0.0000,0.480,-0.480
260,busca,SEARCHING,0,3528,0,0,1031,2117,376,1,1,320,240,0,0.0000,0.480,-0.480
261,busca,SEARCHING,0,3476,0,0,1011,2134,328,0,2,320,240,0,0.0000,0.480,-0.480
262,busca,SEARCHING,0,3384,0,0,996,2050,335,1,0,320,240,0,0.0000,0.480,-0.480
263,busca,SEARCHING,0,3453,0,0,1006,2111,334,0,1,320,240,0,0.0000,0.480,-0.480
264,busca,SEARCHING,0,3386,0,0,999,2050,333,2,0,320,240,0,0.0000,0.480,-0.480
265,busca,SEARCHING,0,3435,0,0,1003,2097,333,1,0,320,240,0,0.0000,0.480,-0.480
266,busca,SEARCHING,0,3431,0,0,1036,2063,329,0,1,320,240,0,0.0000,0.480,-0.480
267,busca,SEARCHING,0,3465,0,0,1001,2130,330,1,0,320,240,0,0.0000,0.480,-0.480
268,busca,SEARCHING,0,3402,0,0,1002,2064,333,0,1,320,240,0,0.0000,0.480,-0.480
269,busca,SEARCHING,0,3438,0,0,997,2102,335,1,0,320,240,0,0.0000,0.480,-0.480
270,busca,SEARCHING,0,3394,0,0,999,2061,330,0,1,320,240,0,0.0000,0.480,-0.480
271,busca,SEARCHING,0,3438,0,0,1003,2099,332,0,1,320,240,0,0.0000,0.480,-0.480
272,busca,SEARCHING,0,3439,0,0,1046,2061,330,0,0,320,240,0,0.0000,0.480,-0.480
273,busca,SEARCHING,0,3443,0,0,986,2108,341,0,1,320,240,0,0.0000,0.480,-0.480
274,busca,SEARCHING,0,3434,0,0,1032,2065,333,1,0,320,240,0,0.0000,0.480,-0.480
275,busca,SEARCHING,0,3422,0,0,984,2099,334,0,1,320,240,0,0.0000,0.480,-0.480
276,busca,SEARCHING,0,3453,0,0,1055,2068,327,0,0,320,240,0,0.0000,0.480,-0.480
277,busca,SEARCHING,0,3426,0,0,989,2105,329,0,1,320,240,0,0.0000,0.480,-0.480
278,busca,SEARCHING,0,3462,0,0,1062,2066,330,2,1,320,240,0,0.0000,0.480,-0.480
279,busca,SEARCHING,0,3437,0,0,991,2097,344,1,0,320,240,0,0.0000,0.480,-0.480
280,busca,SEARCHING,0,3422,0,0,1020,2067,333,1,0,320,240,0,0.0000,0.480,-0.480
281,busca,SEARCHING,0,3438,0,0,1018,2086,332,1,0,320,240,0,0.0000,0.480,-0.480
282,busca,SEARCHING,0,3439,0,0,1000,2106,330,1,0,320,240,0,0.0000,0.480,-0.480
283,busca,SEARCHING,0,3448,0,0,989,2076,381,0,1,320,240,0,0.0000,0.480,-0.480
284,busca,SEARCHING,0,3447,0,0,988,2114,342,0,1,320,240,0,0.0000,0.480,-0.480
285,busca,SEARCHING,0,3454,0,0,1008,2100,342,1,0,320,240,0,0.0000,0.480,-0.480
286,busca,SEARCHING,0,3423,0,0,1027,2066,326,1,0,320,240,0,0.0000,0.480,-0.480
287,busca,SEARCHING,0,3431,0,0,1001,2065,362,0,1,320,240,0,0.0000,0.480,-0.480
288,busca,SEARCHING,0,3409,0,0,993,2087,327,1,0,320,240,0,0.0000,0.480,-0.480
289,busca,SEARCHING,0,3402,0,0,1002,2062,336,0,1,320,240,0,0.0000,0.480,-0.480
290,busca,SEARCHING,0,3446,0,0,982,2107,353,2,1,320,240,0,0.0000,0.480,-0.480
291,busca,SEARCHING,0,3399,0,0,1006,2057,333,0,1,320,240,0,0.0000,0.480,-0.480
292,busca,SEARCHING,0,3449,0,0,1012,2106,328,0,1,320,240,0,0.0000,0.480,-0.480
293,busca,SEARCHING,0,3432,0,0,1037,2064,328,1,0,320,240,0,0.0000,0.480,-0.480
294,busca,SEARCHING,0,3475,0,0,1020,2121,330,1,0,320,240,0,0.0000,0.480,-0.480
295,busca,SEARCHING,0,3409,0,0,996,2077,333,1,1,320,240,0,0.0000,0.480,-0.480
296,busca,SEARCHING,0,3439,0,0,1000,2099,337,1,0,320,240,0,0.0000,0.480,-0.480
297,busca,SEARCHING,0,3430,0,0,1009,2086,330,1,3,320,240,0,0.0000,0.480,-0.480
298,busca,SEARCHING,0,3500,0,0,1062,2106,330,1,0,320,240,0,0.0000,0.480,-0.480
299,busca,SEARCHING,0,3446,0,0,1052,2059,332,0,1,320,240,0,0.0000,0.480,-0.480
300,busca,SEARCHING,0,3444,0,0,999,2112,328,1,2,320,240,0,0.0000,0.480,-0.480
301,busca,SEARCHING,0,3433,0,0,1038,2053,340,0,1,320,240,0,0.0000,0.480,-0.480
302,busca,SEARCHING,0,3503,0,0,1001,2109,391,0,1,320,240,0,0.0000,0.480,-0.480
303,busca,SEARCHING,0,3412,0,0,1004,2070,333,1,1,320,240,0,0.0000,0.480,-0.480
304,busca,SEARCHING,0,3455,0,0,1004,2110,337,1,1,320,240,0,0.0000,0.480,-0.480
305,busca,SEARCHING,0,3402,0,0,1010,2058,332,0,1,320,240,0,0.0000,0.480,-0.480
306,busca,SEARCHING,0,3428,0,0,1002,2092,330,1,0,320,240,0,0.0000,0.480,-0.480
307,busca,SEARCHING,0,3418,0,0,1018,2065,330,1,0,320,240,0,0.0000,0.480,-0.480
308,busca,SEARCHING,0,3463,0,0,1002,2127,331,0,1,320,240,0,0.0000,0.480,-0.480
309,busca,SEARCHING,0,3437,0,0,1026,2076,331,1,1,320,240,0,0.0000,0.480,-0.480
310,busca,SEARCHING,0,3439,0,0,1003,2100,333,0,1,320,240,0,0.0000,0.480,-0.480
311,busca,SEARCHING,0,3428,0,0,1042,2054,329,0,1,320,240,0,0.0000,0.480,-0.480
312,busca,SEARCHING,0,3434,0,0,1004,2095,332,0,1,320,240,0,0.0000,0.480,-0.480
313,busca,SEARCHING,0,3459,0,0,1062,2063,332,0,1,320,240,0,0.0000,0.480,-0.480
314,busca,SEARCHING,0,3426,0,0,999,2090,333,0,1,320,240,0,0.0000,0.480,-0.480
315,busca,SEARCHING,0,3441,0,0,1031,2063,345,0,1,320,240,0,0.0000,0.480,-0.480
316,busca,SEARCHING,0,3438,0,0,1008,2090,337,0,1,320,240,0,0.0000,0.480,-0.480
317,busca,SEARCHING,0,3447,0,0,996,2114,333,0,1,320,240,0,0.0000,0.480,-0.480
318,busca,SEARCHING,0,3423,0,0,1005,2051,362,0,2,320,240,0,0.0000,0.480,-0.480
319,busca,SEARCHING,0,3435,0,0,1001,2104,327,1,0,320,240,0,0.0000,0.480,-0.480
320,busca,SEARCHING,0,3412,0,0,996,2073,340,1,0,320,240,0,0.0000,0.480,-0.480
321,busca,SEARCHING,0,3477,0,0,1069,2070,334,1,2,320,240,0,0.0000,0.480,-0.480
322,busca,SEARCHING,0,3424,0,0,991,2095,335,0,1,320,240,0,0.0000,0.480,-0.480
323,busca,SEARCHING,0,3438,0,0,1004,2101,330,1,0,320,240,0,0.0000,0.480,-0.480
324,busca,SEARCHING,0,3417,0,0,991,2062,361,1,0,320,240,0,0.0000,0.480,-0.480
325,busca,SEARCHING,0,3452,0,0,985,2135,330,0,1,320,240,0,0.0000,0.480,-0.480
326,busca,SEARCHING,0,3410,0,0,994,2062,350,0,1,320,240,0,0.0000,0.480,-0.480
327,busca,SEARCHING,0,3414,0,0,996,2085,331,0,1,320,240,0,0.0000,0.480,-0.480
328,busca,SEARCHING,0,3431,0,0,1040,2061,328,0,1,320,240,0,0.0000,0.480,-0.480
329,busca,SEARCHING,0,3416,0,0,990,2092,332,0,1,320,240,0,0.0000,0.480,-0.480
330,busca,SEARCHING,0,3420,0,0,1015,2071,330,0,0,320,240,0,0.0000,0.480,-0.480
331,busca,SEARCHING,0,3447,0,0,998,2099,345,1,0,320,240,0,0.0000,0.480,-0.480
332,busca,SEARCHING,0,3391,0,0,999,2059,330,0,1,320,240,0,0.0000,0.480,-0.480
333,busca,SEARCHING,0,3417,0,0,992,2093,329,1,1,320,240,0,0.0000,0.480,-0.480
334,busca,SEARCHING,0,3442,0,0,1040,2068,331,0,1,320,240,0,0.0000,0.480,-0.480
335,busca,SEARCHING,0,3412,0,0,999,2080,330,0,1,320,240,0,0.0000,0.480,-0.480
336,busca,SEARCHING,0,3423,0,0,1010,2062,347,1,1,320,240,0,0.0000,0.480,-0.480
337,busca,SEARCHING,0,3441,0,0,1003,2090,344,1,1,320,240,0,0.0000,0.480,-0.480
338,busca,SEARCHING,0,3434,0,0,998,2099,331,0,1,320,240,0,0.0000,0.480,-0.480
339,busca,SEARCHING,0,3449,0,0,1004,2112,330,1,0,320,240,0,0.0000,0.480,-0.480
340,busca,SEARCHING,0,3447,0,0,1046,2064,331,1,0,320,240,0,0.0000,0.480,-0.480
341,busca,SEARCHING,0,3429,0,0,988,2093,345,0,1,320,240,0,0.0000,0.480,-0.480
342,busca,SEARCHING,0,3427,0,0,1018,2073,333,1,1,320,240,0,0.0000,0.480,-0.480
343,busca,SEARCHING,0,3416,0,0,987,2099,327,0,1,320,240,0,0.0000,0.480,-0.480
344,busca,SEARCHING,0,3439,0,0,999,2106,330,0,1,320,240,0,0.0000,0.480,-0.480
345,busca,SEARCHING,0,3423,0,0,984,2065,372,0,1,320,240,0,0.0000,0.480,-0.480
346,busca,SEARCHING,0,3447,0,0,986,2125,333,1,1,320,240,0,0.0000,0.480,-0.480
347,busca,SEARCHING,0,3397,0,0,999,2061,334,0,0,320,240,0,0.0000,0.480,-0.480
348,busca,SEARCHING,0,3467,0,0,1056,2075,331,1,1,320,240,0,0.0000,0.480,-0.480
349,busca,SEARCHING,0,3432,0,0,993,2108,329,0,0,320,240,0,0.0000,0.480,-0.480
350,busca,SEARCHING,0,3444,0,0,1002,2109,329,0,0,320,240,0,0.0000,0.480,-0.480
351,busca,SEARCHING,0,3390,0,0,989,2068,331,1,0,320,240,0,0.0000,0.480,-0.480
352,busca,SEARCHING,0,3455,0,0,1001,2103,349,0,0,320,240,0,0.0000,0.480,-0.480
353,busca,SEARCHING,0,3415,0,0,1004,2066,340,1,0,320,240,0,0.0000,0.480,-0.480
354,busca,SEARCHING,0,3436,0,0,1002,2103,328,0,1,320,240,0,0.0000,0.480,-0.480
355,busca,SEARCHING,0,3428,0,0,1035,2061,328,0,1,320,240,0,0.0000,0.480,-0.480
356,busca,SEARCHING,0,3438,0,0,994,2112,329,0,1,320,240,0,0.0000,0.480,-0.480
357,busca,SEARCHING,0,3405,0,0,1005,2061,336,0,1,320,240,0,0.0000,0.480,-0.480
358,busca,SEARCHING,0,3451,0,0,999,2107,343,0,0,320,240,0,0.0000,0.480,-0.480
359,busca,SEARCHING,0,3393,0,0,1002,2061,327,1,0,320,240,0,0.0000,0.480,-0.480
360,busca,SEARCHING,0,3434,0,0,1002,2099,331,0,0,320,240,0,0.0000,0.480,-0.480
361,busca,SEARCHING,0,3426,0,0,1035,2060,327,1,0,320,240,0,0.0000,0.480,-0.480
362,busca,SEARCHING,0,3448,0,0,987,2123,335,0,1,320,240,0,0.0000,0.480,-0.480
363,busca,SEARCHING,0,3440,0,0,1040,2062,336,0,1,320,240,0,0.0000,0.480,-0.480
364,busca,SEARCHING,0,3421,0,0,985,2096,336,1,0,320,240,0,0.0000,0.480,-0.480
365,busca,SEARCHING,0,3421,0,0,989,2100,330,0,1,320,240,0,0.0000,0.480,-0.480
366,busca,SEARCHING,0,3447,0,0,1006,2107,330,1,1,320,240,0,0.0000,0.480,-0.480
367,busca,SEARCHING,0,3449,0,0,1044,2068,333,2,1,320,240,0,0.0000,0.480,-0.480
368,busca,SEARCHING,0,3446,0,0,1003,2091,347,0,2,320,240,0,0.0000,0.480,-0.480
369,busca,SEARCHING,0,3454,0,0,1042,2065,341,3,1,320,240,0,0.0000,0.480,-0.480
370,busca,SEARCHING,0,3432,0,0,1006,2091,332,0,1,320,240,0,0.0000,0.480,-0.480
371,busca,SEARCHING,0,3434,0,0,997,2107,327,0,1,320,240,0,0.0000,0.480,-0.480
372,busca,SEARCHING,0,3387,0,0,989,2068,328,0,1,320,240,0,0.0000,0.480,-0.480
373,busca,SEARCHING,0,3449,0,0,993,2104,350,0,1,320,240,0,0.0000,0.480,-0.480
374,busca,SEARCHING,0,3408,0,0,1013,2061,330,1,0,320,240,0,0.0000,0.480,-0.480
375,busca,SEARCHING,0,3457,0,0,1015,2108,331,1,0,320,240,0,0.0000,0.480,-0.480
376,busca,SEARCHING,0,3421,0,0,998,2061,359,0,1,320,240,0,0.0000,0.480,-0.480
377,busca,SEARCHING,0,3435,0,0,992,2113,328,0,1,320,240,0,0.0000,0.480,-0.480
378,busca,SEARCHING,0,3400,0,0,1002,2059,334,1,0,320,240,0,0.0000,0.480,-0.480
379,busca,SEARCHING,0,3447,0,0,999,2111,333,0,0,320,240,0,0.0000,0.480,-0.480
380,busca,SEARCHING,0,3383,0,0,990,2061,329,0,1,320,240,0,0.0000,0.480,-0.480
381,busca,SEARCHING,0,3416,0,0,999,2087,328,0,1,320,240,0,0.0000,0.480,-0.480
382,busca,SEARCHING,0,3443,0,0,1019,2072,333,0,1,320,240,0,0.0000,0.480,-0.480
383,busca,SEARCHING,0,3504,0,0,1009,2159,328,1,1,320,240,0,0.0000,0.480,-0.480
384,busca,SEARCHING,0,3518,0,0,1022,2093,396,0,1,320,240,0,0.0000,0.480,-0.480
385,busca,SEARCHING,0,3722,0,0,1030,2349,335,1,1,320,240,0,0.0000,0.480,-0.480
386,busca,SEARCHING,0,3588,0,0,1051,2192,340,1,1,320,240,0,0.0000,0.480,-0.480
387,busca,SEARCHING,0,3568,0,0,1079,2146,339,2,0,320,240,0,0.0000,0.480,-0.480
388,busca,SEARCHING,0,3619,0,0,1051,2227,331,3,1,320,240,0,0.0000,0.480,-0.480
389,busca,SEARCHING,0,3616,0,0,1108,2173,331,1,1,320,240,0,0.0000,0.480,-0.480
390,busca,SEARCHING,0,3574,0,0,1053,2182,336,0,1,320,240,0,0.0000,0.480,-0.480
391,busca,SEARCHING,0,3434,0,0,1037,2061,332,1,0,320,240,0,0.0000,0.480,-0.480
392,busca,SEARCHING,0,3486,0,0,1012,2141,329,1,1,320,240,0,0.0000,0.480,-0.480
393,busca,SEARCHING,0,3439,0,0,1009,2061,365,0,1,320,240,0,0.0000,0.480,-0.480
394,busca,SEARCHING,0,3450,0,0,1006,2112,329,1,0,320,240,0,0.0000,0.480,-0.480
395,busca,SEARCHING,0,3409,0,0,995,2076,334,0,1,320,240,0,0.0000,0.480,-0.480
396,busca,SEARCHING,0,3467,0,0,1003,2125,336,0,1,320,240,0,0.0000,0.480,-0.480
397,busca,SEARCHING,0,3624,0,0,996,2157,430,0,3,320,240,0,0.0000,0.480,-0.480
398,busca,SEARCHING,0,3467,0,0,1005,2124,336,0,0,320,240,0,0.0000,0.480,-0.480
399,busca,SEARCHING,0,3416,0,0,1020,2061,332,0,1,320,240,0,0.0000,0.480,-0.480
400,aquisicao,TRACKING,1,3456,0,0,1007,2097,347,2,1,320,240,0,-0.5875,-0.397,0.849
401,aquisicao,TRACKING,1,836,0,0,249,500,81,2,1,131,131,0,-0.5813,-0.382,0.840
402,aquisicao,TRACKING,1,790,0,0,227,479,79,2,0,131,131,0,-0.5688,-0.356,0.825
403,aquisicao,TRACKING,1,802,0,0,233,481,85,1,1,131,131,0,-0.5625,-0.350,0.824
404,aquisicao,TRACKING,1,801,0,0,229,487,79,3,1,131,131,0,-0.5500,-0.328,0.813
405,aquisicao,TRACKING,1,812,0,0,235,495,79,1,1,131,131,0,-0.5375,-0.310,0.805
406,aquisicao,TRACKING,1,812,0,0,229,481,98,1,0,131,131,0,-0.5188,-0.278,0.790
407,aquisicao,TRACKING,1,805,0,0,237,481,81,2,1,131,131,0,-0.5000,-0.251,0.779
408,aquisicao,TRACKING,1,805,0,0,225,500,78,1,1,131,131,0,-0.4812,-0.226,0.770
409,aquisicao,TRACKING,1,834,0,0,265,488,79,1,0,131,131,0,-0.4625,-0.202,0.762
410,aquisicao,TRACKING,1,832,0,0,228,513,83,0,2,131,131,0,-0.4500,0.207,0.765
411,aquisicao,TRACKING,1,825,0,0,227,513,79,3,1,131,131,0,-0.4313,0.232,0.756
412,aquisicao,TRACKING,1,808,0,0,227,499,78,1,1,131,131,0,-0.4125,0.256,0.748
413,aquisicao,TRACKING,1,800,0,0,232,480,85,1,1,131,131,0,-0.4000,0.264,0.750
414,aquisicao,TRACKING,1,800,0,0,237,481,80,1,1,131,131,0,-0.3875,0.275,0.750
415,aquisicao,TRACKING,1,863,0,0,253,523,82,2,0,131,131,0,-0.3688,0.302,0.740
416,aquisicao,TRACKING,1,812,0,0,235,496,78,1,1,131,131,0,-0.3562,0.312,0.740
417,aquisicao,TRACKING,1,798,0,0,226,484,82,1,2,131,131,0,-0.3438,0.324,0.739
418,aquisicao,TRACKING,1,789,0,0,228,480,78,1,1,131,131,0,-0.3313,0.337,0.737
419,aquisicao,TRACKING,1,797,0,0,230,483,81,1,1,131,131,0,-0.3187,0.350,0.734
420,aquisicao,TRACKING,1,809,0,0,226,500,80,1,0,131,131,0,-0.3000,0.378,0.722
421,aquisicao,TRACKING,1,792,0,0,228,483,78,1,1,131,131,0,-0.2875,0.390,0.722
422,aquisicao,TRACKING,1,788,0,0,228,478,79,1,0,131,131,0,-0.2750,0.402,0.720
423,aquisicao,TRACKING,1,810,0,0,227,498,82,2,1,131,131,0,-0.2625,0.415,0.718
424,aquisicao,TRACKING,1,797,0,0,227,486,78,3,1,131,131,0,-0.2500,0.429,0.715
425,aquisicao,TRACKING,1,786,0,0,226,479,78,1,1,131,131,0,-0.2375,0.443,0.712
426,aquisicao,TRACKING,1,809,0,0,247,481,78,1,0,131,131,0,-0.2250,0.457,0.708
427,aquisicao,TRACKING,1,802,0,0,228,489,81,1,1,131,131,0,-0.2125,0.471,0.705
428,aquisicao,TRACKING,1,827,0,0,250,488,84,3,0,131,131,0,-0.2000,0.486,0.701
429,aquisicao,TRACKING,1,821,0,0,249,483,85,1,1,131,131,0,-0.1875,0.500,0.698
430,aquisicao,TRACKING,1,800,0,0,232,485,78,3,1,131,131,0,-0.1750,0.514,0.694
431,aquisicao,TRACKING,1,811,0,0,226,501,78,3,0,131,131,0,-0.1625,0.529,0.691
432,aquisicao,TRACKING,1,817,0,0,223,509,83,0,1,131,131,0,-0.1500,0.543,0.687
433,aquisicao,TRACKING,1,815,0,0,228,507,78,1,0,131,131,0,-0.1375,0.558,0.684
434,aquisicao,TRACKING,1,793,0,0,224,487,78,0,0,131,131,0,-0.1250,0.572,0.680
435,aquisicao,TRACKING,1,788,0,0,222,483,81,1,1,131,131,0,-0.1125,0.586,0.676
436,aquisicao,TRACKING,1,787,0,0,224,479,81,1,0,131,131,0,-0.1000,0.601,0.673
437,aquisicao,TRACKING,1,794,0,0,226,482,82,1,1,131,131,0,-0.0875,0.615,0.669
438,aquisicao,TRACKING,1,811,0,0,230,499,79,1,1,131,131,0,-0.0750,0.630,0.666
439,aquisicao,TRACKING,1,809,0,0,227,486,93,1,1,131,131,0,-0.0625,0.644,0.662
440,aquisicao,TRACKING,1,784,0,0,225,479,77,1,1,131,131,0,-0.0562,0.644,0.667
441,aquisicao,TRACKING,1,791,0,0,227,481,80,1,1,131,131,0,-0.0437,0.661,0.661
442,aquisicao,TRACKING,1,835,0,0,241,505,82,1,3,131,131,0,-0.0312,0.677,0.656
443,aquisicao,TRACKING,1,842,0,0,260,497,80,1,1,131,131,0,-0.0188,0.693,0.651
444,aquisicao,TRACKING,1,819,0,0,238,499,79,1,0,131,131,0,-0.0063,0.708,0.647
445,aquisicao,TRACKING,1,805,0,0,236,484,82,1,1,131,131,0,0.0063,0.717,0.637
446,aquisicao,TRACKING,1,792,0,0,233,478,78,1,1,131,131,0,0.0188,0.721,0.623
447,aquisicao,TRACKING,1,803,0,0,237,484,79,1,1,131,131,0,0.0312,0.725,0.608
448,aquisicao,TRACKING,1,797,0,0,228,487,78,1,2,131,131,0,0.0437,0.728,0.594
449,aquisicao,TRACKING,1,803,0,0,236,483,81,1,1,131,131,0,0.0562,0.732,0.579
450,aquisicao,TRACKING,1,795,0,0,232,480,78,3,0,131,131,0,0.0688,0.736,0.565
451,aquisicao,TRACKING,1,798,0,0,232,484,78,1,2,131,131,0,0.0812,0.739,0.550
452,aquisicao,TRACKING,1,798,0,0,230,486,79,1,1,131,131,0,0.0938,0.743,0.536
453,aquisicao,TRACKING,1,831,0,0,222,509,97,2,1,131,131,0,0.1063,0.747,0.522
454,aquisicao,TRACKING,1,827,0,0,235,510,78,2,0,131,131,0,0.1187,0.750,0.507
455,aquisicao,TRACKING,1,816,0,0,229,484,100,1,0,131,131,0,0.1312,0.754,0.493
456,aquisicao,TRACKING,1,882,0,0,290,507,81,1,1,131,131,0,0.1437,0.757,0.478
457,aquisicao,TRACKING,1,812,0,0,227,505,78,1,0,131,131,0,0.1562,0.761,0.464
458,aquisicao,TRACKING,1,831,0,0,243,507,78,1,1,131,131,0,0.1688,0.765,0.450
459,aquisicao,TRACKING,1,811,0,0,231,500,77,2,0,131,131,0,0.1813,0.768,0.435
460,aquisicao,TRACKING,1,794,0,0,226,484,81,1,1,131,131,0,0.1937,0.772,0.421
461,aquisicao,TRACKING,1,793,0,0,229,479,82,1,1,131,131,0,0.2125,0.784,0.392
462,aquisicao,TRACKING,1,801,0,0,236,483,79,1,1,131,131,0,0.2250,0.785,0.380
463,aquisicao,TRACKING,1,807,0,0,226,499,79,1,0,131,131,0,0.2375,0.787,0.368
464,aquisicao,TRACKING,1,793,0,0,225,481,83,2,1,131,131,0,0.2500,0.790,0.354
465,aquisicao,TRACKING,1,794,0,0,234,479,78,1,1,131,131,0,0.2625,0.793,0.341
466,aquisicao,TRACKING,1,787,0,0,221,485,78,1,1,131,131,0,0.2750,0.796,0.327
467,aquisicao,TRACKING,1,795,0,0,228,486,78,1,0,131,131,0,0.2875,0.799,0.312
468,aquisicao,TRACKING,1,785,0,0,225,480,78,1,1,131,131,0,0.3000,0.803,0.298
469,aquisicao,TRACKING,1,802,0,0,236,483,79,1,1,131,131,0,0.3125,0.806,0.284
470,aquisicao,TRACKING,1,826,0,0,241,500,79,1,0,131,131,0,0.3250,0.810,0.270
471,aquisicao,TRACKING,1,796,0,0,231,483,80,1,0,131,131,0,0.3375,0.813,0.255
472,aquisicao,TRACKING,1,790,0,0,231,479,78,1,0,131,131,0,0.3500,0.817,0.241
473,aquisicao,TRACKING,1,810,0,0,234,494,78,1,1,131,131,0,0.3625,0.820,0.226
474,aquisicao,TRACKING,1,810,0,0,226,501,78,3,1,131,131,0,0.3750,0.824,0.212
475,aquisicao,TRACKING,1,810,0,0,222,503,82,2,1,131,131,0,0.3875,0.828,-0.202
476,aquisicao,TRACKING,1,828,0,0,237,508,78,3,1,131,131,0,0.4000,0.831,-0.217
477,aquisicao,TRACKING,1,859,0,0,226,494,77,57,1,131,131,0,0.4125,0.835,-0.231
478,aquisicao,TRACKING,1,798,0,0,229,487,79,1,0,131,131,0,0.4250,0.838,-0.246
479,aquisicao,TRACKING,1,784,0,0,226,476,80,1,0,131,131,0,0.4375,0.842,-0.260
480,aquisicao,TRACKING,1,796,0,0,227,482,82,3,1,131,131,0,0.4500,0.846,-0.274
481,aquisicao,TRACKING,1,795,0,0,228,486,78,2,0,131,131,0,0.4625,0.849,-0.289
482,aquisicao,TRACKING,1,790,0,0,224,479,84,1,1,131,131,0,0.4750,0.853,-0.303
483,aquisicao,TRACKING,1,792,0,0,233,475,81,1,1,131,131,0,0.4875,0.856,-0.318
484,aquisicao,TRACKING,1,821,0,0,244,491,82,1,1,131,131,0,0.5000,0.860,-0.332
485,aquisicao,TRACKING,1,817,0,0,231,505,77,1,0,131,131,0,0.5125,0.864,-0.346
486,aquisicao,TRACKING,1,794,0,0,232,481,78,1,1,131,131,0,0.5188,0.858,-0.346
487,aquisicao,TRACKING,1,795,0,0,230,482,80,0,1,131,131,0,0.5312,0.865,-0.364
488,aquisicao,TRACKING,1,796,0,0,228,483,80,1,1,131,131,0,0.5437,0.870,-0.380
489,aquisicao,TRACKING,1,796,0,0,229,483,77,1,0,131,131,0,0.5562,0.875,-0.395
490,aquisicao,TRACKING,1,792,0,0,232,480,77,1,0,131,131,0,0.5688,0.879,-0.410
491,aquisicao,TRACKING,1,796,0,0,223,489,78,4,0,131,131,0,0.5813,0.883,-0.425
492,aquisicao,TRACKING,1,821,0,0,249,489,78,2,1,131,131,0,0.5938,0.887,-0.440
493,aquisicao,TRACKING,1,809,0,0,226,501,78,1,2,131,131,0,0.6062,0.890,-0.454
494,aquisicao,TRACKING,1,836,0,0,227,526,80,1,1,131,131,0,0.6187,0.894,-0.469
495,aquisicao,TRACKING,1,802,0,0,224,496,78,1,1,131,131,0,0.6313,0.898,-0.483
496,aquisicao,TRACKING,1,768,0,0,218,468,77,3,1,129,131,0,0.6438,0.901,-0.498
497,aquisicao,TRACKING,1,779,0,0,220,479,77,1,1,127,131,0,0.6562,0.905,-0.512
498,aquisicao,TRACKING,1,815,0,0,220,477,111,1,1,125,131,0,0.6687,0.909,-0.526
499,aquisicao,TRACKING,1,755,0,0,212,469,73,0,0,123,131,0,0.6812,0.912,-0.541
500,aquisicao,TRACKING,1,725,0,0,211,439,72,1,1,121,131,0,0.6938,0.916,-0.555
501,aquisicao,TRACKING,1,744,0,0,203,465,75,0,0,119,131,0,0.7063,0.919,-0.570
502,aquisicao,TRACKING,1,748,0,0,198,438,106,2,2,117,131,0,0.7250,0.932,-0.598
503,aquisicao,TRACKING,1,737,0,0,210,440,84,1,1,115,131,0,0.7375,0.933,-0.610
504,aquisicao,TRACKING,1,700,0,0,217,409,71,1,0,113,131,0,0.7500,0.935,-0.623
505,aquisicao,TRACKING,1,712,0,0,196,448,67,1,0,111,131,0,0.7625,0.937,-0.636
506,aquisicao,TRACKING,1,667,0,0,186,413,66,1,0,109,131,0,0.7750,0.940,-0.650
507,aquisicao,TRACKING,1,672,0,0,201,403,64,1,1,107,131,0,0.7875,0.943,-0.664
508,aquisicao,TRACKING,1,659,0,0,203,386,68,1,1,105,131,0,0.8000,0.947,-0.678
509,aquisicao,TRACKING,1,659,0,0,181,414,62,1,1,103,131,0,0.8125,0.950,-0.692
510,aquisicao,TRACKING,1,624,0,0,172,385,63,2,1,101,131,0,0.8250,0.954,-0.707
511,aquisicao,TRACKING,1,633,0,0,196,369,60,4,1,99,131,0,0.8375,0.957,-0.721
512,aquisicao,TRACKING,1,630,0,0,192,372,62,1,1,97,131,0,0.8500,0.961,-0.735
513,aquisicao,TRACKING,1,606,0,0,175,371,57,1,0,95,131,0,0.8625,0.964,-0.750
514,aquisicao,TRACKING,1,595,0,0,165,369,57,1,1,93,131,0,0.8750,0.968,-0.764
515,aquisicao,TRACKING,1,569,0,0,164,346,56,1,1,91,131,0,0.8750,0.954,-0.750
516,aquisicao,TRACKING,1,605,0,0,172,370,60,1,1,94,131,0,0.8625,0.927,-0.712
517,aquisicao,TRACKING,1,590,0,0,173,355,59,1,1,97,131,0,0.8500,0.910,-0.684
518,aquisicao,TRACKING,1,634,0,0,190,379,61,3,1,100,131,0,0.8250,0.880,-0.632
519,aquisicao,TRACKING,1,666,0,0,203,399,62,1,1,103,131,0,0.8000,0.859,-0.590
520,aquisicao,TRACKING,1,689,0,0,187,420,76,2,3,106,131,0,0.7688,0.834,-0.539
521,aquisicao,TRACKING,1,690,0,0,191,432,65,2,0,109,131,0,0.7437,0.825,-0.508
522,aquisicao,TRACKING,1,670,0,0,197,403,67,1,1,112,131,0,0.7125,0.808,-0.463
523,aquisicao,TRACKING,1,703,0,0,194,439,68,1,0,115,131,0,0.6812,0.794,-0.422
524,aquisicao,TRACKING,1,726,0,0,198,455,71,0,1,118,131,0,0.6500,0.782,-0.383
525,aquisicao,TRACKING,1,724,0,0,210,439,71,1,1,121,131,0,0.6187,0.771,-0.346
526,aquisicao,TRACKING,1,787,0,0,222,485,76,1,1,124,131,0,0.5938,0.770,-0.323
527,aquisicao,TRACKING,1,784,0,0,219,482,78,1,2,127,131,0,0.5625,0.757,-0.283
528,aquisicao,TRACKING,1,782,0,0,227,473,78,1,1,130,131,0,0.5375,0.755,-0.260
529,aquisicao,TRACKING,1,810,0,0,228,499,79,2,1,131,131,0,0.5125,0.751,-0.234
530,aquisicao,TRACKING,1,799,0,0,231,484,81,1,0,131,131,0,0.4875,0.746,-0.207
531,aquisicao,TRACKING,1,799,0,0,227,485,81,2,0,131,131,0,0.4625,0.740,0.221
532,aquisicao,TRACKING,1,806,0,0,243,481,78,2,0,131,131,0,0.4437,0.742,0.235
533,aquisicao,TRACKING,1,827,0,0,248,494,81,1,1,131,131,0,0.4187,0.732,0.266
534,aquisicao,TRACKING,1,828,0,0,238,505,81,1,1,131,131,0,0.4000,0.733,0.282
535,aquisicao,TRACKING,1,843,0,0,262,486,92,2,0,131,131,0,0.3812,0.731,0.300
536,aquisicao,TRACKING,1,832,0,0,231,516,82,1,1,131,131,0,0.3625,0.727,0.319
537,aquisicao,TRACKING,1,819,0,0,230,507,78,2,0,131,131,0,0.3438,0.723,0.340
538,aquisicao,TRACKING,1,813,0,0,231,498,79,1,1,131,131,0,0.3250,0.718,0.361
539,aquisicao,TRACKING,1,802,0,0,224,492,83,1,1,131,131,0,0.3063,0.714,0.382
540,aquisicao,TRACKING,1,866,0,0,249,532,79,1,1,131,131,0,0.2875,0.708,0.403
541,aquisicao,TRACKING,1,853,0,0,241,528,81,1,1,131,131,0,0.2688,0.703,0.425
542,aquisicao,TRACKING,1,799,0,0,231,485,80,1,1,131,131,0,0.2500,0.698,0.446
543,aquisicao,TRACKING,1,793,0,0,228,483,79,1,1,131,131,0,0.2313,0.693,0.468
544,aquisicao,TRACKING,1,795,0,0,231,480,78,3,1,131,131,0,0.2125,0.687,0.489
545,aquisicao,TRACKING,1,791,0,0,226,484,78,1,1,131,131,0,0.1937,0.682,0.511
546,aquisicao,TRACKING,1,794,0,0,228,483,80,1,1,131,131,0,0.1750,0.676,0.532
547,aquisicao,TRACKING,1,790,0,0,224,479,84,1,1,131,131,0,0.1562,0.671,0.554
548,aquisicao,TRACKING,1,810,0,0,245,479,82,1,1,131,131,0,0.1375,0.666,0.576
549,aquisicao,TRACKING,1,810,0,0,227,495,82,1,3,131,131,0,0.1187,0.660,0.597
550,aquisicao,TRACKING,1,815,0,0,228,506,78,1,1,131,131,0,0.1000,0.655,0.619
551,aquisicao,TRACKING,1,802,0,0,225,480,93,1,1,131,131,0,0.0812,0.649,0.640
552,aquisicao,TRACKING,1,807,0,0,243,483,79,0,1,131,131,0,0.0625,0.644,0.662
553,aquisicao,TRACKING,1,813,0,0,228,501,79,1,1,131,131,0,0.0437,0.639,0.684
554,aquisicao,TRACKING,1,819,0,0,244,492,79,1,1,131,131,0,0.0312,0.642,0.691
555,aquisicao,TRACKING,1,796,0,0,234,480,79,1,0,131,131,0,0.0125,0.634,0.715
556,aquisicao,TRACKING,1,799,0,0,236,480,78,3,1,131,131,0,-0.0063,0.621,0.733
557,aquisicao,TRACKING,1,804,0,0,232,488,80,1,1,131,131,0,-0.0250,0.599,0.740
558,aquisicao,TRACKING,1,839,0,0,257,498,81,1,0,131,131,0,-0.0437,0.577,0.746
559,aquisicao,TRACKING,1,824,0,0,230,514,77,1,1,131,131,0,-0.0625,0.555,0.751
560,aquisicao,TRACKING,1,828,0,0,229,514,82,1,1,131,131,0,-0.0812,0.533,0.757
561,aquisicao,TRACKING,1,810,0,0,227,502,78,1,1,131,131,0,-0.1000,0.511,0.763
562,aquisicao,TRACKING,1,797,0,0,229,480,83,1,3,131,131,0,-0.1187,0.489,0.768
563,aquisicao,TRACKING,1,795,0,0,236,478,78,1,0,131,131,0,-0.1375,0.468,0.774
564,aquisicao,TRACKING,1,805,0,0,223,500,78,1,1,131,131,0,-0.1562,0.446,0.779
565,aquisicao,TRACKING,1,805,0,0,226,498,79,1,0,131,131,0,-0.1750,0.424,0.784
566,aquisicao,TRACKING,1,787,0,0,225,480,78,1,1,131,131,0,-0.1937,0.403,0.790
567,aquisicao,TRACKING,1,804,0,0,242,481,77,1,0,131,131,0,-0.2125,0.381,0.795
568,aquisicao,TRACKING,1,818,0,0,243,492,80,1,1,131,131,0,-0.2313,0.360,0.801
569,aquisicao,TRACKING,1,795,0,0,226,482,81,3,1,131,131,0,-0.2500,0.338,0.806
570,aquisicao,TRACKING,1,799,0,0,239,479,77,1,0,131,131,0,-0.2688,0.316,0.811
571,aquisicao,TRACKING,1,798,0,0,229,486,78,1,3,131,131,0,-0.2875,0.295,0.817
572,aquisicao,TRACKING,1,811,0,0,224,504,79,1,0,131,131,0,-0.3063,0.273,0.822
573,aquisicao,TRACKING,1,794,0,0,227,484,79,1,1,131,131,0,-0.3250,0.252,0.828
574,aquisicao,TRACKING,1,809,0,0,246,481,77,2,2,131,131,0,-0.3438,0.230,0.833
575,aquisicao,TRACKING,1,802,0,0,229,491,78,1,0,131,131,0,-0.3688,-0.206,0.847
576,aquisicao,TRACKING,1,851,0,0,267,503,78,1,1,131,131,0,-0.3875,-0.225,0.850
577,aquisicao,TRACKING,1,837,0,0,223,525,83,1,1,131,131,0,-0.4062,-0.245,0.854
578,aquisicao,TRACKING,1,838,0,0,243,510,81,1,0,131,131,0,-0.4250,-0.265,0.858
579,aquisicao,TRACKING,1,826,0,0,223,496,78,26,1,131,131,0,-0.4437,-0.286,0.863
580,aquisicao,TRACKING,1,816,0,0,235,496,82,1,0,131,131,0,-0.4625,-0.307,0.868
581,aquisicao,TRACKING,1,786,0,0,225,480,78,1,1,131,131,0,-0.4812,-0.329,0.873
582,aquisicao,TRACKING,1,874,0,0,255,527,87,1,1,131,131,0,-0.5000,-0.350,0.878
583,aquisicao,TRACKING,1,811,0,0,236,495,77,1,1,131,131,0,-0.5188,-0.372,0.884
584,aquisicao,TRACKING,1,798,0,0,230,487,79,2,0,131,131,0,-0.5375,-0.393,0.889
585,aquisicao,TRACKING,1,797,0,0,236,480,78,1,1,131,131,0,-0.5562,-0.415,0.894
586,aquisicao,TRACKING,1,799,0,0,230,486,80,2,1,131,131,0,-0.5750,-0.436,0.900
587,aquisicao,TRACKING,1,812,0,0,226,504,79,1,0,131,131,0,-0.5938,-0.458,0.905
588,aquisicao,TRACKING,1,793,0,0,224,486,77,1,0,131,131,0,-0.6125,-0.480,0.910
589,aquisicao,TRACKING,1,803,0,0,238,481,77,2,2,131,131,0,-0.6313,-0.501,0.916
590,aquisicao,TRACKING,1,810,0,0,228,497,81,1,0,131,131,0,-0.6500,-0.523,0.921
591,aquisicao,TRACKING,1,797,0,0,230,486,78,1,1,131,131,0,-0.6687,-0.544,0.927
592,aquisicao,TRACKING,1,785,0,0,221,467,94,1,1,129,131,0,-0.6875,-0.566,0.932
593,aquisicao,TRACKING,1,775,0,0,225,473,74,1,1,126,131,0,-0.7063,-0.588,0.937
594,aquisicao,TRACKING,1,755,0,0,208,473,72,1,1,123,131,0,-0.7250,-0.609,0.943
595,aquisicao,TRACKING,1,759,0,0,230,436,89,2,0,120,131,0,-0.7375,-0.616,0.939
596,aquisicao,TRACKING,1,764,0,0,244,440,73,1,3,117,131,0,-0.7563,-0.641,0.947
597,aquisicao,TRACKING,1,713,0,0,200,440,68,1,1,114,131,0,-0.7750,-0.664,0.955
598,aquisicao,TRACKING,1,716,0,0,191,456,65,1,1,111,131,0,-0.7937,-0.687,0.961
599,aquisicao,TRACKING,1,695,0,0,197,408,87,2,0,108,131,0,-0.8125,-0.709,0.967
600,aquisicao,TRACKING,1,644,0,0,182,396,63,1,1,105,131,0,-0.8313,-0.731,0.973
601,aquisicao,TRACKING,1,640,0,0,190,385,63,1,1,102,131,0,-0.8500,-0.753,0.978
602,aquisicao,TRACKING,1,611,0,0,172,377,60,1,0,99,131,0,-0.8687,-0.775,0.984
603,aquisicao,TRACKING,1,571,0,0,163,348,57,1,1,96,131,0,-0.8875,-0.796,0.989
604,aquisicao,TRACKING,1,587,0,0,165,364,56,1,0,93,131,0,-0.9062,-0.818,0.995
605,aquisicao,TRACKING,1,570,0,0,160,350,55,1,1,92,131,0,-0.9125,-0.811,0.982
606,aquisicao,TRACKING,1,609,0,0,167,382,57,1,0,94,131,0,-0.9062,-0.781,0.958
607,aquisicao,TRACKING,1,609,0,0,167,381,58,1,1,96,131,0,-0.8938,-0.745,0.933
608,aquisicao,TRACKING,1,612,0,0,169,381,59,2,1,98,131,0,-0.8750,-0.704,0.908
609,aquisicao,TRACKING,1,614,0,0,175,371,65,2,0,100,131,0,-0.8500,-0.656,0.881
610,aquisicao,TRACKING,1,661,0,0,195,397,65,1,1,102,131,0,-0.8313,-0.630,0.872
611,aquisicao,TRACKING,1,636,0,0,181,378,75,1,1,104,131,0,-0.8062,-0.591,0.855
612,aquisicao,TRACKING,1,654,0,0,197,392,63,1,1,106,131,0,-0.7812,-0.557,0.842
613,aquisicao,TRACKING,1,661,0,0,185,409,64,1,1,108,131,0,-0.7563,-0.524,0.831
614,aquisicao,TRACKING,1,677,0,0,191,417,66,2,0,110,131,0,-0.7312,-0.494,0.822
615,aquisicao,TRACKING,1,681,0,0,195,416,67,2,0,112,131,0,-0.7063,-0.463,0.813
616,aquisicao,TRACKING,1,689,0,0,200,412,73,1,1,114,131,0,-0.6875,-0.448,0.814
617,aquisicao,TRACKING,1,723,0,0,220,430,70,1,1,116,131,0,-0.6687,-0.431,0.813
618,aquisicao,TRACKING,1,728,0,0,206,446,74,1,1,118,131,0,-0.6438,-0.397,0.801
619,aquisicao,TRACKING,1,743,0,0,203,460,75,2,1,120,131,0,-0.6250,-0.380,0.800
620,aquisicao,TRACKING,1,777,0,0,226,474,73,1,1,122,131,0,-0.6125,-0.375,0.806
621,aquisicao,TRACKING,1,750,0,0,211,463,73,1,0,124,131,0,-0.5938,-0.352,0.799
622,aquisicao,TRACKING,1,767,0,0,212,475,78,1,1,126,131,0,-0.5813,-0.344,0.802
623,aquisicao,TRACKING,1,765,0,0,231,455,76,1,1,128,131,0,-0.5625,-0.319,0.793
624,aquisicao,TRACKING,1,818,0,0,238,496,79,2,1,130,131,0,-0.5500,-0.310,0.795
625,aquisicao,TRACKING,1,807,0,0,226,483,94,1,0,131,131,0,-0.5375,-0.299,0.794
626,aquisicao,TRACKING,1,792,0,0,232,481,78,0,1,131,131,0,-0.5250,-0.286,0.792
627,aquisicao,TRACKING,1,803,0,0,237,482,77,3,1,131,131,0,-0.5125,-0.273,0.790
628,aquisicao,TRACKING,1,789,0,0,225,484,77,1,1,131,131,0,-0.5000,-0.259,0.787
629,aquisicao,TRACKING,1,788,0,0,226,481,78,1,1,131,131,0,-0.4875,-0.245,0.784
630,aquisicao,TRACKING,1,803,0,0,242,480,78,1,1,131,131,0,-0.4750,-0.231,0.780
631,aquisicao,TRACKING,1,790,0,0,222,486,77,2,1,131,131,0,-0.4625,-0.217,0.777
632,aquisicao,TRACKING,1,804,0,0,222,500,79,1,0,131,131,0,-0.4500,-0.202,0.773
633,aquisicao,TRACKING,1,786,0,0,224,481,77,1,1,131,131,0,-0.4375,0.212,0.770
634,aquisicao,TRACKING,1,809,0,0,230,498,79,1,1,131,131,0,-0.4250,0.226,0.766
635,aquisicao,TRACKING,1,797,0,0,225,489,81,1,0,131,131,0,-0.4125,0.241,0.763
636,aquisicao,TRACKING,1,825,0,0,251,489,79,2,1,131,131,0,-0.4000,0.255,0.759
637,aquisicao,TRACKING,1,824,0,0,229,512,77,0,0,131,131,0,-0.3875,0.270,0.756
638,aquisicao,TRACKING,1,816,0,0,238,494,81,1,1,131,131,0,-0.3750,0.284,0.752
639,aquisicao,TRACKING,1,848,0,0,259,508,79,1,1,131,131,0,-0.3625,0.298,0.748
640,aquisicao,TRACKING,1,824,0,0,226,510,79,1,5,131,131,0,-0.3500,0.313,0.745
641,aquisicao,TRACKING,1,834,0,0,229,523,78,1,0,131,131,0,-0.3375,0.327,0.741
642,aquisicao,TRACKING,1,792,0,0,225,483,81,0,0,131,131,0,-0.3250,0.342,0.738
643,aquisicao,TRACKING,1,799,0,0,225,483,88,1,1,131,131,0,-0.3187,0.342,0.743
644,aquisicao,TRACKING,1,791,0,0,227,481,80,0,0,131,131,0,-0.3063,0.359,0.737
645,aquisicao,TRACKING,1,794,0,0,227,487,77,1,1,131,131,0,-0.2937,0.375,0.731
646,aquisicao,TRACKING,1,799,0,0,226,489,79,2,0,131,131,0,-0.2812,0.390,0.727
647,aquisicao,TRACKING,1,802,0,0,227,493,78,1,1,131,131,0,-0.2688,0.405,0.722
648,aquisicao,TRACKING,1,803,0,0,240,480,80,1,0,131,131,0,-0.2562,0.420,0.718
649,aquisicao,TRACKING,1,809,0,0,242,484,80,1,0,131,131,0,-0.2438,0.435,0.715
650,aquisicao,TRACKING,1,848,0,0,251,512,81,2,1,131,131,0,-0.2313,0.449,0.711
651,aquisicao,TRACKING,1,874,0,0,293,495,82,2,1,131,131,0,-0.2188,0.464,0.707
652,aquisicao,TRACKING,1,877,0,0,273,517,83,1,1,131,131,0,-0.2062,0.478,0.703
653,aquisicao,TRACKING,1,831,0,0,251,493,82,1,1,131,131,0,-0.1937,0.493,0.700
654,aquisicao,TRACKING,1,848,0,0,268,490,83,2,1,131,131,0,-0.1813,0.507,0.696
655,aquisicao,TRACKING,1,824,0,0,251,488,80,2,1,131,131,0,-0.1688,0.522,0.693
656,aquisicao,TRACKING,1,867,0,0,272,497,89,2,1,131,131,0,-0.1562,0.536,0.689
657,aquisicao,TRACKING,1,842,0,0,262,487,88,2,1,131,131,0,-0.1437,0.550,0.685
658,aquisicao,TRACKING,1,838,0,0,251,496,84,2,1,131,131,0,-0.1312,0.565,0.682
659,aquisicao,TRACKING,1,850,0,0,233,527,85,2,1,131,131,0,-0.1187,0.579,0.678
660,aquisicao,TRACKING,1,904,0,0,268,551,80,2,1,131,131,0,-0.1063,0.594,0.675
661,aquisicao,TRACKING,1,837,0,0,259,493,81,2,0,131,131,0,-0.0938,0.608,0.671
662,aquisicao,TRACKING,1,929,0,0,264,555,101,3,1,131,131,0,-0.0812,0.622,0.667
663,aquisicao,TRACKING,1,821,0,0,247,488,81,2,1,131,131,0,-0.0688,0.637,0.664
664,aquisicao,TRACKING,1,806,0,0,236,481,85,1,1,131,131,0,-0.0500,0.666,0.651
665,aquisicao,TRACKING,1,871,0,0,295,491,80,1,1,131,131,0,-0.0375,0.677,0.650
666,aquisicao,TRACKING,1,842,0,0,233,520,85,1,1,131,131,0,-0.0250,0.690,0.649
667,aquisicao,TRACKING,1,913,0,0,237,588,85,1,1,131,131,0,-0.0125,0.703,0.646
668,aquisicao,TRACKING,1,851,0,0,240,527,80,2,0,131,131,0,0.0000,0.717,0.643
669,aquisicao,TRACKING,1,808,0,0,235,486,81,1,1,131,131,0,0.0125,0.720,0.629
670,aquisicao,TRACKING,1,804,0,0,234,485,82,1,1,131,131,0,0.0250,0.724,0.615
671,aquisicao,TRACKING,1,801,0,0,239,480,78,1,0,131,131,0,0.0375,0.727,0.601
672,aquisicao,TRACKING,1,819,0,0,239,496,81,1,0,131,131,0,0.0500,0.731,0.586
673,aquisicao,TRACKING,1,804,0,0,236,487,78,2,0,131,131,0,0.0625,0.734,0.572
674,aquisicao,TRACKING,1,807,0,0,227,485,92,2,0,131,131,0,0.0750,0.738,0.558
675,aquisicao,TRACKING,1,789,0,0,229,479,78,1,1,131,131,0,0.0875,0.741,0.543
676,aquisicao,TRACKING,1,811,0,0,249,479,79,1,1,131,131,0,0.1000,0.745,0.529
677,aquisicao,TRACKING,1,799,0,0,229,488,78,2,0,131,131,0,0.1125,0.748,0.514
678,aquisicao,TRACKING,1,830,0,0,255,485,87,1,1,131,131,0,0.1250,0.752,0.500
679,aquisicao,TRACKING,1,789,0,0,227,481,78,1,0,131,131,0,0.1375,0.756,0.486
680,aquisicao,TRACKING,1,818,0,0,254,480,80,2,1,131,131,0,0.1500,0.759,0.471
681,aquisicao,TRACKING,1,808,0,0,226,499,79,1,1,131,131,0,0.1625,0.763,0.457
682,aquisicao,TRACKING,1,804,0,0,233,487,79,1,1,131,131,0,0.1750,0.766,0.442
683,aquisicao,TRACKING,1,799,0,0,227,479,90,1,0,131,131,0,0.1875,0.770,0.428
684,aquisicao,TRACKING,1,794,0,0,232,481,78,1,1,131,131,0,0.2000,0.774,0.414
685,aquisicao,TRACKING,1,802,0,0,229,489,80,1,1,131,131,0,0.2062,0.768,0.414
686,aquisicao,TRACKING,1,837,0,0,257,496,80,1,0,131,131,0,0.2188,0.775,0.396
687,aquisicao,TRACKING,1,827,0,0,236,509,79,1,1,131,131,0,0.2313,0.780,0.380
688,aquisicao,TRACKING,1,819,0,0,225,511,79,1,1,131,131,0,0.2438,0.785,0.365
689,aquisicao,TRACKING,1,800,0,0,226,492,78,3,0,131,131,0,0.2562,0.789,0.350
690,aquisicao,TRACKING,1,786,0,0,223,483,78,1,1,131,131,0,0.2688,0.793,0.335
691,aquisicao,TRACKING,1,793,0,0,230,479,78,3,0,131,131,0,0.2812,0.797,0.320
692,aquisicao,TRACKING,1,870,0,0,247,537,80,1,3,131,131,0,0.2937,0.800,0.306
693,aquisicao,TRACKING,1,814,0,0,231,501,77,2,0,131,131,0,0.3063,0.804,0.291
694,aquisicao,TRACKING,1,792,0,0,227,480,82,1,1,131,131,0,0.3187,0.808,0.277
695,aquisicao,TRACKING,1,807,0,0,244,480,79,1,1,131,131,0,0.3313,0.811,0.262
696,aquisicao,TRACKING,1,807,0,0,226,494,83,1,0,131,131,0,0.3438,0.815,0.248
697,aquisicao,TRACKING,1,804,0,0,224,498,78,2,1,131,131,0,0.3562,0.819,0.234
698,aquisicao,TRACKING,1,789,0,0,228,479,80,1,0,131,131,0,0.3688,0.822,0.219
699,aquisicao,TRACKING,1,806,0,0,228,497,79,1,1,131,131,0,0.3812,0.826,0.205
700,aquisicao,TRACKING,1,811,0,0,230,499,79,1,1,131,131,0,0.3938,0.829,-0.210
701,aquisicao,TRACKING,1,801,0,0,230,480,87,2,1,131,131,0,0.4062,0.833,-0.224
702,aquisicao,TRACKING,1,790,0,0,228,479,78,1,1,131,131,0,0.4187,0.837,-0.238
703,aquisicao,TRACKING,1,792,0,0,224,487,78,0,0,131,131,0,0.4313,0.840,-0.253
704,aquisicao,TRACKING,1,843,0,0,252,500,85,1,1,131,131,0,0.4437,0.844,-0.267
705,aquisicao,TRACKING,1,818,0,0,225,508,82,1,0,131,131,0,0.4563,0.847,-0.282
706,aquisicao,TRACKING,1,872,0,0,255,525,82,2,1,131,131,0,0.4688,0.851,-0.296
707,aquisicao,TRACKING,1,815,0,0,251,481,80,1,1,131,131,0,0.4812,0.855,-0.310
708,aquisicao,TRACKING,1,819,0,0,248,485,79,3,1,131,131,0,0.4938,0.858,-0.325
709,aquisicao,TRACKING,1,813,0,0,246,483,79,2,0,131,131,0,0.5063,0.862,-0.339
710,aquisicao,TRACKING,1,828,0,0,239,504,79,3,1,131,131,0,0.5188,0.865,-0.354
711,aquisicao,TRACKING,1,826,0,0,256,485,81,2,1,131,131,0,0.5312,0.869,-0.368
712,aquisicao,TRACKING,1,837,0,0,231,520,83,1,1,131,131,0,0.5437,0.873,-0.382
713,aquisicao,TRACKING,1,839,0,0,231,495,107,3,1,131,131,0,0.5562,0.876,-0.397
714,aquisicao,TRACKING,1,796,0,0,230,484,78,2,1,131,131,0,0.5750,0.889,-0.426
715,aquisicao,TRACKING,1,795,0,0,231,482,78,2,1,131,131,0,0.5875,0.890,-0.437
716,aquisicao,TRACKING,1,808,0,0,244,482,79,2,0,131,131,0,0.6000,0.891,-0.450
717,aquisicao,TRACKING,1,808,0,0,226,500,79,0,0,131,131,0,0.6125,0.894,-0.463
718,aquisicao,TRACKING,1,805,0,0,228,496,78,2,1,131,131,0,0.6250,0.897,-0.477
719,aquisicao,TRACKING,1,815,0,0,246,484,80,2,1,131,131,0,0.6375,0.900,-0.491
720,aquisicao,TRACKING,1,790,0,0,243,467,78,1,1,129,131,0,0.6500,0.904,-0.505
721,aquisicao,TRACKING,1,799,0,0,221,500,75,1,1,127,131,0,0.6625,0.907,-0.519
722,aquisicao,TRACKING,1,766,0,0,216,470,77,0,0,125,131,0,0.6750,0.911,-0.534
723,aquisicao,TRACKING,1,749,0,0,217,452,75,3,0,123,131,0,0.6875,0.914,-0.548
724,aquisicao,TRACKING,1,730,0,0,209,446,72,1,0,121,131,0,0.7000,0.918,-0.562
725,aquisicao,TRACKING,1,740,0,0,201,462,74,1,1,119,131,0,0.7125,0.921,-0.577
726,aquisicao,TRACKING,1,714,0,0,206,432,72,1,1,117,131,0,0.7250,0.925,-0.591
727,aquisicao,TRACKING,1,712,0,0,195,443,71,1,1,115,131,0,0.7375,0.928,-0.606
728,aquisicao,TRACKING,1,714,0,0,191,437,83,1,1,113,131,0,0.7500,0.932,-0.620
729,aquisicao,TRACKING,1,730,0,0,194,466,67,1,0,111,131,0,0.7625,0.936,-0.634
730,aquisicao,TRACKING,1,672,0,0,186,417,66,1,1,109,131,0,0.7750,0.939,-0.649
731,aquisicao,TRACKING,1,648,0,0,182,398,63,2,1,107,131,0,0.7875,0.943,-0.663
732,aquisicao,TRACKING,1,636,0,0,180,390,63,1,1,105,131,0,0.8000,0.946,-0.678
733,aquisicao,TRACKING,1,658,0,0,190,400,63,1,1,103,131,0,0.8125,0.950,-0.692
734,aquisicao,TRACKING,1,639,0,0,181,393,63,1,1,101,131,0,0.8250,0.954,-0.706
735,aquisicao,TRACKING,1,617,0,0,175,378,60,1,1,99,131,0,0.8375,0.957,-0.721
736,aquisicao,TRACKING,1,603,0,0,186,354,60,1,0,97,131,0,0.8500,0.961,-0.735
737,aquisicao,TRACKING,1,594,0,0,163,372,58,1,0,95,131,0,0.8625,0.964,-0.750
738,aquisicao,TRACKING,1,581,0,0,166,357,57,0,0,93,131,0,0.8750,0.968,-0.764
739,aquisicao,TRACKING,1,583,0,0,156,352,73,1,1,91,131,0,0.8750,0.954,-0.750
740,aquisicao,TRACKING,1,630,0,0,173,395,56,1,0,94,131,0,0.8625,0.927,-0.712
741,aquisicao,TRACKING,1,598,0,0,166,357,72,1,1,97,131,0,0.8500,0.910,-0.684
742,aquisicao,TRACKING,1,620,0,0,182,375,60,1,1,100,131,0,0.8250,0.880,-0.632
743,aquisicao,TRACKING,1,642,0,0,176,400,62,2,0,103,131,0,0.8000,0.859,-0.590
744,aquisicao,TRACKING,1,639,0,0,180,392,63,2,1,106,131,0,0.7688,0.834,-0.539
745,aquisicao,TRACKING,1,673,0,0,187,418,65,1,1,109,131,0,0.7437,0.825,-0.508
746,aquisicao,TRACKING,1,664,0,0,190,401,70,1,1,112,131,0,0.7125,0.808,-0.463
747,aquisicao,TRACKING,1,727,0,0,223,423,74,3,1,115,131,0,0.6812,0.794,-0.422
748,aquisicao,TRACKING,1,755,0,0,211,470,70,3,0,118,131,0,0.6500,0.782,-0.383
749,aquisicao,TRACKING,1,726,0,0,207,439,75,1,1,121,131,0,0.6187,0.771,-0.346
750,aquisicao,TRACKING,1,764,0,0,228,460,73,1,0,124,131,0,0.5938,0.770,-0.323
751,aquisicao,TRACKING,1,791,0,0,216,499,74,1,0,127,131,0,0.5625,0.757,-0.283
752,aquisicao,TRACKING,1,817,0,0,256,475,83,1,0,130,131,0,0.5375,0.755,-0.260
753,aquisicao,TRACKING,1,819,0,0,227,510,79,2,0,131,131,0,0.5125,0.751,-0.234
754,aquisicao,TRACKING,1,821,0,0,225,484,109,1,1,131,131,0,0.4875,0.746,-0.207
755,aquisicao,TRACKING,1,802,0,0,228,493,78,1,1,131,131,0,0.4625,0.740,0.221
756,aquisicao,TRACKING,1,788,0,0,224,479,81,1,0,131,131,0,0.4437,0.742,0.235
757,aquisicao,TRACKING,1,796,0,0,233,479,80,3,0,131,131,0,0.4187,0.732,0.266
758,aquisicao,TRACKING,1,803,0,0,224,499,78,1,1,131,131,0,0.4000,0.733,0.282
759,aquisicao,TRACKING,1,807,0,0,224,499,79,1,1,131,131,0,0.3812,0.731,0.300
760,aquisicao,TRACKING,1,786,0,0,226,480,78,1,0,131,131,0,0.3625,0.727,0.319
761,aquisicao,TRACKING,1,815,0,0,243,486,80,2,1,131,131,0,0.3438,0.723,0.340
762,aquisicao,TRACKING,1,802,0,0,234,487,79,1,0,131,131,0,0.3250,0.718,0.361
763,aquisicao,TRACKING,1,806,0,0,227,493,82,3,1,131,131,0,0.3063,0.714,0.382
764,aquisicao,TRACKING,1,800,0,0,240,480,78,1,1,131,131,0,0.2875,0.708,0.403
765,aquisicao,TRACKING,1,793,0,0,233,481,77,0,1,131,131,0,0.2688,0.703,0.425
766,aquisicao,TRACKING,1,804,0,0,226,497,78,1,0,131,131,0,0.2500,0.698,0.446
767,aquisicao,TRACKING,1,790,0,0,225,479,82,1,1,131,131,0,0.2313,0.693,0.468
768,aquisicao,TRACKING,1,826,0,0,260,484,79,1,1,131,131,0,0.2125,0.687,0.489
769,aquisicao,TRACKING,1,852,0,0,283,482,84,2,0,131,131,0,0.1937,0.682,0.511
770,aquisicao,TRACKING,1,820,0,0,251,486,79,1,1,131,131,0,0.1750,0.676,0.532
771,aquisicao,TRACKING,1,831,0,0,257,492,78,1,0,131,131,0,0.1562,0.671,0.554
772,aquisicao,TRACKING,1,843,0,0,224,531,84,1,0,131,131,0,0.1375,0.666,0.576
773,aquisicao,TRACKING,1,828,0,0,241,505,78,2,1,131,131,0,0.1187,0.660,0.597
774,aquisicao,TRACKING,1,817,0,0,225,484,103,1,1,131,131,0,0.1000,0.655,0.619
775,aquisicao,TRACKING,1,869,0,0,293,492,81,2,0,131,131,0,0.0812,0.649,0.640
776,aquisicao,TRACKING,1,900,0,0,251,563,82,1,0,131,131,0,0.0625,0.644,0.662
777,aquisicao,TRACKING,1,840,0,0,237,519,81,1,1,131,131,0,0.0437,0.639,0.684
778,aquisicao,TRACKING,1,826,0,0,230,513,80,1,1,131,131,0,0.0312,0.642,0.691
779,aquisicao,TRACKING,1,832,0,0,247,502,80,1,1,131,131,0,0.0125,0.634,0.715
780,aquisicao,TRACKING,1,838,0,0,252,500,80,3,1,131,131,0,-0.0063,0.621,0.733
781,aquisicao,TRACKING,1,795,0,0,232,480,78,2,1,131,131,0,-0.0250,0.599,0.740
782,aquisicao,TRACKING,1,806,0,0,233,493,78,1,1,131,131,0,-0.0437,0.577,0.746
783,aquisicao,TRACKING,1,819,0,0,234,503,79,1,1,131,131,0,-0.0625,0.555,0.751
784,aquisicao,TRACKING,1,806,0,0,229,494,81,1,0,131,131,0,-0.0812,0.533,0.757
785,aquisicao,TRACKING,1,792,0,0,234,479,78,1,0,131,131,0,-0.1000,0.511,0.763
786,aquisicao,TRACKING,1,792,0,0,229,483,78,1,1,131,131,0,-0.1187,0.489,0.768
787,aquisicao,TRACKING,1,801,0,0,234,484,79,1,1,131,131,0,-0.1375,0.468,0.774
788,aquisicao,TRACKING,1,838,0,0,243,509,81,1,1,131,131,0,-0.1562,0.446,0.779
789,aquisicao,TRACKING,1,825,0,0,240,482,96,1,3,131,131,0,-0.1750,0.424,0.784
790,aquisicao,TRACKING,1,798,0,0,236,480,79,1,1,131,131,0,-0.1937,0.403,0.790
791,aquisicao,TRACKING,1,791,0,0,225,482,80,1,1,131,131,0,-0.2125,0.381,0.795
792,aquisicao,TRACKING,1,814,0,0,228,503,79,2,1,131,131,0,-0.2313,0.360,0.801
793,aquisicao,TRACKING,1,794,0,0,229,480,81,1,0,131,131,0,-0.2500,0.338,0.806
794,aquisicao,TRACKING,1,818,0,0,244,482,88,1,1,131,131,0,-0.2688,0.316,0.811
795,aquisicao,TRACKING,1,829,0,0,257,488,79,3,1,131,131,0,-0.2875,0.295,0.817
796,aquisicao,TRACKING,1,822,0,0,244,492,79,3,1,131,131,0,-0.3063,0.273,0.822
797,aquisicao,TRACKING,1,856,0,0,283,489,80,1,1,131,131,0,-0.3250,0.252,0.828
798,aquisicao,TRACKING,1,840,0,0,236,518,82,1,0,131,131,0,-0.3438,0.230,0.833
799,aquisicao,TRACKING,1,871,0,0,266,521,79,2,1,131,131,0,-0.3688,-0.206,0.847
800,perseguicao,TRACKING,1,838,0,0,231,497,107,1,0,131,131,0,-0.3875,-0.225,0.850
801,perseguicao,TRACKING,1,811,0,0,232,495,80,1,1,131,131,0,-0.4062,-0.245,0.854
802,perseguicao,TRACKING,1,809,0,0,237,484,83,2,1,131,131,0,-0.4250,-0.265,0.858
803,perseguicao,TRACKING,1,878,0,0,254,536,83,2,0,131,131,0,-0.4437,-0.286,0.863
804,perseguicao,TRACKING,1,858,0,0,249,523,82,1,1,131,131,0,-0.4625,-0.307,0.868
805,perseguicao,TRACKING,1,842,0,0,233,493,111,3,1,131,131,0,-0.4812,-0.329,0.873
806,perseguicao,TRACKING,1,812,0,0,230,500,78,1,1,131,131,0,-0.5000,-0.350,0.878
807,perseguicao,TRACKING,1,799,0,0,234,480,82,2,0,131,131,0,-0.5188,-0.372,0.884
808,perseguicao,TRACKING,1,808,0,0,245,480,80,1,0,131,131,0,-0.5375,-0.393,0.889
809,perseguicao,TRACKING,1,806,0,0,227,492,81,4,0,131,131,0,-0.5562,-0.415,0.894
810,perseguicao,TRACKING,1,793,0,0,224,487,79,1,1,131,131,0,-0.5750,-0.436,0.900
811,perseguicao,TRACKING,1,796,0,0,229,482,80,1,0,131,131,0,-0.5938,-0.458,0.905
812,perseguicao,TRACKING,1,810,0,0,243,481,78,4,0,131,131,0,-0.6125,-0.480,0.910
813,perseguicao,TRACKING,1,795,0,0,224,490,78,0,0,131,131,0,-0.6313,-0.501,0.916
814,perseguicao,TRACKING,1,795,0,0,226,487,78,1,1,131,131,0,-0.6500,-0.523,0.921
815,perseguicao,TRACKING,1,789,0,0,229,479,78,1,1,131,131,0,-0.6687,-0.544,0.927
816,perseguicao,TRACKING,1,778,0,0,229,471,76,0,1,129,131,0,-0.6875,-0.566,0.932
817,perseguicao,TRACKING,1,812,0,0,229,504,76,1,1,126,131,0,-0.7063,-0.588,0.937
818,perseguicao,TRACKING,1,753,0,0,212,467,73,1,0,123,131,0,-0.7250,-0.609,0.943
819,perseguicao,TRACKING,1,714,0,0,208,432,71,1,1,120,131,0,-0.7375,-0.616,0.939
820,perseguicao,TRACKING,1,736,0,0,200,457,73,3,1,117,131,0,-0.7563,-0.641,0.947
821,perseguicao,TRACKING,1,714,0,0,219,417,74,2,1,114,131,0,-0.7750,-0.664,0.955
822,perseguicao,TRACKING,1,723,0,0,203,449,65,4,0,111,131,0,-0.7937,-0.687,0.961
823,perseguicao,TRACKING,1,660,0,0,184,411,63,1,0,108,131,0,-0.8125,-0.709,0.967
824,perseguicao,TRACKING,1,638,0,0,185,381,65,2,2,105,131,0,-0.8313,-0.731,0.973
825,perseguicao,TRACKING,1,633,0,0,178,392,61,0,1,102,131,0,-0.8500,-0.753,0.978
826,perseguicao,TRACKING,1,600,0,0,169,369,60,1,0,99,131,0,-0.8687,-0.775,0.984
827,perseguicao,TRACKING,1,590,0,0,166,364,58,1,1,96,131,0,-0.8875,-0.796,0.989
828,perseguicao,TRACKING,1,577,0,0,159,357,57,1,1,93,131,0,-0.9062,-0.818,0.995
829,perseguicao,TRACKING,1,578,0,0,160,358,56,2,1,92,131,0,-0.9125,-0.811,0.982
830,perseguicao,TRACKING,1,612,0,0,160,389,58,1,1,94,131,0,-0.9062,-0.781,0.958
831,perseguicao,TRACKING,1,610,0,0,180,366,60,1,1,96,131,0,-0.8938,-0.745,0.933
832,perseguicao,TRACKING,1,631,0,0,168,398,59,1,2,98,131,0,-0.8750,-0.704,0.908
833,perseguicao,TRACKING,1,626,0,0,171,390,60,1,1,100,131,0,-0.8500,-0.656,0.881
834,perseguicao,TRACKING,1,630,0,0,179,388,61,0,0,102,131,0,-0.8313,-0.630,0.872
835,perseguicao,TRACKING,1,629,0,0,181,381,62,1,1,104,131,0,-0.8062,-0.591,0.855
836,perseguicao,TRACKING,1,652,0,0,183,404,63,1,0,106,131,0,-0.7812,-0.557,0.842
837,perseguicao,TRACKING,1,671,0,0,197,404,63,2,1,108,131,0,-0.7563,-0.524,0.831
838,perseguicao,TRACKING,1,680,0,0,188,425,65,1,1,110,131,0,-0.7312,-0.494,0.822
839,perseguicao,TRACKING,1,666,0,0,192,403,67,1,2,112,131,0,-0.7063,-0.463,0.813
840,perseguicao,TRACKING,1,685,0,0,192,424,67,1,1,114,131,0,-0.6875,-0.448,0.814
841,perseguicao,TRACKING,1,731,0,0,226,434,70,1,0,116,131,0,-0.6687,-0.431,0.813
842,perseguicao,TRACKING,1,765,0,0,219,467,70,2,5,118,131,0,-0.6438,-0.397,0.801
843,perseguicao,TRACKING,1,718,0,0,204,435,75,1,1,120,131,0,-0.6250,-0.380,0.800
844,perseguicao,TRACKING,1,751,0,0,211,448,87,3,1,122,131,0,-0.6125,-0.375,0.806
845,perseguicao,TRACKING,1,838,0,0,244,509,80,2,1,124,131,0,-0.5938,-0.352,0.799
846,perseguicao,TRACKING,1,784,0,0,222,485,74,2,0,126,131,0,-0.5813,-0.344,0.802
847,perseguicao,TRACKING,1,763,0,0,216,458,86,1,0,128,131,0,-0.5625,-0.319,0.793
848,perseguicao,TRACKING,1,787,0,0,233,473,78,1,0,130,131,0,-0.5500,-0.310,0.795
849,perseguicao,TRACKING,1,789,0,0,225,483,77,1,1,131,131,0,-0.5375,-0.299,0.794
850,perseguicao,TRACKING,1,806,0,0,225,496,82,1,1,131,131,0,-0.5250,-0.286,0.792
851,perseguicao,TRACKING,1,786,0,0,225,479,78,1,1,131,131,0,-0.5125,-0.273,0.790
852,perseguicao,TRACKING,1,793,0,0,232,480,78,1,1,131,131,0,-0.5000,-0.259,0.787
853,perseguicao,TRACKING,1,803,0,0,226,494,79,1,1,131,131,0,-0.4875,-0.245,0.784
854,perseguicao,TRACKING,1,796,0,0,229,480,84,1,1,131,131,0,-0.4750,-0.231,0.780
855,perseguicao,TRACKING,1,789,0,0,229,479,77,2,0,131,131,0,-0.4625,-0.217,0.777
856,perseguicao,TRACKING,1,792,0,0,227,484,78,1,1,131,131,0,-0.4500,-0.202,0.773
857,perseguicao,TRACKING,1,811,0,0,228,501,78,1,1,131,131,0,-0.4375,0.212,0.770
858,perseguicao,TRACKING,1,827,0,0,221,524,79,1,1,131,131,0,-0.4250,0.226,0.766
859,perseguicao,TRACKING,1,837,0,0,270,483,79,2,0,131,131,0,-0.4125,0.241,0.763
860,perseguicao,TRACKING,1,818,0,0,234,500,80,1,1,131,131,0,-0.4000,0.255,0.759
861,perseguicao,TRACKING,1,838,0,0,253,502,78,2,0,131,131,0,-0.3875,0.270,0.756
862,perseguicao,TRACKING,1,825,0,0,226,517,78,1,1,131,131,0,-0.3750,0.284,0.752
863,perseguicao,TRACKING,1,837,0,0,232,522,80,1,0,131,131,0,-0.3625,0.298,0.748
864,perseguicao,TRACKING,1,808,0,0,226,498,79,1,1,131,131,0,-0.3500,0.313,0.745
865,perseguicao,TRACKING,1,804,0,0,224,482,94,1,1,131,131,0,-0.3375,0.327,0.741
866,perseguicao,TRACKING,1,791,0,0,231,479,79,1,0,131,131,0,-0.3250,0.342,0.738
867,perseguicao,TRACKING,1,808,0,0,226,501,79,1,1,131,131,0,-0.3187,0.342,0.743
868,perseguicao,TRACKING,1,795,0,0,225,484,82,1,1,131,131,0,-0.3063,0.359,0.737
869,perseguicao,TRACKING,1,793,0,0,227,482,81,1,1,131,131,0,-0.2937,0.375,0.731
870,perseguicao,TRACKING,1,803,0,0,239,480,81,1,1,131,131,0,-0.2812,0.390,0.727
871,perseguicao,TRACKING,1,806,0,0,234,488,81,1,1,131,131,0,-0.2688,0.405,0.722
872,perseguicao,TRACKING,1,815,0,0,229,503,80,1,1,131,131,0,-0.2562,0.420,0.718
873,perseguicao,TRACKING,1,826,0,0,241,483,96,1,0,131,131,0,-0.2438,0.435,0.715
874,perseguicao,TRACKING,1,797,0,0,235,481,78,0,1,131,131,0,-0.2313,0.449,0.711
875,perseguicao,TRACKING,1,799,0,0,228,489,78,1,0,131,131,0,-0.2188,0.464,0.707
876,perseguicao,TRACKING,1,810,0,0,224,484,96,1,1,131,131,0,-0.2062,0.478,0.703
877,perseguicao,TRACKING,1,788,0,0,227,480,78,1,1,131,131,0,-0.1937,0.493,0.700
878,perseguicao,TRACKING,1,806,0,0,231,494,78,1,1,131,131,0,-0.1813,0.507,0.696
879,perseguicao,TRACKING,1,801,0,0,226,494,79,1,1,131,131,0,-0.1688,0.522,0.693
880,perseguicao,TRACKING,1,820,0,0,220,512,84,1,1,131,131,0,-0.1562,0.536,0.689
881,perseguicao,TRACKING,1,835,0,0,239,508,84,1,0,131,131,0,-0.1437,0.550,0.685
882,perseguicao,TRACKING,1,831,0,0,225,492,111,1,0,131,131,0,-0.1312,0.565,0.682
883,perseguicao,TRACKING,1,797,0,0,222,493,78,0,0,131,131,0,-0.1187,0.579,0.678
884,perseguicao,TRACKING,1,791,0,0,229,481,78,1,1,131,131,0,-0.1063,0.594,0.675
885,perseguicao,TRACKING,1,792,0,0,225,484,79,1,1,131,131,0,-0.0938,0.608,0.671
886,perseguicao,TRACKING,1,793,0,0,224,485,80,1,1,131,131,0,-0.0812,0.622,0.667
887,perseguicao,TRACKING,1,839,0,0,247,502,87,2,0,131,131,0,-0.0688,0.637,0.664
888,perseguicao,TRACKING,1,799,0,0,237,478,80,1,0,131,131,0,-0.0500,0.666,0.651
889,perseguicao,TRACKING,1,811,0,0,235,494,78,1,1,131,131,0,-0.0375,0.677,0.650
890,perseguicao,TRACKING,1,809,0,0,230,498,79,1,1,131,131,0,-0.0250,0.690,0.649
891,perseguicao,TRACKING,1,789,0,0,224,482,81,0,1,131,131,0,-0.0125,0.703,0.646
892,perseguicao,TRACKING,1,795,0,0,234,480,78,1,1,131,131,0,0.0000,0.717,0.643
893,perseguicao,TRACKING,1,797,0,0,227,487,78,1,1,131,131,0,0.0125,0.720,0.629
894,perseguicao,TRACKING,1,814,0,0,228,504,80,2,0,131,131,0,0.0250,0.724,0.615
895,perseguicao,TRACKING,1,798,0,0,228,481,85,1,1,131,131,0,0.0375,0.727,0.601
896,perseguicao,TRACKING,1,809,0,0,244,484,78,2,1,131,131,0,0.0500,0.731,0.586
897,perseguicao,TRACKING,1,809,0,0,224,502,80,1,0,131,131,0,0.0625,0.734,0.572
898,perseguicao,TRACKING,1,829,0,0,248,500,78,1,1,131,131,0,0.0750,0.738,0.558
899,perseguicao,TRACKING,1,818,0,0,226,510,79,0,1,131,131,0,0.0875,0.741,0.543
900,perseguicao,TRACKING,1,832,0,0,241,510,79,1,0,131,131,0,0.1000,0.745,0.529
901,perseguicao,TRACKING,1,841,0,0,249,508,81,1,1,131,131,0,0.1125,0.748,0.514
902,perseguicao,TRACKING,1,844,0,0,263,497,81,1,1,131,131,0,0.1250,0.752,0.500
903,perseguicao,TRACKING,1,853,0,0,235,535,79,2,1,131,131,0,0.1375,0.756,0.486
904,perseguicao,TRACKING,1,834,0,0,230,524,78,1,1,131,131,0,0.1500,0.759,0.471
905,perseguicao,TRACKING,1,791,0,0,223,487,78,1,0,131,131,0,0.1625,0.763,0.457
906,perseguicao,TRACKING,1,791,0,0,226,484,78,1,1,131,131,0,0.1750,0.766,0.442
907,perseguicao,TRACKING,1,791,0,0,229,480,78,1,1,131,131,0,0.1875,0.770,0.428
908,perseguicao,TRACKING,1,804,0,0,225,493,83,1,1,131,131,0,0.2000,0.774,0.414
909,perseguicao,TRACKING,1,804,0,0,223,500,78,1,1,131,131,0,0.2062,0.768,0.414
910,perseguicao,TRACKING,1,789,0,0,226,479,82,1,0,131,131,0,0.2188,0.775,0.396
911,perseguicao,TRACKING,1,808,0,0,245,480,78,1,1,131,131,0,0.2313,0.780,0.380
912,perseguicao,TRACKING,1,805,0,0,227,496,78,1,1,131,131,0,0.2438,0.785,0.365
913,perseguicao,TRACKING,1,813,0,0,227,499,83,1,1,131,131,0,0.2562,0.789,0.350
914,perseguicao,TRACKING,1,792,0,0,229,483,78,0,0,131,131,0,0.2688,0.793,0.335
915,perseguicao,TRACKING,1,821,0,0,249,486,81,1,3,131,131,0,0.2812,0.797,0.320
916,perseguicao,TRACKING,1,797,0,0,227,486,78,3,0,131,131,0,0.2937,0.800,0.306
917,perseguicao,TRACKING,1,801,0,0,232,481,84,1,0,131,131,0,0.3063,0.804,0.291
918,perseguicao,TRACKING,1,813,0,0,242,485,81,2,1,131,131,0,0.3187,0.808,0.277
919,perseguicao,TRACKING,1,812,0,0,246,482,81,1,1,131,131,0,0.3313,0.811,0.262
920,perseguicao,TRACKING,1,819,0,0,247,486,81,1,1,131,131,0,0.3438,0.815,0.248
921,perseguicao,TRACKING,1,804,0,0,231,488,82,1,1,131,131,0,0.3562,0.819,0.234
922,perseguicao,TRACKING,1,824,0,0,251,487,82,2,1,131,131,0,0.3688,0.822,0.219
923,perseguicao,TRACKING,1,829,0,0,235,511,77,3,1,131,131,0,0.3812,0.826,0.205
924,perseguicao,TRACKING,1,833,0,0,234,517,79,1,1,131,131,0,0.3938,0.829,-0.210
925,perseguicao,TRACKING,1,807,0,0,232,491,78,0,2,131,131,0,0.4062,0.833,-0.224
926,perseguicao,TRACKING,1,801,0,0,230,487,81,1,1,131,131,0,0.4187,0.837,-0.238
927,perseguicao,TRACKING,1,880,0,0,261,490,125,2,1,131,131,0,0.4313,0.840,-0.253
928,perseguicao,TRACKING,1,928,0,0,338,499,87,1,1,131,131,0,0.4437,0.844,-0.267
929,perseguicao,TRACKING,1,903,0,0,312,504,82,2,2,131,131,0,0.4563,0.847,-0.282
930,perseguicao,TRACKING,1,1003,0,0,321,591,81,4,1,131,131,0,0.4688,0.851,-0.296
931,perseguicao,TRACKING,1,985,0,0,348,550,81,1,1,131,131,0,0.4812,0.855,-0.310
932,perseguicao,TRACKING,1,948,0,0,304,549,87,2,3,131,131,0,0.4938,0.858,-0.325
933,perseguicao,TRACKING,1,908,0,0,279,542,80,3,1,131,131,0,0.5063,0.862,-0.339
934,perseguicao,TRACKING,1,813,0,0,234,492,80,2,1,131,131,0,0.5188,0.865,-0.354
935,perseguicao,TRACKING,1,858,0,0,287,485,81,2,1,131,131,0,0.5312,0.869,-0.368
936,perseguicao,TRACKING,1,820,0,0,244,490,80,2,1,131,131,0,0.5437,0.873,-0.382
937,perseguicao,TRACKING,1,844,0,0,268,487,84,2,1,131,131,0,0.5562,0.876,-0.397
938,perseguicao,TRACKING,1,866,0,0,294,486,81,2,0,131,131,0,0.5750,0.889,-0.426
939,perseguicao,TRACKING,1,841,0,0,267,488,82,2,1,131,131,0,0.5875,0.890,-0.437
940,perseguicao,TRACKING,1,841,0,0,275,483,79,1,1,131,131,0,0.6000,0.891,-0.450
941,perseguicao,TRACKING,1,835,0,0,241,505,82,1,1,131,131,0,0.6125,0.894,-0.463
942,perseguicao,TRACKING,1,800,0,0,230,487,79,1,1,131,131,0,0.6250,0.897,-0.477
943,perseguicao,TRACKING,1,794,0,0,232,480,79,1,1,131,131,0,0.6375,0.900,-0.491
944,perseguicao,TRACKING,1,800,0,0,252,463,80,1,1,129,131,0,0.6500,0.904,-0.505
945,perseguicao,TRACKING,1,801,0,0,223,498,76,1,0,127,131,0,0.6625,0.907,-0.519
946,perseguicao,TRACKING,1,817,0,0,247,486,81,1,0,125,131,0,0.6750,0.911,-0.534
947,perseguicao,TRACKING,1,776,0,0,214,486,72,1,0,123,131,0,0.6875,0.914,-0.548
948,perseguicao,TRACKING,1,735,0,0,213,445,72,1,3,121,131,0,0.7000,0.918,-0.562
949,perseguicao,TRACKING,1,727,0,0,203,450,71,1,1,119,131,0,0.7125,0.921,-0.577
950,perseguicao,TRACKING,1,717,0,0,207,436,71,1,1,117,131,0,0.7250,0.925,-0.591
951,perseguicao,TRACKING,1,700,0,0,200,426,71,1,0,115,131,0,0.7375,0.928,-0.606
952,perseguicao,TRACKING,1,689,0,0,195,409,82,1,0,113,131,0,0.7500,0.932,-0.620
953,perseguicao,TRACKING,1,700,0,0,193,434,68,1,1,111,131,0,0.7625,0.936,-0.634
954,perseguicao,TRACKING,1,676,0,0,187,419,66,1,1,109,131,0,0.7750,0.939,-0.649
955,perseguicao,TRACKING,1,680,0,0,201,406,66,2,3,107,131,0,0.7875,0.943,-0.663
956,perseguicao,TRACKING,1,658,0,0,188,404,63,1,1,105,131,0,0.8000,0.946,-0.678
957,perseguicao,TRACKING,1,640,0,0,175,395,66,2,1,103,131,0,0.8125,0.950,-0.692
958,perseguicao,TRACKING,1,642,0,0,193,383,60,3,1,101,131,0,0.8250,0.954,-0.706
959,perseguicao,TRACKING,1,648,0,0,208,374,63,1,0,99,131,0,0.8375,0.957,-0.721
960,perseguicao,TRACKING,1,615,0,0,170,382,60,1,0,97,131,0,0.8500,0.961,-0.735
961,perseguicao,TRACKING,1,600,0,0,163,374,60,1,0,95,131,0,0.8625,0.964,-0.750
962,perseguicao,TRACKING,1,582,0,0,167,356,57,1,0,93,131,0,0.8750,0.968,-0.764
963,perseguicao,TRACKING,1,569,0,0,161,349,56,1,1,91,131,0,0.8750,0.954,-0.750
964,perseguicao,TRACKING,1,605,0,0,181,365,56,1,1,94,131,0,0.8625,0.927,-0.712
965,perseguicao,TRACKING,1,598,0,0,174,360,61,1,1,97,131,0,0.8500,0.910,-0.684
966,perseguicao,TRACKING,1,615,0,0,174,376,60,3,0,100,131,0,0.8250,0.880,-0.632
967,perseguicao,TRACKING,1,652,0,0,178,408,62,1,1,103,131,0,0.8000,0.859,-0.590
968,perseguicao,TRACKING,1,700,0,0,222,394,82,1,0,106,131,0,0.7688,0.834,-0.539
969,perseguicao,TRACKING,1,705,0,0,217,417,68,1,0,109,131,0,0.7437,0.825,-0.508
970,perseguicao,TRACKING,1,736,0,0,236,425,71,2,1,112,131,0,0.7125,0.808,-0.463
971,perseguicao,TRACKING,1,728,0,0,206,444,70,1,2,115,131,0,0.6812,0.794,-0.422
972,perseguicao,TRACKING,1,791,0,0,205,508,75,1,1,118,131,0,0.6500,0.782,-0.383
973,perseguicao,TRACKING,1,772,0,0,222,473,73,1,1,121,131,0,0.6187,0.771,-0.346
974,perseguicao,TRACKING,1,752,0,0,212,465,73,0,1,124,131,0,0.5938,0.770,-0.323
975,perseguicao,TRACKING,1,803,0,0,222,497,81,1,1,127,131,0,0.5625,0.757,-0.283
976,perseguicao,TRACKING,1,791,0,0,234,473,78,1,2,130,131,0,0.5375,0.755,-0.260
977,perseguicao,TRACKING,1,814,0,0,234,493,81,1,1,131,131,0,0.5125,0.751,-0.234
978,perseguicao,TRACKING,1,806,0,0,225,499,79,1,1,131,131,0,0.4875,0.746,-0.207
979,perseguicao,TRACKING,1,794,0,0,229,483,78,2,1,131,131,0,0.4625,0.740,0.221
980,perseguicao,TRACKING,1,790,0,0,229,480,78,1,1,131,131,0,0.4437,0.742,0.235
981,perseguicao,TRACKING,1,808,0,0,229,498,78,1,1,131,131,0,0.4187,0.732,0.266
982,perseguicao,TRACKING,1,809,0,0,227,501,78,1,1,131,131,0,0.4000,0.733,0.282
983,perseguicao,TRACKING,1,816,0,0,241,485,86,1,1,131,131,0,0.3812,0.731,0.300
984,perseguicao,TRACKING,1,816,0,0,252,481,78,2,1,131,131,0,0.3625,0.727,0.319
985,perseguicao,TRACKING,1,795,0,0,227,487,77,1,1,131,131,0,0.3438,0.723,0.340
986,perseguicao,TRACKING,1,807,0,0,224,502,78,1,1,131,131,0,0.3250,0.718,0.361
987,perseguicao,TRACKING,1,819,0,0,248,482,84,1,1,131,131,0,0.3063,0.714,0.382
988,perseguicao,TRACKING,1,848,0,0,254,507,82,1,1,131,131,0,0.2875,0.708,0.403
989,perseguicao,TRACKING,1,802,0,0,225,482,91,1,1,131,131,0,0.2688,0.703,0.425
990,perseguicao,TRACKING,1,810,0,0,246,479,81,3,1,131,131,0,0.2500,0.698,0.446
991,perseguicao,TRACKING,1,812,0,0,233,496,80,1,0,131,131,0,0.2313,0.693,0.468
992,perseguicao,TRACKING,1,826,0,0,252,491,79,1,2,131,131,0,0.2125,0.687,0.489
993,perseguicao,TRACKING,1,821,0,0,228,511,78,1,1,131,131,0,0.1937,0.682,0.511
994,perseguicao,TRACKING,1,821,0,0,229,511,78,1,0,131,131,0,0.1750,0.676,0.532
995,perseguicao,TRACKING,1,798,0,0,233,483,78,2,1,131,131,0,0.1562,0.671,0.554
996,perseguicao,TRACKING,1,898,0,0,296,503,96,1,1,131,131,0,0.1375,0.666,0.576
997,perseguicao,TRACKING,1,836,0,0,237,516,78,3,1,131,131,0,0.1187,0.660,0.597
998,perseguicao,TRACKING,1,849,0,0,236,528,79,2,0,131,131,0,0.1000,0.655,0.619
999,perseguicao,TRACKING,1,796,0,0,228,485,80,1,1,131,131,0,0.0812,0.649,0.640
1000,perseguicao,TRACKING,1,787,0,0,222,484,78,1,1,131,131,0,0.0625,0.644,0.662
1001,perseguicao,TRACKING,1,798,0,0,235,481,78,2,1,131,131,0,0.0437,0.639,0.684
1002,perseguicao,TRACKING,1,802,0,0,224,498,77,2,0,131,131,0,0.0312,0.642,0.691
1003,perseguicao,TRACKING,1,810,0,0,229,495,82,1,2,131,131,0,0.0125,0.634,0.715
1004,perseguicao,TRACKING,1,791,0,0,229,481,78,1,1,131,131,0,-0.0063,0.621,0.733
1005,perseguicao,TRACKING,1,798,0,0,237,480,79,0,0,131,131,0,-0.0250,0.599,0.740
1006,perseguicao,TRACKING,1,791,0,0,224,487,77,1,1,131,131,0,-0.0437,0.577,0.746
1007,perseguicao,TRACKING,1,808,0,0,225,485,95,1,1,131,131,0,-0.0625,0.555,0.751
1008,perseguicao,TRACKING,1,804,0,0,242,479,78,4,0,131,131,0,-0.0812,0.533,0.757
1009,perseguicao,TRACKING,1,806,0,0,240,486,77,1,1,131,131,0,-0.1000,0.511,0.763
1010,perseguicao,TRACKING,1,842,0,0,256,501,80,2,1,131,131,0,-0.1187,0.489,0.768
1011,perseguicao,TRACKING,1,814,0,0,231,499,81,2,0,131,131,0,-0.1375,0.468,0.774
1012,perseguicao,TRACKING,1,806,0,0,244,480,78,1,1,131,131,0,-0.1562,0.446,0.779
1013,perseguicao,TRACKING,1,807,0,0,238,484,79,1,1,131,131,0,-0.1750,0.424,0.784
1014,perseguicao,TRACKING,1,819,0,0,252,483,82,1,0,131,131,0,-0.1937,0.403,0.790
1015,perseguicao,TRACKING,1,825,0,0,221,508,92,1,0,131,131,0,-0.2125,0.381,0.795
1016,perseguicao,TRACKING,1,831,0,0,241,509,78,1,0,131,131,0,-0.2313,0.360,0.801
1017,perseguicao,TRACKING,1,791,0,0,225,483,81,1,0,131,131,0,-0.2500,0.338,0.806
1018,perseguicao,TRACKING,1,799,0,0,222,483,91,0,1,131,131,0,-0.2688,0.316,0.811
1019,perseguicao,TRACKING,1,788,0,0,228,479,78,1,1,131,131,0,-0.2875,0.295,0.817
1020,perseguicao,TRACKING,1,800,0,0,237,483,77,1,0,131,131,0,-0.3063,0.273,0.822
1021,perseguicao,TRACKING,1,805,0,0,226,497,79,1,1,131,131,0,-0.3250,0.252,0.828
1022,perseguicao,TRACKING,1,803,0,0,224,480,93,2,1,131,131,0,-0.3438,0.230,0.833
1023,perseguicao,TRACKING,1,803,0,0,241,479,80,1,1,131,131,0,-0.3688,-0.206,0.847
1024,perseguicao,TRACKING,1,818,0,0,240,489,81,2,3,131,131,0,-0.3875,-0.225,0.850
1025,perseguicao,TRACKING,1,812,0,0,232,495,82,1,0,131,131,0,-0.4062,-0.245,0.854
1026,perseguicao,TRACKING,1,792,0,0,233,480,77,0,1,131,131,0,-0.4250,-0.265,0.858
1027,perseguicao,TRACKING,1,806,0,0,242,481,79,1,1,131,131,0,-0.4437,-0.286,0.863
1028,perseguicao,TRACKING,1,810,0,0,232,498,78,1,0,131,131,0,-0.4625,-0.307,0.868
1029,perseguicao,TRACKING,1,798,0,0,230,487,78,1,1,131,131,0,-0.4812,-0.329,0.873
1030,perseguicao,TRACKING,1,793,0,0,225,480,85,1,1,131,131,0,-0.5000,-0.350,0.878
1031,perseguicao,TRACKING,1,814,0,0,255,475,81,1,1,131,131,0,-0.5188,-0.372,0.884
1032,perseguicao,TRACKING,1,850,0,0,260,506,79,4,0,131,131,0,-0.5375,-0.393,0.889
1033,perseguicao,TRACKING,1,886,0,0,313,488,81,1,2,131,131,0,-0.5562,-0.415,0.894
1034,perseguicao,TRACKING,1,837,0,0,233,522,79,1,1,131,131,0,-0.5750,-0.436,0.900
1035,perseguicao,TRACKING,1,830,0,0,232,514,81,1,1,131,131,0,-0.5938,-0.458,0.905
1036,perseguicao,TRACKING,1,830,0,0,231,488,106,3,0,131,131,0,-0.6125,-0.480,0.910
1037,perseguicao,TRACKING,1,797,0,0,226,490,78,1,1,131,131,0,-0.6313,-0.501,0.916
1038,perseguicao,TRACKING,1,866,0,0,251,529,82,1,0,131,131,0,-0.6500,-0.523,0.921
1039,perseguicao,TRACKING,1,833,0,0,231,521,79,1,1,131,131,0,-0.6687,-0.544,0.927
1040,perseguicao,TRACKING,1,793,0,0,225,486,77,3,1,129,131,0,-0.6875,-0.566,0.932
1041,perseguicao,TRACKING,1,776,0,0,216,477,79,1,1,126,131,0,-0.7063,-0.588,0.937
1042,perseguicao,TRACKING,1,828,0,0,215,473,136,2,1,123,131,0,-0.7250,-0.609,0.943
1043,perseguicao,TRACKING,1,741,0,0,229,435,74,1,1,120,131,0,-0.7375,-0.616,0.939
1044,perseguicao,TRACKING,1,742,0,0,210,457,72,1,1,117,131,0,-0.7563,-0.641,0.947
1045,perseguicao,TRACKING,1,694,0,0,200,420,71,1,1,114,131,0,-0.7750,-0.664,0.955
1046,perseguicao,TRACKING,1,698,0,0,202,426,67,1,1,111,131,0,-0.7937,-0.687,0.961
1047,perseguicao,TRACKING,1,667,0,0,188,409,65,3,1,108,131,0,-0.8125,-0.709,0.967
1048,perseguicao,TRACKING,1,634,0,0,183,383,66,1,0,105,131,0,-0.8313,-0.731,0.973
1049,perseguicao,TRACKING,1,648,0,0,174,407,62,3,1,102,131,0,-0.8500,-0.753,0.978
1050,perseguicao,TRACKING,1,665,0,0,200,394,67,1,1,99,131,0,-0.8687,-0.775,0.984
1051,perseguicao,TRACKING,1,594,0,0,183,350,58,1,1,96,131,0,-0.8875,-0.796,0.989
1052,perseguicao,TRACKING,1,653,0,0,219,368,62,1,0,93,131,0,-0.9062,-0.818,0.995
1053,perseguicao,TRACKING,1,627,0,0,172,360,91,1,1,92,131,0,-0.9125,-0.811,0.982
1054,perseguicao,TRACKING,1,592,0,0,166,365,59,1,1,94,131,0,-0.9062,-0.781,0.958
1055,perseguicao,TRACKING,1,589,0,0,178,351,57,0,1,96,131,0,-0.8938,-0.745,0.933
1056,perseguicao,TRACKING,1,595,0,0,166,362,64,1,0,98,131,0,-0.8750,-0.704,0.908
1057,perseguicao,TRACKING,1,619,0,0,180,374,61,3,0,100,131,0,-0.8500,-0.656,0.881
1058,perseguicao,TRACKING,1,635,0,0,177,388,67,1,1,102,131,0,-0.8313,-0.630,0.872
1059,perseguicao,TRACKING,1,628,0,0,185,379,61,1,1,104,131,0,-0.8062,-0.591,0.855
1060,perseguicao,TRACKING,1,658,0,0,191,400,64,1,1,106,131,0,-0.7812,-0.557,0.842
1061,perseguicao,TRACKING,1,801,0,0,271,459,67,2,1,108,131,0,-0.7563,-0.524,0.831
1062,perseguicao,TRACKING,1,734,0,0,202,460,66,1,0,110,131,0,-0.7312,-0.494,0.822
1063,perseguicao,TRACKING,1,684,0,0,196,418,67,1,1,112,131,0,-0.7063,-0.463,0.813
1064,perseguicao,TRACKING,1,691,0,0,198,419,69,1,0,114,131,0,-0.6875,-0.448,0.814
1065,perseguicao,TRACKING,1,721,0,0,211,428,74,3,1,116,131,0,-0.6687,-0.431,0.813
1066,perseguicao,TRACKING,1,757,0,0,216,463,73,1,1,118,131,0,-0.6438,-0.397,0.801
1067,perseguicao,TRACKING,1,720,0,0,210,435,71,1,0,120,131,0,-0.6250,-0.380,0.800
1068,perseguicao,TRACKING,1,758,0,0,228,453,74,1,1,122,131,0,-0.6125,-0.375,0.806
1069,perseguicao,TRACKING,1,762,0,0,218,464,76,1,0,124,131,0,-0.5938,-0.352,0.799
1070,perseguicao,TRACKING,1,789,0,0,217,490,78,1,3,126,131,0,-0.5813,-0.344,0.802
1071,perseguicao,TRACKING,1,751,0,0,217,455,76,1,1,128,131,0,-0.5625,-0.319,0.793
1072,perseguicao,TRACKING,1,792,0,0,232,477,80,1,1,130,131,0,-0.5500,-0.310,0.795
1073,perseguicao,TRACKING,1,804,0,0,223,499,79,1,1,131,131,0,-0.5375,-0.299,0.794
1074,perseguicao,TRACKING,1,792,0,0,230,480,79,1,1,131,131,0,-0.5250,-0.286,0.792
1075,perseguicao,TRACKING,1,802,0,0,239,482,77,1,1,131,131,0,-0.5125,-0.273,0.790
1076,perseguicao,TRACKING,1,808,0,0,233,491,80,1,0,131,131,0,-0.5000,-0.259,0.787
1077,perseguicao,TRACKING,1,842,0,0,257,500,79,4,1,131,131,0,-0.4875,-0.245,0.784
1078,perseguicao,TRACKING,1,836,0,0,226,523,83,1,1,131,131,0,-0.4750,-0.231,0.780
1079,perseguicao,TRACKING,1,832,0,0,243,508,78,1,1,131,131,0,-0.4625,-0.217,0.777
1080,perseguicao,TRACKING,1,835,0,0,233,515,80,1,3,131,131,0,-0.4500,-0.202,0.773
1081,perseguicao,TRACKING,1,855,0,0,269,502,79,1,1,131,131,0,-0.4375,0.212,0.770
1082,perseguicao,TRACKING,1,820,0,0,228,511,78,1,1,131,131,0,-0.4250,0.226,0.766
1083,perseguicao,TRACKING,1,818,0,0,227,511,78,1,1,131,131,0,-0.4125,0.241,0.763
1084,perseguicao,TRACKING,1,805,0,0,234,491,77,2,0,131,131,0,-0.4000,0.255,0.759
1085,perseguicao,TRACKING,1,797,0,0,228,483,83,1,0,131,131,0,-0.3875,0.270,0.756
1086,perseguicao,TRACKING,1,792,0,0,231,480,78,1,1,131,131,0,-0.3750,0.284,0.752
1087,perseguicao,TRACKING,1,804,0,0,239,483,77,1,1,131,131,0,-0.3625,0.298,0.748
1088,perseguicao,TRACKING,1,804,0,0,223,497,79,1,0,131,131,0,-0.3500,0.313,0.745
1089,perseguicao,TRACKING,1,792,0,0,227,479,83,1,1,131,131,0,-0.3375,0.327,0.741
1090,perseguicao,TRACKING,1,791,0,0,229,480,79,1,1,131,131,0,-0.3250,0.342,0.738
1091,perseguicao,TRACKING,1,802,0,0,228,491,81,1,1,131,131,0,-0.3187,0.342,0.743
1092,perseguicao,TRACKING,1,809,0,0,228,496,80,2,0,131,131,0,-0.3063,0.359,0.737
1093,perseguicao,TRACKING,1,789,0,0,227,481,77,1,0,131,131,0,-0.2937,0.375,0.731
1094,perseguicao,TRACKING,1,845,0,0,275,484,80,4,1,131,131,0,-0.2812,0.390,0.727
1095,perseguicao,TRACKING,1,811,0,0,234,494,81,1,1,131,131,0,-0.2688,0.405,0.722
1096,perseguicao,TRACKING,1,812,0,0,226,503,79,2,0,131,131,0,-0.2562,0.420,0.718
1097,perseguicao,TRACKING,1,796,0,0,228,481,81,4,1,131,131,0,-0.2438,0.435,0.715
1098,perseguicao,TRACKING,1,798,0,0,237,479,78,1,1,131,131,0,-0.2313,0.449,0.711
1099,perseguicao,TRACKING,1,817,0,0,229,504,78,2,0,131,131,0,-0.2188,0.464,0.707
1100,perseguicao,TRACKING,1,840,0,0,260,496,81,1,1,131,131,0,-0.2062,0.478,0.703
1101,perseguicao,TRACKING,1,818,0,0,226,508,78,3,1,131,131,0,-0.1937,0.493,0.700
1102,perseguicao,TRACKING,1,845,0,0,239,524,79,1,0,131,131,0,-0.1813,0.507,0.696
1103,perseguicao,TRACKING,1,790,0,0,223,487,77,1,1,131,131,0,-0.1688,0.522,0.693
1104,perseguicao,TRACKING,1,805,0,0,226,484,92,2,0,131,131,0,-0.1562,0.536,0.689
1105,perseguicao,TRACKING,1,787,0,0,226,480,79,0,1,131,131,0,-0.1437,0.550,0.685
1106,perseguicao,TRACKING,1,800,0,0,225,492,78,3,1,131,131,0,-0.1312,0.565,0.682
1107,perseguicao,TRACKING,1,817,0,0,232,503,79,1,0,131,131,0,-0.1187,0.579,0.678
1108,perseguicao,TRACKING,1,811,0,0,239,485,83,1,0,131,131,0,-0.1063,0.594,0.675
1109,perseguicao,TRACKING,1,808,0,0,245,480,79,2,1,131,131,0,-0.0938,0.608,0.671
1110,perseguicao,TRACKING,1,799,0,0,227,492,78,1,1,131,131,0,-0.0812,0.622,0.667
1111,perseguicao,TRACKING,1,802,0,0,222,499,78,1,0,131,131,0,-0.0688,0.637,0.664
1112,perseguicao,TRACKING,1,792,0,0,227,480,82,1,1,131,131,0,-0.0500,0.666,0.651
1113,perseguicao,TRACKING,1,788,0,0,227,478,79,2,1,131,131,0,-0.0375,0.677,0.650
1114,perseguicao,TRACKING,1,792,0,0,227,484,78,1,1,131,131,0,-0.0250,0.690,0.649
1115,perseguicao,TRACKING,1,797,0,0,228,485,79,3,1,131,131,0,-0.0125,0.703,0.646
1116,perseguicao,TRACKING,1,793,0,0,227,479,82,1,1,131,131,0,0.0000,0.717,0.643
1117,perseguicao,TRACKING,1,792,0,0,231,481,78,1,1,131,131,0,0.0125,0.720,0.629
1118,perseguicao,TRACKING,1,810,0,0,228,500,78,4,0,131,131,0,0.0250,0.724,0.615
1119,perseguicao,TRACKING,1,823,0,0,253,489,80,1,0,131,131,0,0.0375,0.727,0.601
1120,perseguicao,TRACKING,1,816,0,0,226,510,78,1,0,131,131,0,0.0500,0.731,0.586
1121,perseguicao,TRACKING,1,827,0,0,237,509,78,1,1,131,131,0,0.0625,0.734,0.572
1122,perseguicao,TRACKING,1,885,0,0,290,509,82,1,0,131,131,0,0.0750,0.738,0.558
1123,perseguicao,TRACKING,1,820,0,0,252,485,79,1,1,131,131,0,0.0875,0.741,0.543
1124,perseguicao,TRACKING,1,824,0,0,233,510,78,1,1,131,131,0,0.1000,0.745,0.529
1125,perseguicao,TRACKING,1,830,0,0,226,496,105,1,0,131,131,0,0.1125,0.748,0.514
1126,perseguicao,TRACKING,1,812,0,0,229,495,82,3,1,131,131,0,0.1250,0.752,0.500
1127,perseguicao,TRACKING,1,796,0,0,228,481,82,4,0,131,131,0,0.1375,0.756,0.486
1128,perseguicao,TRACKING,1,793,0,0,233,479,78,1,1,131,131,0,0.1500,0.759,0.471
1129,perseguicao,TRACKING,1,807,0,0,227,499,78,1,1,131,131,0,0.1625,0.763,0.457
1130,perseguicao,TRACKING,1,805,0,0,226,493,81,1,1,131,131,0,0.1750,0.766,0.442
1131,perseguicao,TRACKING,1,788,0,0,224,479,81,1,1,131,131,0,0.1875,0.770,0.428
1132,perseguicao,TRACKING,1,795,0,0,232,480,79,1,1,131,131,0,0.2000,0.774,0.414
1133,perseguicao,TRACKING,1,806,0,0,225,496,82,2,0,131,131,0,0.2062,0.768,0.414
1134,perseguicao,TRACKING,1,807,0,0,224,502,78,2,0,131,131,0,0.2188,0.775,0.396
1135,perseguicao,TRACKING,1,786,0,0,223,480,80,1,1,131,131,0,0.2313,0.780,0.380
1136,perseguicao,TRACKING,1,840,0,0,252,502,81,2,0,131,131,0,0.2438,0.785,0.365
1137,perseguicao,TRACKING,1,811,0,0,234,494,78,3,0,131,131,0,0.2562,0.789,0.350
1138,perseguicao,TRACKING,1,797,0,0,231,479,84,1,1,131,131,0,0.2688,0.793,0.335
1139,perseguicao,TRACKING,1,789,0,0,226,480,81,1,0,131,131,0,0.2812,0.797,0.320
1140,perseguicao,TRACKING,1,821,0,0,238,498,81,1,1,131,131,0,0.2937,0.800,0.306
1141,perseguicao,TRACKING,1,808,0,0,229,489,84,3,0,131,131,0,0.3063,0.804,0.291
1142,perseguicao,TRACKING,1,820,0,0,257,482,78,1,0,131,131,0,0.3187,0.808,0.277
1143,perseguicao,TRACKING,1,824,0,0,237,506,78,1,1,131,131,0,0.3313,0.811,0.262
1144,perseguicao,TRACKING,1,827,0,0,228,489,105,0,2,131,131,0,0.3438,0.815,0.248
1145,perseguicao,TRACKING,1,794,0,0,224,487,79,1,1,131,131,0,0.3562,0.819,0.234
1146,perseguicao,TRACKING,1,789,0,0,226,480,80,1,1,131,131,0,0.3688,0.822,0.219
1147,perseguicao,TRACKING,1,807,0,0,246,479,79,1,1,131,131,0,0.3812,0.826,0.205
1148,perseguicao,TRACKING,1,804,0,0,224,498,79,1,1,131,131,0,0.3938,0.829,-0.210
1149,perseguicao,TRACKING,1,813,0,0,227,486,95,0,0,131,131,0,0.4062,0.833,-0.224
1150,perseguicao,TRACKING,1,821,0,0,252,485,80,1,1,131,131,0,0.4187,0.837,-0.238
1151,perseguicao,TRACKING,1,812,0,0,237,493,79,2,0,131,131,0,0.4313,0.840,-0.253
1152,perseguicao,TRACKING,1,803,0,0,225,498,78,1,0,131,131,0,0.4437,0.844,-0.267
1153,perseguicao,TRACKING,1,792,0,0,226,484,79,1,1,131,131,0,0.4563,0.847,-0.282
1154,perseguicao,TRACKING,1,798,0,0,238,480,78,1,1,131,131,0,0.4688,0.851,-0.296
1155,perseguicao,TRACKING,1,812,0,0,231,498,78,4,0,131,131,0,0.4812,0.855,-0.310
1156,perseguicao,TRACKING,1,804,0,0,223,499,78,1,1,131,131,0,0.4938,0.858,-0.325
1157,perseguicao,TRACKING,1,791,0,0,224,481,82,2,0,131,131,0,0.5063,0.862,-0.339
1158,perseguicao,TRACKING,1,805,0,0,245,478,78,1,1,131,131,0,0.5188,0.865,-0.354
1159,perseguicao,TRACKING,1,810,0,0,227,497,82,1,1,131,131,0,0.5312,0.869,-0.368
1160,perseguicao,TRACKING,1,834,0,0,252,501,78,1,1,131,131,0,0.5437,0.873,-0.382
1161,perseguicao,TRACKING,1,814,0,0,224,508,78,2,1,131,131,0,0.5562,0.876,-0.397
1162,perseguicao,TRACKING,1,825,0,0,237,507,78,1,1,131,131,0,0.5750,0.889,-0.426
1163,perseguicao,TRACKING,1,791,0,0,224,483,81,1,0,131,131,0,0.5875,0.890,-0.437
1164,perseguicao,TRACKING,1,900,0,0,310,491,94,2,1,131,131,0,0.6000,0.891,-0.450
1165,perseguicao,TRACKING,1,827,0,0,233,510,82,1,0,131,131,0,0.6125,0.894,-0.463
1166,perseguicao,TRACKING,1,819,0,0,230,508,78,1,1,131,131,0,0.6250,0.897,-0.477
1167,perseguicao,TRACKING,1,807,0,0,228,497,78,1,0,131,131,0,0.6375,0.900,-0.491
1168,perseguicao,TRACKING,1,772,0,0,222,466,82,1,1,129,131,0,0.6500,0.904,-0.505
1169,perseguicao,TRACKING,1,793,0,0,234,480,77,1,1,127,131,0,0.6625,0.907,-0.519
1170,perseguicao,TRACKING,1,766,0,0,215,471,76,3,1,125,131,0,0.6750,0.911,-0.534
1171,perseguicao,TRACKING,1,759,0,0,209,470,73,4,3,123,131,0,0.6875,0.914,-0.548
1172,perseguicao,TRACKING,1,738,0,0,221,440,73,1,2,121,131,0,0.7000,0.918,-0.562
1173,perseguicao,TRACKING,1,744,0,0,206,464,71,1,0,119,131,0,0.7125,0.921,-0.577
1174,perseguicao,TRACKING,1,710,0,0,200,435,73,1,1,117,131,0,0.7250,0.925,-0.591
1175,perseguicao,TRACKING,1,698,0,0,202,422,69,2,1,115,131,0,0.7375,0.928,-0.606
1176,perseguicao,TRACKING,1,678,0,0,193,412,69,1,1,113,131,0,0.7500,0.932,-0.620
1177,perseguicao,TRACKING,1,714,0,0,189,455,67,1,0,111,131,0,0.7625,0.936,-0.634
1178,perseguicao,TRACKING,1,694,0,0,199,424,67,1,0,109,131,0,0.7750,0.939,-0.649
1179,perseguicao,TRACKING,1,689,0,0,216,405,64,1,0,107,131,0,0.7875,0.943,-0.663
1180,perseguicao,TRACKING,1,674,0,0,196,413,63,1,1,105,131,0,0.8000,0.946,-0.678
1181,perseguicao,TRACKING,1,657,0,0,179,397,78,3,0,103,131,0,0.8125,0.950,-0.692
1182,perseguicao,TRACKING,1,624,0,0,179,378,64,2,0,101,131,0,0.8250,0.954,-0.706
1183,perseguicao,TRACKING,1,665,0,0,169,427,64,3,1,99,131,0,0.8375,0.957,-0.721
1184,perseguicao,TRACKING,1,627,0,0,182,378,62,1,1,97,131,0,0.8500,0.961,-0.735
1185,perseguicao,TRACKING,1,615,0,0,178,374,59,1,1,95,131,0,0.8625,0.964,-0.750
1186,perseguicao,TRACKING,1,597,0,0,169,370,56,1,0,93,131,0,0.8750,0.968,-0.764
1187,perseguicao,TRACKING,1,579,0,0,177,344,55,1,1,91,131,0,0.8750,0.954,-0.750
1188,perseguicao,TRACKING,1,615,0,0,182,371,59,1,1,94,131,0,0.8625,0.927,-0.712
1189,perseguicao,TRACKING,1,625,0,0,178,385,59,1,1,97,131,0,0.8500,0.910,-0.684
1190,perseguicao,TRACKING,1,624,0,0,181,378,61,1,1,100,131,0,0.8250,0.880,-0.632
1191,perseguicao,TRACKING,1,637,0,0,177,394,63,1,0,103,131,0,0.8000,0.859,-0.590
1192,perseguicao,TRACKING,1,664,0,0,193,398,68,1,1,106,131,0,0.7688,0.834,-0.539
1193,perseguicao,TRACKING,1,692,0,0,194,424,69,2,1,109,131,0,0.7437,0.825,-0.508
1194,perseguicao,TRACKING,1,683,0,0,208,401,71,1,1,112,131,0,0.7125,0.808,-0.463
1195,perseguicao,TRACKING,1,728,0,0,207,446,71,1,1,115,131,0,0.6812,0.794,-0.422
1196,perseguicao,TRACKING,1,738,0,0,210,451,73,2,0,118,131,0,0.6500,0.782,-0.383
1197,perseguicao,TRACKING,1,752,0,0,221,448,75,1,0,121,131,0,0.6187,0.771,-0.346
1198,perseguicao,TRACKING,1,764,0,0,223,462,76,2,0,124,131,0,0.5938,0.770,-0.323
1199,perseguicao,TRACKING,1,782,0,0,221,482,75,1,0,127,131,0,0.5625,0.757,-0.283
1200,oclusao,COASTING,0,793,0,0,238,476,76,1,0,130,131,0,0.5437,0.764,-0.274
1201,oclusao,COASTING,0,3431,0,0,1046,2051,331,1,1,320,240,0,0.5312,0.775,-0.274
1202,oclusao,COASTING,0,3424,0,0,996,2090,335,1,1,320,240,0,0.5125,0.771,-0.254
1203,oclusao,COASTING,0,3465,0,0,1050,2068,344,1,1,320,240,0,0.4938,0.767,-0.233
1204,oclusao,COASTING,0,3583,0,0,1041,2160,374,2,1,320,240,0,0.4812,0.771,-0.227
1205,oclusao,COASTING,0,3512,0,0,1072,2097,337,1,2,320,240,0,0.4625,0.763,-0.203
1206,oclusao,COASTING,0,3543,0,0,1019,2185,336,1,0,320,240,0,0.4437,0.756,0.221
1207,oclusao,COASTING,0,3593,0,0,1042,2152,390,3,1,320,240,0,0.4250,0.750,0.243
1208,oclusao,COASTING,0,3686,0,0,1079,2258,338,3,1,320,240,0,0.4125,0.753,0.251
1209,oclusao,COASTING,0,3530,0,0,1007,2150,369,1,2,320,240,0,0.3938,0.744,0.276
1210,oclusao,COASTING,0,3584,0,0,1142,2103,334,2,1,320,240,0,0.3750,0.737,0.299
1211,oclusao,COASTING,0,3600,0,0,1100,2167,328,1,1,320,240,0,0.3625,0.739,0.307
1212,oclusao,COASTING,0,3507,0,0,1038,2086,377,3,0,320,240,0,0.3438,0.730,0.333
1213,oclusao,COASTING,0,3458,0,0,1003,2119,331,1,1,320,240,0,0.3250,0.723,0.356
1214,oclusao,COASTING,0,3396,0,0,993,2060,339,1,0,320,240,0,0.3125,0.725,0.365
1215,oclusao,COASTING,0,3465,0,0,1002,2112,347,1,1,320,240,0,0.2937,0.716,0.390
1216,oclusao,COASTING,0,3422,0,0,1010,2062,345,1,1,320,240,0,0.2750,0.708,0.414
1217,oclusao,COASTING,0,3441,0,0,1000,2109,328,1,1,320,240,0,0.2562,0.702,0.437
1218,oclusao,COASTING,0,3458,0,0,1053,2072,330,1,0,320,240,0,0.2438,0.705,0.445
1219,oclusao,COASTING,0,3460,0,0,1011,2115,331,0,0,320,240,0,0.2250,0.696,0.470
1220,oclusao,COASTING,0,3444,0,0,1033,2076,330,0,0,320,240,0,0.2062,0.688,0.493
1221,oclusao,COASTING,0,3477,0,0,1017,2112,343,2,0,320,240,0,0.1937,0.691,0.502
1222,oclusao,COASTING,0,3530,0,0,1072,2122,331,1,0,320,240,0,0.1750,0.682,0.527
1223,oclusao,SEARCHING,0,3470,0,0,1005,2128,334,0,1,320,240,0,0.0000,0.480,-0.480
1224,oclusao,SEARCHING,0,3405,0,0,1006,2062,333,0,1,320,240,0,0.0000,0.480,-0.480
1225,oclusao,SEARCHING,0,3616,0,0,1004,2178,431,1,1,320,240,0,0.0000,0.480,-0.480
1226,oclusao,SEARCHING,0,3474,0,0,1067,2064,337,0,1,320,240,0,0.0000,0.480,-0.480
1227,oclusao,SEARCHING,0,3468,0,0,1012,2112,340,1,1,320,240,0,0.0000,0.480,-0.480
1228,oclusao,SEARCHING,0,3464,0,0,1063,2068,331,0,1,320,240,0,0.0000,0.480,-0.480
1229,oclusao,SEARCHING,0,3431,0,0,1008,2094,327,1,0,320,240,0,0.0000,0.480,-0.480
1230,oclusao,SEARCHING,0,3443,0,0,1023,2054,332,0,32,320,240,0,0.0000,0.480,-0.480
1231,oclusao,SEARCHING,0,3456,0,0,1003,2118,331,0,3,320,240,0,0.0000,0.480,-0.480
1232,oclusao,SEARCHING,0,3415,0,0,1019,2059,335,1,0,320,240,0,0.0000,0.480,-0.480
1233,oclusao,SEARCHING,0,3450,0,0,997,2106,344,0,1,320,240,0,0.0000,0.480,-0.480
1234,oclusao,SEARCHING,0,3435,0,0,1043,2061,328,1,1,320,240,0,0.0000,0.480,-0.480
1235,oclusao,SEARCHING,0,3437,0,0,989,2115,330,0,1,320,240,0,0.0000,0.480,-0.480
1236,oclusao,SEARCHING,0,3451,0,0,1057,2060,331,1,1,320,240,0,0.0000,0.480,-0.480
1237,oclusao,SEARCHING,0,3428,0,0,987,2093,346,0,0,320,240,0,0.0000,0.480,-0.480
1238,oclusao,SEARCHING,0,3448,0,0,1035,2066,342,1,2,320,240,0,0.0000,0.480,-0.480
1239,oclusao,SEARCHING,0,3452,0,0,996,2123,330,1,0,320,240,0,0.0000,0.480,-0.480
1240,oclusao,SEARCHING,0,3479,0,0,1081,2061,331,0,3,320,240,0,0.0000,0.480,-0.480
1241,oclusao,SEARCHING,0,3423,0,0,1000,2090,330,0,0,320,240,0,0.0000,0.480,-0.480
1242,oclusao,SEARCHING,0,3447,0,0,1038,2073,333,0,1,320,240,0,0.0000,0.480,-0.480
1243,oclusao,SEARCHING,0,3434,0,0,995,2097,340,0,1,320,240,0,0.0000,0.480,-0.480
1244,oclusao,SEARCHING,0,3439,0,0,1036,2069,331,0,0,320,240,0,0.0000,0.480,-0.480
1245,oclusao,SEARCHING,0,3422,0,0,1001,2057,360,0,1,320,240,0,0.0000,0.480,-0.480
1246,oclusao,SEARCHING,0,3440,0,0,1000,2105,330,0,1,320,240,0,0.0000,0.480,-0.480
1247,oclusao,SEARCHING,0,3405,0,0,993,2080,330,0,1,320,240,0,0.0000,0.480,-0.480
1248,oclusao,SEARCHING,0,3481,0,0,1063,2071,343,1,0,320,240,0,0.0000,0.480,-0.480
1249,oclusao,SEARCHING,0,3438,0,0,1006,2095,333,0,1,320,240,0,0.0000,0.480,-0.480
1250,oclusao,SEARCHING,0,3424,0,0,1004,2088,330,1,0,320,240,0,0.0000,0.480,-0.480
1251,oclusao,SEARCHING,0,3413,0,0,1003,2048,358,0,1,320,240,0,0.0000,0.480,-0.480
1252,oclusao,SEARCHING,0,3446,0,0,1002,2111,330,0,1,320,240,0,0.0000,0.480,-0.480
1253,oclusao,SEARCHING,0,3406,0,0,992,2064,347,1,0,320,240,0,0.0000,0.480,-0.480
1254,oclusao,SEARCHING,0,3436,0,0,989,2101,344,0,1,320,240,0,0.0000,0.480,-0.480
1255,oclusao,SEARCHING,0,3420,0,0,1029,2058,330,0,1,320,240,0,0.0000,0.480,-0.480
1256,oclusao,SEARCHING,0,3420,0,0,995,2095,328,0,1,320,240,0,0.0000,0.480,-0.480
1257,oclusao,SEARCHING,0,3421,0,0,1003,2084,332,0,1,320,240,0,0.0000,0.480,-0.480
1258,oclusao,SEARCHING,0,3463,0,0,1011,2103,346,0,1,320,240,0,0.0000,0.480,-0.480
1259,oclusao,SEARCHING,0,3395,0,0,989,2067,334,0,1,320,240,0,0.0000,0.480,-0.480
1260,oclusao,SEARCHING,0,3426,0,0,1000,2093,329,1,0,320,240,0,0.0000,0.480,-0.480
1261,oclusao,SEARCHING,0,3449,0,0,1053,2062,331,0,1,320,240,0,0.0000,0.480,-0.480
1262,oclusao,SEARCHING,0,3429,0,0,999,2096,331,0,1,320,240,0,0.0000,0.480,-0.480
1263,oclusao,SEARCHING,0,3425,0,0,1017,2069,336,1,1,320,240,0,0.0000,0.480,-0.480
1264,oclusao,SEARCHING,0,3490,0,0,1029,2113,346,0,0,320,240,0,0.0000,0.480,-0.480
1265,oclusao,SEARCHING,0,3440,0,0,1045,2063,330,0,1,320,240,0,0.0000,0.480,-0.480
1266,oclusao,SEARCHING,0,3452,0,0,1004,2117,327,0,1,320,240,0,0.0000,0.480,-0.480
1267,oclusao,SEARCHING,0,3426,0,0,1034,2062,326,1,0,320,240,0,0.0000,0.480,-0.480
1268,oclusao,SEARCHING,0,3448,0,0,998,2119,329,1,0,320,240,0,0.0000,0.480,-0.480
1269,oclusao,SEARCHING,0,3555,0,0,1071,2129,351,0,0,320,240,0,0.0000,0.480,-0.480
1270,oclusao,SEARCHING,0,3444,0,0,999,2106,336,0,1,320,240,0,0.0000,0.480,-0.480
1271,oclusao,SEARCHING,0,3432,0,0,1026,2069,335,0,1,320,240,0,0.0000,0.480,-0.480
1272,oclusao,SEARCHING,0,3419,0,0,997,2092,327,0,1,320,240,0,0.0000,0.480,-0.480
1273,oclusao,SEARCHING,0,3448,0,0,1001,2115,330,0,0,320,240,0,0.0000,0.480,-0.480
1274,oclusao,SEARCHING,0,3428,0,0,996,2063,366,0,1,320,240,0,0.0000,0.480,-0.480
1275,oclusao,SEARCHING,0,3470,0,0,1058,2076,332,1,0,320,240,0,0.0000,0.480,-0.480
1276,oclusao,SEARCHING,0,3433,0,0,1005,2091,334,1,0,320,240,0,0.0000,0.480,-0.480
1277,oclusao,SEARCHING,0,3447,0,0,1036,2067,341,0,1,320,240,0,0.0000,0.480,-0.480
1278,oclusao,SEARCHING,0,3422,0,0,1002,2061,357,0,1,320,240,0,0.0000,0.480,-0.480
1279,oclusao,SEARCHING,0,3406,0,0,992,2082,330,0,1,320,240,0,0.0000,0.480,-0.480
1280,oclusao,SEARCHING,0,3472,0,0,1014,2064,389,2,0,320,240,0,0.0000,0.480,-0.480
1281,oclusao,SEARCHING,0,3447,0,0,1004,2110,330,1,0,320,240,0,0.0000,0.480,-0.480
1282,oclusao,SEARCHING,0,3397,0,0,1000,2062,333,0,1,320,240,0,0.0000,0.480,-0.480
1283,oclusao,SEARCHING,0,3454,0,0,1004,2110,335,1,0,320,240,0,0.0000,0.480,-0.480
1284,oclusao,SEARCHING,0,3445,0,0,1015,2095,330,1,0,320,240,0,0.0000,0.480,-0.480
1285,oclusao,SEARCHING,0,3430,0,0,993,2104,329,0,1,320,240,0,0.0000,0.480,-0.480
1286,oclusao,SEARCHING,0,3485,0,0,999,2101,381,1,1,320,240,0,0.0000,0.480,-0.480
1287,oclusao,SEARCHING,0,3448,0,0,1004,2110,330,0,1,320,240,0,0.0000,0.480,-0.480
1288,oclusao,SEARCHING,0,3416,0,0,1010,2073,330,0,0,320,240,0,0.0000,0.480,-0.480
1289,oclusao,SEARCHING,0,3451,0,0,998,2101,349,1,1,320,240,0,0.0000,0.480,-0.480
1290,oclusao,SEARCHING,0,3410,0,0,1015,2060,332,1,1,320,240,0,0.0000,0.480,-0.480
1291,oclusao,SEARCHING,0,3453,0,0,992,2128,330,1,0,320,240,0,0.0000,0.480,-0.480
1292,oclusao,SEARCHING,0,3459,0,0,1050,2076,330,0,1,320,240,0,0.0000,0.480,-0.480
1293,oclusao,SEARCHING,0,3466,0,0,1011,2122,330,0,0,320,240,0,0.0000,0.480,-0.480
1294,oclusao,SEARCHING,0,3398,0,0,1000,2061,334,0,1,320,240,0,0.0000,0.480,-0.480
1295,oclusao,SEARCHING,0,3448,0,0,1001,2093,351,0,1,320,240,0,0.0000,0.480,-0.480
1296,oclusao,SEARCHING,0,3408,0,0,1007,2068,330,1,1,320,240,0,0.0000,0.480,-0.480
1297,oclusao,SEARCHING,0,3428,0,0,999,2097,329,0,1,320,240,0,0.0000,0.480,-0.480
1298,oclusao,SEARCHING,0,3437,0,0,1037,2068,329,0,1,320,240,0,0.0000,0.480,-0.480
1299,oclusao,SEARCHING,0,3436,0,0,989,2117,328,0,0,320,240,0,0.0000,0.480,-0.480
1300,oclusao,SEARCHING,0,3445,0,0,1028,2081,333,0,1,320,240,0,0.0000,0.480,-0.480
1301,oclusao,SEARCHING,0,3435,0,0,1002,2093,336,0,1,320,240,0,0.0000,0.480,-0.480
1302,oclusao,SEARCHING,0,3469,0,0,1056,2081,327,1,1,320,240,0,0.0000,0.480,-0.480
1303,oclusao,SEARCHING,0,3428,0,0,986,2109,330,1,0,320,240,0,0.0000,0.480,-0.480
1304,oclusao,SEARCHING,0,3418,0,0,1019,2067,330,0,1,320,240,0,0.0000,0.480,-0.480
1305,oclusao,SEARCHING,0,3437,0,0,999,2100,335,0,0,320,240,0,0.0000,0.480,-0.480
1306,oclusao,SEARCHING,0,3436,0,0,1029,2072,333,1,0,320,240,0,0.0000,0.480,-0.480
1307,oclusao,SEARCHING,0,3429,0,0,987,2103,337,0,1,320,240,0,0.0000,0.480,-0.480
1308,oclusao,SEARCHING,0,3451,0,0,989,2129,330,0,1,320,240,0,0.0000,0.480,-0.480
1309,oclusao,SEARCHING,0,3447,0,0,1002,2085,357,0,1,320,240,0,0.0000,0.480,-0.480
1310,oclusao,SEARCHING,0,3436,0,0,992,2112,330,0,0,320,240,0,0.0000,0.480,-0.480
1311,oclusao,SEARCHING,0,3460,0,0,999,2119,339,1,0,320,240,0,0.0000,0.480,-0.480
1312,oclusao,SEARCHING,0,3460,0,0,1047,2068,341,0,1,320,240,0,0.0000,0.480,-0.480
1313,oclusao,SEARCHING,0,3431,0,0,1003,2093,330,1,1,320,240,0,0.0000,0.480,-0.480
1314,oclusao,SEARCHING,0,3431,0,0,1001,2096,330,1,2,320,240,0,0.0000,0.480,-0.480
1315,oclusao,SEARCHING,0,3383,0,0,997,2054,330,1,0,320,240,0,0.0000,0.480,-0.480
1316,oclusao,SEARCHING,0,3442,0,0,988,2106,345,1,0,320,240,0,0.0000,0.480,-0.480
1317,oclusao,SEARCHING,0,3383,0,0,997,2053,330,0,1,320,240,0,0.0000,0.480,-0.480
1318,oclusao,SEARCHING,0,3422,0,0,991,2097,330,0,1,320,240,0,0.0000,0.480,-0.480
1319,oclusao,SEARCHING,0,3400,0,0,1022,2049,327,0,1,320,240,0,0.0000,0.480,-0.480
1320,oclusao,SEARCHING,0,3460,0,0,1004,2122,330,1,1,320,240,0,0.0000,0.480,-0.480
1321,oclusao,SEARCHING,0,3404,0,0,990,2077,333,0,3,320,240,0,0.0000,0.480,-0.480
1322,oclusao,SEARCHING,0,3446,0,0,1012,2097,333,0,3,320,240,0,0.0000,0.480,-0.480
1323,oclusao,SEARCHING,0,3398,0,0,1017,2048,330,1,0,320,240,0,0.0000,0.480,-0.480
1324,oclusao,SEARCHING,0,3448,0,0,994,2122,327,0,1,320,240,0,0.0000,0.480,-0.480
1325,oclusao,SEARCHING,0,3416,0,0,1033,2048,331,0,1,320,240,0,0.0000,0.480,-0.480
1326,oclusao,SEARCHING,0,3428,0,0,1001,2082,341,1,0,320,240,0,0.0000,0.480,-0.480
1327,oclusao,SEARCHING,0,3444,0,0,1027,2067,347,1,0,320,240,0,0.0000,0.480,-0.480
1328,oclusao,SEARCHING,0,3433,0,0,1004,2091,335,1,0,320,240,0,0.0000,0.480,-0.480
1329,oclusao,SEARCHING,0,3451,0,0,1049,2070,327,0,0,320,240,0,0.0000,0.480,-0.480
1330,oclusao,SEARCHING,0,3417,0,0,997,2085,331,1,1,320,240,0,0.0000,0.480,-0.480
1331,oclusao,SEARCHING,0,3422,0,0,1021,2060,339,0,1,320,240,0,0.0000,0.480,-0.480
1332,oclusao,SEARCHING,0,3446,0,0,1008,2084,351,1,0,320,240,0,0.0000,0.480,-0.480
1333,oclusao,SEARCHING,0,3435,0,0,1032,2070,331,0,1,320,240,0,0.0000,0.480,-0.480
1334,oclusao,SEARCHING,0,3459,0,0,999,2125,331,0,1,320,240,0,0.0000,0.480,-0.480
1335,oclusao,SEARCHING,0,3422,0,0,993,2096,331,1,0,320,240,0,0.0000,0.480,-0.480
1336,oclusao,SEARCHING,0,3376,0,0,994,2051,329,0,0,320,240,0,0.0000,0.480,-0.480
1337,oclusao,SEARCHING,0,3444,0,0,1000,2111,330,0,0,320,240,0,0.0000,0.480,-0.480
1338,oclusao,SEARCHING,0,3444,0,0,1002,2101,337,1,1,320,240,0,0.0000,0.480,-0.480
1339,oclusao,SEARCHING,0,3413,0,0,1001,2080,329,0,1,320,240,0,0.0000,0.480,-0.480
1340,oclusao,SEARCHING,0,3415,0,0,990,2062,360,0,1,320,240,0,0.0000,0.480,-0.480
1341,oclusao,SEARCHING,0,3458,0,0,993,2132,331,0,0,320,240,0,0.0000,0.480,-0.480
1342,oclusao,SEARCHING,0,3415,0,0,1008,2073,332,0,1,320,240,0,0.0000,0.480,-0.480
1343,oclusao,SEARCHING,0,3441,0,0,990,2103,345,1,0,320,240,0,0.0000,0.480,-0.480
1344,oclusao,SEARCHING,0,3380,0,0,995,2049,330,0,1,320,240,0,0.0000,0.480,-0.480
1345,oclusao,SEARCHING,0,3444,0,0,1010,2100,330,0,1,320,240,0,0.0000,0.480,-0.480
1346,oclusao,SEARCHING,0,3428,0,0,1035,2063,328,0,1,320,240,0,0.0000,0.480,-0.480
1347,oclusao,SEARCHING,0,3472,0,0,1009,2124,335,0,1,320,240,0,0.0000,0.480,-0.480
1348,oclusao,SEARCHING,0,3404,0,0,1008,2061,332,0,1,320,240,0,0.0000,0.480,-0.480
1349,oclusao,SEARCHING,0,3403,0,0,991,2079,330,1,0,320,240,0,0.0000,0.480,-0.480
1350,oclusao,SEARCHING,0,3401,0,0,1018,2052,327,0,1,320,240,0,0.0000,0.480,-0.480
1351,oclusao,SEARCHING,0,3430,0,0,1004,2092,327,1,0,320,240,0,0.0000,0.480,-0.480
1352,oclusao,SEARCHING,0,3442,0,0,1033,2065,341,0,1,320,240,0,0.0000,0.480,-0.480
1353,oclusao,SEARCHING,0,3439,0,0,1001,2098,338,0,1,320,240,0,0.0000,0.480,-0.480
1354,oclusao,SEARCHING,0,3425,0,0,1032,2063,327,0,0,320,240,0,0.0000,0.480,-0.480
1355,oclusao,SEARCHING,0,3408,0,0,985,2059,361,0,1,320,240,0,0.0000,0.480,-0.480
1356,oclusao,SEARCHING,0,3469,0,0,1068,2068,330,1,0,320,240,0,0.0000,0.480,-0.480
1357,oclusao,SEARCHING,0,3423,0,0,996,2091,333,1,0,320,240,0,0.0000,0.480,-0.480
1358,oclusao,SEARCHING,0,3458,0,0,1051,2052,353,1,0,320,240,0,0.0000,0.480,-0.480
1359,oclusao,SEARCHING,0,3421,0,0,992,2090,334,0,2,320,240,0,0.0000,0.480,-0.480
1360,oclusao,SEARCHING,0,3434,0,0,1002,2098,331,0,0,320,240,0,0.0000,0.480,-0.480
1361,oclusao,SEARCHING,0,3443,0,0,1008,2071,360,1,1,320,240,0,0.0000,0.480,-0.480
1362,oclusao,SEARCHING,0,3469,0,0,1018,2113,332,1,1,320,240,0,0.0000,0.480,-0.480
1363,oclusao,SEARCHING,0,3423,0,0,1011,2076,330,1,0,320,240,0,0.0000,0.480,-0.480
1364,oclusao,SEARCHING,0,3448,0,0,995,2101,349,1,1,320,240,0,0.0000,0.480,-0.480
1365,oclusao,SEARCHING,0,3472,0,0,1010,2109,348,1,1,320,240,0,0.0000,0.480,-0.480
1366,oclusao,SEARCHING,0,3470,0,0,1033,2101,334,0,1,320,240,0,0.0000,0.480,-0.480
1367,oclusao,SEARCHING,0,3441,0,0,1000,2106,331,0,1,320,240,0,0.0000,0.480,-0.480
1368,oclusao,SEARCHING,0,3438,0,0,1007,2100,327,1,1,320,240,0,0.0000,0.480,-0.480
1369,oclusao,SEARCHING,0,3435,0,0,1003,2063,366,1,0,320,240,0,0.0000,0.480,-0.480
1370,oclusao,SEARCHING,0,3443,0,0,1008,2102,330,1,0,320,240,0,0.0000,0.480,-0.480
1371,oclusao,SEARCHING,0,3399,0,0,1001,2064,329,0,1,320,240,0,0.0000,0.480,-0.480
1372,oclusao,SEARCHING,0,3436,0,0,1002,2099,333,1,0,320,240,0,0.0000,0.480,-0.480
1373,oclusao,SEARCHING,0,3400,0,0,1005,2059,334,0,1,320,240,0,0.0000,0.480,-0.480
1374,oclusao,SEARCHING,0,3470,0,0,1005,2130,331,1,1,320,240,0,0.0000,0.480,-0.480
1375,oclusao,SEARCHING,0,3425,0,0,997,2067,358,1,1,320,240,0,0.0000,0.480,-0.480
1376,oclusao,SEARCHING,0,3432,0,0,994,2105,329,2,0,320,240,0,0.0000,0.480,-0.480
1377,oclusao,SEARCHING,0,3388,0,0,993,2057,334,0,0,320,240,0,0.0000,0.480,-0.480
1378,oclusao,SEARCHING,0,3478,0,0,1012,2120,342,1,0,320,240,0,0.0000,0.480,-0.480
1379,oclusao,SEARCHING,0,3396,0,0,1004,2059,329,0,1,320,240,0,0.0000,0.480,-0.480
1380,oclusao,SEARCHING,0,3417,0,0,989,2095,330,1,0,320,240,0,0.0000,0.480,-0.480
1381,oclusao,SEARCHING,0,3584,0,0,1145,2101,331,3,1,320,240,0,0.0000,0.480,-0.480
1382,oclusao,SEARCHING,0,3593,0,0,1060,2190,338,1,0,320,240,0,0.0000,0.480,-0.480
1383,oclusao,SEARCHING,0,3585,0,0,1036,2183,360,1,3,320,240,0,0.0000,0.480,-0.480
1384,oclusao,SEARCHING,0,3613,0,0,1139,2136,334,1,1,320,240,0,0.0000,0.480,-0.480
1385,oclusao,SEARCHING,0,3621,0,0,1040,2245,332,1,1,320,240,0,0.0000,0.480,-0.480
1386,oclusao,SEARCHING,0,3599,0,0,1176,2077,338,1,1,320,240,0,0.0000,0.480,-0.480
1387,oclusao,SEARCHING,0,3602,0,0,1052,2211,336,1,1,320,240,0,0.0000,0.480,-0.480
1388,oclusao,SEARCHING,0,3452,0,0,1009,2088,352,1,1,320,240,0,0.0000,0.480,-0.480
1389,oclusao,SEARCHING,0,3574,0,0,1025,2214,332,0,1,320,240,0,0.0000,0.480,-0.480
1390,oclusao,SEARCHING,0,3513,0,0,1021,2094,386,0,1,320,240,0,0.0000,0.480,-0.480
1391,oclusao,SEARCHING,0,3494,0,0,1091,2067,332,1,0,320,240,0,0.0000,0.480,-0.480
1392,oclusao,SEARCHING,0,3475,0,0,1018,2102,352,1,1,320,240,0,0.0000,0.480,-0.480
1393,oclusao,SEARCHING,0,3458,0,0,1052,2058,345,0,1,320,240,0,0.0000,0.480,-0.480
1394,oclusao,SEARCHING,0,3419,0,0,1003,2082,332,0,1,320,240,0,0.0000,0.480,-0.480
1395,oclusao,SEARCHING,0,3462,0,0,999,2133,327,1,0,320,240,0,0.0000,0.480,-0.480
1396,oclusao,SEARCHING,0,3418,0,0,995,2054,364,1,1,320,240,0,0.0000,0.480,-0.480
1397,oclusao,SEARCHING,0,3452,0,0,998,2106,346,0,1,320,240,0,0.0000,0.480,-0.480
1398,oclusao,SEARCHING,0,3403,0,0,999,2063,339,0,1,320,240,0,0.0000,0.480,-0.480
1399,oclusao,SEARCHING,0,3452,0,0,1005,2104,341,0,0,320,240,0,0.0000,0.480,-0.480
1400,oclusao,SEARCHING,0,3435,0,0,1019,2083,330,0,1,320,240,0,0.0000,0.480,-0.480
1401,oclusao,SEARCHING,0,3427,0,0,988,2107,329,1,0,320,240,0,0.0000,0.480,-0.480
1402,oclusao,SEARCHING,0,3391,0,0,993,2065,329,2,0,320,240,0,0.0000,0.480,-0.480
1403,oclusao,SEARCHING,0,3447,0,0,1002,2109,333,0,0,320,240,0,0.0000,0.480,-0.480
1404,oclusao,SEARCHING,0,3385,0,0,1001,2051,330,0,1,320,240,0,0.0000,0.480,-0.480
1405,oclusao,SEARCHING,0,3431,0,0,1005,2096,327,1,1,320,240,0,0.0000,0.480,-0.480
1406,oclusao,SEARCHING,0,3415,0,0,1019,2064,330,0,0,320,240,0,0.0000,0.480,-0.480
1407,oclusao,SEARCHING,0,3453,0,0,999,2119,331,1,1,320,240,0,0.0000,0.480,-0.480
1408,oclusao,SEARCHING,0,3449,0,0,1038,2079,330,0,1,320,240,0,0.0000,0.480,-0.480
1409,oclusao,SEARCHING,0,3457,0,0,1014,2104,336,1,1,320,240,0,0.0000,0.480,-0.480
1410,oclusao,SEARCHING,0,3387,0,0,994,2061,330,0,1,320,240,0,0.0000,0.480,-0.480
1411,oclusao,SEARCHING,0,3426,0,0,986,2107,330,0,1,320,240,0,0.0000,0.480,-0.480
1412,oclusao,SEARCHING,0,3432,0,0,1022,2078,329,1,1,320,240,0,0.0000,0.480,-0.480
1413,oclusao,SEARCHING,0,3440,0,0,1000,2107,329,1,1,320,240,0,0.0000,0.480,-0.480
1414,oclusao,SEARCHING,0,3441,0,0,1025,2078,332,1,0,320,240,0,0.0000,0.480,-0.480
1415,oclusao,SEARCHING,0,3438,0,0,987,2097,350,1,1,320,240,0,0.0000,0.480,-0.480
1416,oclusao,SEARCHING,0,3414,0,0,985,2100,327,0,1,320,240,0,0.0000,0.480,-0.480
1417,oclusao,SEARCHING,0,3408,0,0,987,2064,353,0,0,320,240,0,0.0000,0.480,-0.480
1418,oclusao,SEARCHING,0,3478,0,0,1073,2075,327,0,1,320,240,0,0.0000,0.480,-0.480
1419,oclusao,SEARCHING,0,3445,0,0,993,2099,350,0,1,320,240,0,0.0000,0.480,-0.480
1420,oclusao,SEARCHING,0,3469,0,0,1047,2072,348,0,0,320,240,0,0.0000,0.480,-0.480
1421,oclusao,SEARCHING,0,3426,0,0,998,2095,331,0,1,320,240,0,0.0000,0.480,-0.480
1422,oclusao,SEARCHING,0,3423,0,0,996,2094,331,0,1,320,240,0,0.0000,0.480,-0.480
1423,oclusao,SEARCHING,0,3430,0,0,1007,2063,356,0,3,320,240,0,0.0000,0.480,-0.480
1424,oclusao,SEARCHING,0,3451,0,0,997,2110,341,1,0,320,240,0,0.0000,0.480,-0.480
1425,oclusao,SEARCHING,0,3434,0,0,1024,2064,344,1,0,320,240,0,0.0000,0.480,-0.480
1426,oclusao,SEARCHING,0,3428,0,0,993,2103,329,1,0,320,240,0,0.0000,0.480,-0.480
1427,oclusao,SEARCHING,0,3457,0,0,1010,2112,331,1,1,320,240,0,0.0000,0.480,-0.480
1428,oclusao,SEARCHING,0,3444,0,0,1010,2100,332,0,0,320,240,0,0.0000,0.480,-0.480
1429,oclusao,SEARCHING,0,3373,0,0,987,2051,330,1,0,320,240,0,0.0000,0.480,-0.480
1430,oclusao,SEARCHING,0,3440,0,0,986,2119,333,0,1,320,240,0,0.0000,0.480,-0.480
1431,oclusao,SEARCHING,0,3403,0,0,991,2064,344,0,2,320,240,0,0.0000,0.480,-0.480
1432,oclusao,SEARCHING,0,3436,0,0,1002,2102,328,0,1,320,240,0,0.0000,0.480,-0.480
1433,oclusao,SEARCHING,0,3442,0,0,1030,2078,332,0,1,320,240,0,0.0000,0.480,-0.480
1434,oclusao,SEARCHING,0,3428,0,0,998,2097,329,1,0,320,240,0,0.0000,0.480,-0.480
1435,oclusao,SEARCHING,0,3433,0,0,1017,2079,332,1,2,320,240,0,0.0000,0.480,-0.480
1436,oclusao,SEARCHING,0,3434,0,0,997,2099,334,0,1,320,240,0,0.0000,0.480,-0.480
1437,oclusao,SEARCHING,0,3381,0,0,995,2049,331,3,0,320,240,0,0.0000,0.480,-0.480
1438,oclusao,SEARCHING,0,3472,0,0,1035,2105,328,0,1,320,240,0,0.0000,0.480,-0.480
1439,oclusao,SEARCHING,0,3450,0,0,1055,2063,330,0,0,320,240,0,0.0000,0.480,-0.480
1440,oclusao,SEARCHING,0,3414,0,0,995,2088,328,1,0,320,240,0,0.0000,0.480,-0.480
1441,oclusao,SEARCHING,0,3456,0,0,1040,2082,332,0,0,320,240,0,0.0000,0.480,-0.480
1442,oclusao,SEARCHING,0,3448,0,0,1010,2095,341,0,0,320,240,0,0.0000,0.480,-0.480
1443,oclusao,SEARCHING,0,3492,0,0,1025,2134,331,1,0,320,240,0,0.0000,0.480,-0.480
1444,oclusao,SEARCHING,0,3417,0,0,997,2085,330,0,1,320,240,0,0.0000,0.480,-0.480
1445,oclusao,SEARCHING,0,3475,0,0,1066,2075,330,1,0,320,240,0,0.0000,0.480,-0.480
1446,oclusao,SEARCHING,0,3443,0,0,997,2112,330,1,1,320,240,0,0.0000,0.480,-0.480
1447,oclusao,SEARCHING,0,3443,0,0,1036,2070,334,1,0,320,240,0,0.0000,0.480,-0.480
1448,oclusao,SEARCHING,0,3466,0,0,1001,2124,339,0,0,320,240,0,0.0000,0.480,-0.480
1449,oclusao,SEARCHING,0,3606,0,0,1053,2048,499,1,1,320,240,0,0.0000,0.480,-0.480
1450,oclusao,SEARCHING,0,3536,0,0,1060,2124,347,1,2,320,240,0,0.0000,0.480,-0.480
1451,oclusao,SEARCHING,0,3451,0,0,1044,2061,340,1,1,320,240,0,0.0000,0.480,-0.480
1452,oclusao,SEARCHING,0,3432,0,0,1001,2064,364,0,1,320,240,0,0.0000,0.480,-0.480
1453,oclusao,SEARCHING,0,3440,0,0,1005,2103,330,0,1,320,240,0,0.0000,0.480,-0.480
1454,oclusao,SEARCHING,0,3495,0,0,1025,2135,330,0,1,320,240,0,0.0000,0.480,-0.480
1455,oclusao,SEARCHING,0,3466,0,0,1057,2073,332,1,0,320,240,0,0.0000,0.480,-0.480
1456,oclusao,SEARCHING,0,3444,0,0,988,2107,346,0,0,320,240,0,0.0000,0.480,-0.480
1457,oclusao,SEARCHING,0,3425,0,0,1023,2070,330,0,1,320,240,0,0.0000,0.480,-0.480
1458,oclusao,SEARCHING,0,3431,0,0,1003,2057,367,0,1,320,240,0,0.0000,0.480,-0.480
1459,oclusao,SEARCHING,0,3431,0,0,989,2106,332,2,1,320,240,0,0.0000,0.480,-0.480
1460,oclusao,SEARCHING,0,3402,0,0,1015,2051,331,1,1,320,240,0,0.0000,0.480,-0.480
1461,oclusao,SEARCHING,0,3435,0,0,986,2102,344,0,1,320,240,0,0.0000,0.480,-0.480
1462,oclusao,SEARCHING,0,3397,0,0,1003,2060,332,0,1,320,240,0,0.0000,0.480,-0.480
1463,oclusao,SEARCHING,0,3462,0,0,1011,2116,332,0,1,320,240,0,0.0000,0.480,-0.480
1464,oclusao,SEARCHING,0,3425,0,0,1008,2056,359,0,1,320,240,0,0.0000,0.480,-0.480
1465,oclusao,SEARCHING,0,3451,0,0,995,2122,330,1,0,320,240,0,0.0000,0.480,-0.480
1466,oclusao,SEARCHING,0,3411,0,0,992,2076,341,0,0,320,240,0,0.0000,0.480,-0.480
1467,oclusao,SEARCHING,0,3434,0,0,1002,2097,333,0,0,320,240,0,0.0000,0.480,-0.480
1468,oclusao,SEARCHING,0,3429,0,0,1037,2059,329,1,2,320,240,0,0.0000,0.480,-0.480
1469,oclusao,SEARCHING,0,3431,0,0,988,2110,329,1,1,320,240,0,0.0000,0.480,-0.480
1470,oclusao,SEARCHING,0,3437,0,0,1038,2066,327,1,1,320,240,0,0.0000,0.480,-0.480
1471,oclusao,SEARCHING,0,3441,0,0,996,2109,333,0,1,320,240,0,0.0000,0.480,-0.480
1472,oclusao,SEARCHING,0,3409,0,0,996,2062,346,0,1,320,240,0,0.0000,0.480,-0.480
1473,oclusao,SEARCHING,0,3428,0,0,1007,2092,327,0,0,320,240,0,0.0000,0.480,-0.480
1474,oclusao,SEARCHING,0,3432,0,0,1038,2061,331,1,0,320,240,0,0.0000,0.480,-0.480
1475,oclusao,SEARCHING,0,3440,0,0,992,2115,330,1,0,320,240,0,0.0000,0.480,-0.480
1476,oclusao,SEARCHING,0,3423,0,0,1024,2062,334,0,1,320,240,0,0.0000,0.480,-0.480
1477,oclusao,SEARCHING,0,3435,0,0,985,2097,350,0,0,320,240,0,0.0000,0.480,-0.480
1478,oclusao,SEARCHING,0,3441,0,0,1035,2063,339,0,0,320,240,0,0.0000,0.480,-0.480
1479,oclusao,SEARCHING,0,3432,0,0,1002,2094,332,1,0,320,240,0,0.0000,0.480,-0.480
1480,oclusao,SEARCHING,0,3430,0,0,998,2100,329,1,1,320,240,0,0.0000,0.480,-0.480
1481,oclusao,SEARCHING,0,3449,0,0,1014,2099,330,0,2,320,240,0,0.0000,0.480,-0.480
1482,oclusao,SEARCHING,0,3456,0,0,1033,2088,332,0,1,320,240,0,0.0000,0.480,-0.480
1483,oclusao,SEARCHING,0,3434,0,0,995,2099,337,0,0,320,240,0,0.0000,0.480,-0.480
1484,oclusao,SEARCHING,0,3431,0,0,1023,2074,329,0,1,320,240,0,0.0000,0.480,-0.480
1485,oclusao,SEARCHING,0,3413,0,0,995,2057,358,1,0,320,240,0,0.0000,0.480,-0.480
1486,oclusao,SEARCHING,0,3416,0,0,990,2095,329,0,1,320,240,0,0.0000,0.480,-0.480
1487,oclusao,SEARCHING,0,3407,0,0,989,2063,333,0,3,320,240,0,0.0000,0.480,-0.480
1488,oclusao,SEARCHING,0,3445,0,0,998,2100,344,1,0,320,240,0,0.0000,0.480,-0.480
1489,oclusao,SEARCHING,0,3397,0,0,1002,2059,333,1,1,320,240,0,0.0000,0.480,-0.480
1490,oclusao,SEARCHING,0,3488,0,0,1013,2143,328,0,1,320,240,0,0.0000,0.480,-0.480
1491,oclusao,SEARCHING,0,3430,0,0,1011,2049,364,2,0,320,240,0,0.0000,0.480,-0.480
1492,oclusao,SEARCHING,0,3445,0,0,990,2125,327,1,1,320,240,0,0.0000,0.480,-0.480
1493,oclusao,SEARCHING,0,3397,0,0,1000,2050,344,1,1,320,240,0,0.0000,0.480,-0.480
1494,oclusao,SEARCHING,0,3444,0,0,999,2094,349,0,1,320,240,0,0.0000,0.480,-0.480
1495,oclusao,SEARCHING,0,3430,0,0,1031,2065,329,1,0,320,240,0,0.0000,0.480,-0.480
1496,oclusao,SEARCHING,0,3436,0,0,1004,2098,330,0,1,320,240,0,0.0000,0.480,-0.480
1497,oclusao,SEARCHING,0,3433,0,0,1037,2063,331,0,1,320,240,0,0.0000,0.480,-0.480
1498,oclusao,SEARCHING,0,3418,0,0,989,2094,332,1,0,320,240,0,0.0000,0.480,-0.480
1499,oclusao,SEARCHING,0,3442,0,0,1023,2079,334,1,1,320,240,0,0.0000,0.480,-0.480
1500,oclusao,SEARCHING,0,3441,0,0,1000,2111,327,1,0,320,240,0,0.0000,0.480,-0.480
1501,oclusao,SEARCHING,0,3435,0,0,1044,2059,330,0,0,320,240,0,0.0000,0.480,-0.480
1502,oclusao,SEARCHING,0,3427,0,0,1003,2094,326,1,0,320,240,0,0.0000,0.480,-0.480
1503,oclusao,SEARCHING,0,3445,0,0,1036,2072,333,0,1,320,240,0,0.0000,0.480,-0.480
1504,oclusao,SEARCHING,0,3425,0,0,985,2091,346,0,1,320,240,0,0.0000,0.480,-0.480
1505,oclusao,SEARCHING,0,3437,0,0,1031,2064,340,0,1,320,240,0,0.0000,0.480,-0.480
1506,oclusao,SEARCHING,0,3435,0,0,998,2068,367,1,0,320,240,0,0.0000,0.480,-0.480
1507,oclusao,SEARCHING,0,3423,0,0,990,2101,329,1,0,320,240,0,0.0000,0.480,-0.480
1508,oclusao,SEARCHING,0,3456,0,0,1029,2094,328,0,1,320,240,0,0.0000,0.480,-0.480
1509,oclusao,SEARCHING,0,3468,0,0,1053,2078,335,0,1,320,240,0,0.0000,0.480,-0.480
1510,oclusao,SEARCHING,0,3429,0,0,998,2087,341,0,1,320,240,0,0.0000,0.480,-0.480
1511,oclusao,SEARCHING,0,3462,0,0,994,2135,330,0,1,320,240,0,0.0000,0.480,-0.480
1512,oclusao,SEARCHING,0,3390,0,0,991,2048,347,0,1,320,240,0,0.0000,0.480,-0.480
1513,oclusao,SEARCHING,0,3420,0,0,983,2106,328,0,1,320,240,0,0.0000,0.480,-0.480
1514,oclusao,SEARCHING,0,3404,0,0,1002,2054,345,0,0,320,240,0,0.0000,0.480,-0.480
1515,oclusao,SEARCHING,0,3444,0,0,996,2112,332,0,1,320,240,0,0.0000,0.480,-0.480
1516,oclusao,SEARCHING,0,3418,0,0,1028,2058,329,0,0,320,240,0,0.0000,0.480,-0.480
1517,oclusao,SEARCHING,0,3449,0,0,1005,2109,329,2,0,320,240,0,0.0000,0.480,-0.480
1518,oclusao,SEARCHING,0,3405,0,0,997,2075,330,1,0,320,240,0,0.0000,0.480,-0.480
1519,oclusao,SEARCHING,0,3441,0,0,993,2112,333,0,1,320,240,0,0.0000,0.480,-0.480
1520,oclusao,SEARCHING,0,3399,0,0,996,2064,336,0,1,320,240,0,0.0000,0.480,-0.480
1521,oclusao,SEARCHING,0,3417,0,0,987,2098,329,1,0,320,240,0,0.0000,0.480,-0.480
1522,oclusao,SEARCHING,0,3440,0,0,1042,2066,330,0,0,320,240,0,0.0000,0.480,-0.480
1523,oclusao,SEARCHING,0,3434,0,0,1001,2100,329,1,1,320,240,0,0.0000,0.480,-0.480
1524,oclusao,SEARCHING,0,3423,0,0,1021,2067,332,1,0,320,240,0,0.0000,0.480,-0.480
1525,oclusao,SEARCHING,0,3443,0,0,1014,2091,335,1,0,320,240,0,0.0000,0.480,-0.480
1526,oclusao,SEARCHING,0,3494,0,0,1084,2076,329,1,1,320,240,0,0.0000,0.480,-0.480
1527,oclusao,SEARCHING,0,3432,0,0,1001,2101,328,0,1,320,240,0,0.0000,0.480,-0.480
1528,oclusao,SEARCHING,0,3420,0,0,1024,2064,329,0,1,320,240,0,0.0000,0.480,-0.480
1529,oclusao,SEARCHING,0,3431,0,0,987,2099,342,0,1,320,240,0,0.0000,0.480,-0.480
1530,oclusao,SEARCHING,0,3469,0,0,1050,2083,333,0,1,320,240,0,0.0000,0.480,-0.480
1531,oclusao,SEARCHING,0,3459,0,0,1021,2098,337,0,1,320,240,0,0.0000,0.480,-0.480
1532,oclusao,SEARCHING,0,3671,0,0,994,2319,351,1,4,320,240,0,0.0000,0.480,-0.480
1533,oclusao,SEARCHING,0,3529,0,0,1016,2161,345,2,0,320,240,0,0.0000,0.480,-0.480
1534,oclusao,SEARCHING,0,3440,0,0,999,2104,330,0,3,320,240,0,0.0000,0.480,-0.480
1535,oclusao,SEARCHING,0,3447,0,0,1008,2104,331,1,1,320,240,0,0.0000,0.480,-0.480
1536,oclusao,SEARCHING,0,3414,0,0,1031,2051,330,0,0,320,240,0,0.0000,0.480,-0.480
1537,oclusao,SEARCHING,0,3451,0,0,1001,2117,330,0,1,320,240,0,0.0000,0.480,-0.480
1538,oclusao,SEARCHING,0,3669,0,0,1051,2286,330,0,0,320,240,0,0.0000,0.480,-0.480
1539,oclusao,SEARCHING,0,3445,0,0,995,2105,341,1,0,320,240,0,0.0000,0.480,-0.480
1540,oclusao,SEARCHING,0,3443,0,0,1030,2065,343,1,2,320,240,0,0.0000,0.480,-0.480
1541,oclusao,SEARCHING,0,3427,0,0,1004,2088,333,0,1,320,240,0,0.0000,0.480,-0.480
1542,oclusao,SEARCHING,0,3430,0,0,1004,2094,330,0,1,320,240,0,0.0000,0.480,-0.480
1543,oclusao,SEARCHING,0,3442,0,0,1009,2053,376,0,1,320,240,0,0.0000,0.480,-0.480
1544,oclusao,SEARCHING,0,3477,0,0,1067,2080,327,1,0,320,240,0,0.0000,0.480,-0.480
1545,oclusao,SEARCHING,0,3418,0,0,990,2086,339,0,1,320,240,0,0.0000,0.480,-0.480
1546,oclusao,SEARCHING,0,3409,0,0,1024,2054,329,1,0,320,240,0,0.0000,0.480,-0.480
1547,oclusao,SEARCHING,0,3439,0,0,1012,2063,361,1,1,320,240,0,0.0000,0.480,-0.480
1548,oclusao,SEARCHING,0,3418,0,0,986,2098,331,0,1,320,240,0,0.0000,0.480,-0.480
1549,oclusao,SEARCHING,0,3374,0,0,991,2054,327,0,1,320,240,0,0.0000,0.480,-0.480
1550,oclusao,SEARCHING,0,3458,0,0,1004,2119,333,1,0,320,240,0,0.0000,0.480,-0.480
1551,oclusao,SEARCHING,0,3414,0,0,1001,2067,343,0,1,320,240,0,0.0000,0.480,-0.480
1552,oclusao,SEARCHING,0,3436,0,0,1010,2094,329,0,1,320,240,0,0.0000,0.480,-0.480
1553,oclusao,SEARCHING,0,3454,0,0,1007,2077,365,1,1,320,240,0,0.0000,0.480,-0.480
1554,oclusao,SEARCHING,0,3445,0,0,1013,2100,329,0,1,320,240,0,0.0000,0.480,-0.480
1555,oclusao,SEARCHING,0,3387,0,0,989,2061,334,0,1,320,240,0,0.0000,0.480,-0.480
1556,oclusao,SEARCHING,0,3428,0,0,991,2099,336,0,1,320,240,0,0.0000,0.480,-0.480
1557,oclusao,SEARCHING,0,3392,0,0,1007,2049,333,0,0,320,240,0,0.0000,0.480,-0.480
1558,oclusao,SEARCHING,0,3708,0,0,1104,2224,374,0,2,320,240,0,0.0000,0.480,-0.480
1559,oclusao,SEARCHING,0,3516,0,0,1070,2109,332,1,1,320,240,0,0.0000,0.480,-0.480
1560,oclusao,SEARCHING,0,3613,0,0,1042,2238,328,1,1,320,240,0,0.0000,0.480,-0.480
1561,oclusao,SEARCHING,0,3616,0,0,1052,2217,342,1,1,320,240,0,0.0000,0.480,-0.480
1562,oclusao,SEARCHING,0,3552,0,0,1058,2150,338,1,1,320,240,0,0.0000,0.480,-0.480
1563,oclusao,SEARCHING,0,3526,0,0,1032,2158,333,1,0,320,240,0,0.0000,0.480,-0.480
1564,oclusao,SEARCHING,0,3519,0,0,1023,2104,390,0,1,320,240,0,0.0000,0.480,-0.480
1565,oclusao,SEARCHING,0,3527,0,0,1023,2169,331,0,1,320,240,0,0.0000,0.480,-0.480
1566,oclusao,SEARCHING,0,3505,0,0,1022,2090,386,0,3,320,240,0,0.0000,0.480,-0.480
1567,oclusao,SEARCHING,0,3433,0,0,1000,2100,328,0,3,320,240,0,0.0000,0.480,-0.480
1568,oclusao,SEARCHING,0,3380,0,0,997,2051,330,0,1,320,240,0,0.0000,0.480,-0.480
1569,oclusao,SEARCHING,0,3473,0,0,1008,2129,333,0,1,320,240,0,0.0000,0.480,-0.480
1570,oclusao,SEARCHING,0,3398,0,0,1001,2061,333,0,1,320,240,0,0.0000,0.480,-0.480
1571,oclusao,SEARCHING,0,3468,0,0,1073,2059,333,1,1,320,240,0,0.0000,0.480,-0.480
1572,oclusao,SEARCHING,0,3434,0,0,999,2063,369,0,1,320,240,0,0.0000,0.480,-0.480
1573,oclusao,SEARCHING,0,3448,0,0,987,2127,330,0,2,320,240,0,0.0000,0.480,-0.480
1574,oclusao,SEARCHING,0,3389,0,0,993,2065,329,1,0,320,240,0,0.0000,0.480,-0.480
1575,oclusao,SEARCHING,0,3457,0,0,1000,2115,339,0,1,320,240,0,0.0000,0.480,-0.480
1576,oclusao,SEARCHING,0,3412,0,0,995,2069,344,0,1,320,240,0,0.0000,0.480,-0.480
1577,oclusao,SEARCHING,0,3445,0,0,994,2104,344,1,0,320,240,0,0.0000,0.480,-0.480
1578,oclusao,SEARCHING,0,3427,0,0,1037,2058,330,0,1,320,240,0,0.0000,0.480,-0.480
1579,oclusao,SEARCHING,0,3410,0,0,989,2089,330,0,1,320,240,0,0.0000,0.480,-0.480
1580,oclusao,SEARCHING,0,3402,0,0,1001,2064,333,1,1,320,240,0,0.0000,0.480,-0.480
1581,oclusao,SEARCHING,0,3448,0,0,1002,2108,335,1,1,320,240,0,0.0000,0.480,-0.480
1582,oclusao,SEARCHING,0,3396,0,0,1003,2058,332,0,0,320,240,0,0.0000,0.480,-0.480
1583,oclusao,SEARCHING,0,3420,0,0,990,2100,327,0,1,320,240,0,0.0000,0.480,-0.480
1584,oclusao,SEARCHING,0,3412,0,0,1016,2061,330,0,2,320,240,0,0.0000,0.480,-0.480
1585,oclusao,SEARCHING,0,3427,0,0,995,2099,329,1,0,320,240,0,0.0000,0.480,-0.480
1586,oclusao,SEARCHING,0,3456,0,0,1036,2075,342,1,0,320,240,0,0.0000,0.480,-0.480
1587,oclusao,SEARCHING,0,3467,0,0,1013,2102,349,0,1,320,240,0,0.0000,0.480,-0.480
1588,oclusao,SEARCHING,0,3432,0,0,998,2100,330,2,0,320,240,0,0.0000,0.480,-0.480
1589,oclusao,SEARCHING,0,3446,0,0,1007,2107,327,0,1,320,240,0,0.0000,0.480,-0.480
1590,oclusao,SEARCHING,0,3462,0,0,1068,2059,331,1,1,320,240,0,0.0000,0.480,-0.480
1591,oclusao,SEARCHING,0,3431,0,0,1000,2094,333,1,1,320,240,0,0.0000,0.480,-0.480
1592,oclusao,SEARCHING,0,3437,0,0,1024,2063,346,1,0,320,240,0,0.0000,0.480,-0.480
1593,oclusao,SEARCHING,0,3424,0,0,998,2088,334,0,1,320,240,0,0.0000,0.480,-0.480
1594,oclusao,SEARCHING,0,3449,0,0,1007,2110,329,1,1,320,240,0,0.0000,0.480,-0.480
1595,oclusao,SEARCHING,0,3427,0,0,1007,2061,356,1,1,320,240,0,0.0000,0.480,-0.480
1596,oclusao,SEARCHING,0,3450,0,0,990,2127,330,1,0,320,240,0,0.0000,0.480,-0.480
1597,oclusao,SEARCHING,0,3411,0,0,1006,2068,334,0,1,320,240,0,0.0000,0.480,-0.480
1598,oclusao,SEARCHING,0,3462,0,0,1049,2076,334,1,0,320,240,0,0.0000,0.480,-0.480
1599,oclusao,SEARCHING,0,3421,0,0,996,2062,360,1,1,320,240,0,0.0000,0.480,-0.480
1600,reaquisicao,TRACKING,1,3443,0,0,1032,2068,340,1,1,320,240,0,0.4125,0.799,0.205
1601,reaquisicao,TRACKING,1,795,0,0,231,481,79,2,0,131,131,0,0.4187,0.808,-0.210
1602,reaquisicao,TRACKING,1,814,0,0,233,498,80,1,1,131,131,0,0.4313,0.823,-0.236
1603,reaquisicao,TRACKING,1,802,0,0,231,489,79,1,1,131,131,0,0.4375,0.824,-0.242
1604,reaquisicao,TRACKING,1,801,0,0,228,479,89,3,0,131,131,0,0.4500,0.835,-0.264
1605,reaquisicao,TRACKING,1,791,0,0,228,479,80,2,1,131,131,0,0.4625,0.843,-0.282
1606,reaquisicao,TRACKING,1,801,0,0,233,482,80,1,3,131,131,0,0.4812,0.858,-0.314
1607,reaquisicao,TRACKING,1,830,0,0,262,486,79,1,0,131,131,0,0.5000,0.869,-0.341
1608,reaquisicao,TRACKING,1,819,0,0,223,509,84,2,0,131,131,0,0.5188,0.878,-0.366
1609,reaquisicao,TRACKING,1,822,0,0,230,509,78,1,0,131,131,0,0.5375,0.886,-0.390
1610,reaquisicao,TRACKING,1,819,0,0,241,493,82,1,1,131,131,0,0.5500,0.883,-0.399
1611,reaquisicao,TRACKING,1,858,0,0,272,503,79,2,0,131,131,0,0.5688,0.892,-0.424
1612,reaquisicao,TRACKING,1,836,0,0,228,523,82,1,0,131,131,0,0.5875,0.900,-0.448
1613,reaquisicao,TRACKING,1,827,0,0,231,515,79,1,0,131,131,0,0.6000,0.898,-0.456
1614,reaquisicao,TRACKING,1,806,0,0,226,494,80,1,0,131,131,0,0.6125,0.898,-0.467
1615,reaquisicao,TRACKING,1,809,0,0,227,494,83,3,1,131,131,0,0.6313,0.908,-0.494
1616,reaquisicao,TRACKING,1,771,0,0,224,467,77,2,1,129,131,0,0.6438,0.908,-0.504
1617,reaquisicao,TRACKING,1,871,0,0,288,502,76,2,0,127,131,0,0.6562,0.909,-0.516
1618,reaquisicao,TRACKING,1,766,0,0,213,474,75,1,1,125,131,0,0.6687,0.911,-0.529
1619,reaquisicao,TRACKING,1,799,0,0,230,486,77,3,1,123,131,0,0.6812,0.914,-0.542
1620,reaquisicao,TRACKING,1,747,0,0,216,451,75,1,3,121,131,0,0.7000,0.926,-0.570
1621,reaquisicao,TRACKING,1,744,0,0,217,449,71,1,3,119,131,0,0.7125,0.926,-0.582
1622,reaquisicao,TRACKING,1,713,0,0,198,440,71,1,1,117,131,0,0.7250,0.928,-0.594
1623,reaquisicao,TRACKING,1,699,0,0,198,426,72,1,1,115,131,0,0.7375,0.930,-0.607
1624,reaquisicao,TRACKING,1,696,0,0,209,412,70,1,0,113,131,0,0.7500,0.933,-0.621
1625,reaquisicao,TRACKING,1,706,0,0,199,434,70,1,1,111,131,0,0.7625,0.936,-0.635
1626,reaquisicao,TRACKING,1,707,0,0,202,433,69,1,1,109,131,0,0.7750,0.940,-0.649
1627,reaquisicao,TRACKING,1,661,0,0,194,396,68,1,1,107,131,0,0.7875,0.943,-0.663
1628,reaquisicao,TRACKING,1,671,0,0,205,396,65,1,0,105,131,0,0.8000,0.947,-0.678
1629,reaquisicao,TRACKING,1,729,0,0,259,404,63,1,1,103,131,0,0.8125,0.950,-0.692
1630,reaquisicao,TRACKING,1,685,0,0,180,439,62,2,1,101,131,0,0.8250,0.954,-0.706
1631,reaquisicao,TRACKING,1,616,0,0,173,378,62,1,1,99,131,0,0.8375,0.957,-0.721
1632,reaquisicao,TRACKING,1,587,0,0,168,355,61,2,1,97,131,0,0.8500,0.961,-0.735
1633,reaquisicao,TRACKING,1,617,0,0,179,376,58,3,1,95,131,0,0.8625,0.964,-0.750
1634,reaquisicao,TRACKING,1,594,0,0,164,370,56,1,1,93,131,0,0.8750,0.968,-0.764
1635,reaquisicao,TRACKING,1,568,0,0,169,341,55,1,0,91,131,0,0.8750,0.954,-0.750
1636,reaquisicao,TRACKING,1,588,0,0,165,364,57,1,1,94,131,0,0.8625,0.927,-0.712
1637,reaquisicao,TRACKING,1,608,0,0,189,357,59,1,1,97,131,0,0.8500,0.910,-0.684
1638,reaquisicao,TRACKING,1,643,0,0,184,387,65,1,1,100,131,0,0.8250,0.880,-0.632
1639,reaquisicao,TRACKING,1,636,0,0,180,390,65,1,0,103,131,0,0.8000,0.859,-0.590
1640,reaquisicao,TRACKING,1,670,0,0,184,418,65,1,1,106,131,0,0.7688,0.834,-0.539
1641,reaquisicao,TRACKING,1,734,0,0,189,453,87,1,0,109,131,0,0.7437,0.825,-0.508
1642,reaquisicao,TRACKING,1,708,0,0,208,427,69,1,1,112,131,0,0.7125,0.808,-0.463
1643,reaquisicao,TRACKING,1,702,0,0,197,433,68,1,1,115,131,0,0.6812,0.794,-0.422
1644,reaquisicao,TRACKING,1,714,0,0,199,442,70,1,1,118,131,0,0.6500,0.782,-0.383
1645,reaquisicao,TRACKING,1,738,0,0,218,444,74,1,1,121,131,0,0.6187,0.771,-0.346
1646,reaquisicao,TRACKING,1,759,0,0,211,467,75,3,0,124,131,0,0.5938,0.770,-0.323
1647,reaquisicao,TRACKING,1,774,0,0,219,479,74,1,1,127,131,0,0.5625,0.757,-0.283
1648,reaquisicao,TRACKING,1,794,0,0,239,476,77,1,1,130,131,0,0.5375,0.755,-0.260
1649,reaquisicao,TRACKING,1,808,0,0,224,503,77,2,1,131,131,0,0.5125,0.751,-0.234
1650,reaquisicao,TRACKING,1,791,0,0,225,483,81,2,0,131,131,0,0.4875,0.746,-0.207
1651,reaquisicao,TRACKING,1,792,0,0,230,481,78,1,1,131,131,0,0.4625,0.740,0.221
1652,reaquisicao,TRACKING,1,837,0,0,252,499,81,1,1,131,131,0,0.4437,0.742,0.235
1653,reaquisicao,TRACKING,1,814,0,0,231,503,77,1,0,131,131,0,0.4187,0.732,0.266
1654,reaquisicao,TRACKING,1,794,0,0,228,483,80,1,0,131,131,0,0.4000,0.733,0.282
1655,reaquisicao,TRACKING,1,799,0,0,237,479,79,1,0,131,131,0,0.3812,0.731,0.300
1656,reaquisicao,TRACKING,1,797,0,0,233,482,79,1,1,131,131,0,0.3625,0.727,0.319
1657,reaquisicao,TRACKING,1,834,0,0,253,499,79,1,1,131,131,0,0.3438,0.723,0.340
1658,reaquisicao,TRACKING,1,812,0,0,223,506,81,1,0,131,131,0,0.3250,0.718,0.361
1659,reaquisicao,TRACKING,1,817,0,0,229,505,80,1,0,131,131,0,0.3063,0.714,0.382
1660,reaquisicao,TRACKING,1,799,0,0,224,496,77,1,0,131,131,0,0.2875,0.708,0.403
1661,reaquisicao,TRACKING,1,803,0,0,226,483,91,2,0,131,131,0,0.2688,0.703,0.425
1662,reaquisicao,TRACKING,1,790,0,0,229,481,78,1,0,131,131,0,0.2500,0.698,0.446
1663,reaquisicao,TRACKING,1,808,0,0,241,484,79,1,1,131,131,0,0.2313,0.693,0.468
1664,reaquisicao,TRACKING,1,810,0,0,233,495,79,2,0,131,131,0,0.2125,0.687,0.489
1665,reaquisicao,TRACKING,1,795,0,0,228,480,84,1,1,131,131,0,0.1937,0.682,0.511
1666,reaquisicao,TRACKING,1,834,0,0,260,485,80,1,2,131,131,0,0.1750,0.676,0.532
1667,reaquisicao,TRACKING,1,794,0,0,225,488,78,1,1,131,131,0,0.1562,0.671,0.554
1668,reaquisicao,TRACKING,1,798,0,0,230,487,78,1,0,131,131,0,0.1375,0.666,0.576
1669,reaquisicao,TRACKING,1,788,0,0,227,478,80,1,1,131,131,0,0.1187,0.660,0.597
1670,reaquisicao,TRACKING,1,788,0,0,228,479,78,1,1,131,131,0,0.1000,0.655,0.619
1671,reaquisicao,TRACKING,1,796,0,0,229,485,78,2,0,131,131,0,0.0812,0.649,0.640
1672,reaquisicao,TRACKING,1,797,0,0,231,480,83,1,0,131,131,0,0.0625,0.644,0.662
1673,reaquisicao,TRACKING,1,795,0,0,231,479,82,1,1,131,131,0,0.0437,0.639,0.684
1674,reaquisicao,TRACKING,1,809,0,0,230,496,79,1,2,131,131,0,0.0312,0.642,0.691
1675,reaquisicao,TRACKING,1,819,0,0,249,487,78,2,2,131,131,0,0.0125,0.634,0.715
1676,reaquisicao,TRACKING,1,826,0,0,225,515,84,1,0,131,131,0,-0.0063,0.621,0.733
1677,reaquisicao,TRACKING,1,831,0,0,241,506,82,2,0,131,131,0,-0.0250,0.599,0.740
1678,reaquisicao,TRACKING,1,799,0,0,223,494,77,2,0,131,131,0,-0.0437,0.577,0.746
1679,reaquisicao,TRACKING,1,808,0,0,226,495,82,1,2,131,131,0,-0.0625,0.555,0.751
1680,reaquisicao,TRACKING,1,859,0,0,234,522,99,2,0,131,131,0,-0.0812,0.533,0.757
1681,reaquisicao,TRACKING,1,841,0,0,252,507,78,2,1,131,131,0,-0.1000,0.511,0.763
1682,reaquisicao,TRACKING,1,796,0,0,229,486,77,2,1,131,131,0,-0.1187,0.489,0.768
1683,reaquisicao,TRACKING,1,796,0,0,226,485,80,3,1,131,131,0,-0.1375,0.468,0.774
1684,reaquisicao,TRACKING,1,792,0,0,230,480,79,1,1,131,131,0,-0.1562,0.446,0.779
1685,reaquisicao,TRACKING,1,797,0,0,228,481,84,2,0,131,131,0,-0.1750,0.424,0.784
1686,reaquisicao,TRACKING,1,814,0,0,229,503,79,1,1,131,131,0,-0.1937,0.403,0.790
1687,reaquisicao,TRACKING,1,802,0,0,223,496,79,2,0,131,131,0,-0.2125,0.381,0.795
1688,reaquisicao,TRACKING,1,798,0,0,234,481,78,1,3,131,131,0,-0.2313,0.360,0.801
1689,reaquisicao,TRACKING,1,791,0,0,221,486,80,1,1,131,131,0,-0.2500,0.338,0.806
1690,reaquisicao,TRACKING,1,798,0,0,228,487,79,1,1,131,131,0,-0.2688,0.316,0.811
1691,reaquisicao,TRACKING,1,788,0,0,228,479,78,1,1,131,131,0,-0.2875,0.295,0.817
1692,reaquisicao,TRACKING,1,809,0,0,246,481,78,2,0,131,131,0,-0.3063,0.273,0.822
1693,reaquisicao,TRACKING,1,800,0,0,228,492,78,1,0,131,131,0,-0.3250,0.252,0.828
1694,reaquisicao,TRACKING,1,823,0,0,248,488,84,1,1,131,131,0,-0.3438,0.230,0.833
1695,reaquisicao,TRACKING,1,800,0,0,238,478,81,1,0,131,131,0,-0.3688,-0.206,0.847
1696,reaquisicao,TRACKING,1,799,0,0,232,484,79,1,0,131,131,0,-0.3875,-0.225,0.850
1697,reaquisicao,TRACKING,1,830,0,0,246,503,79,1,1,131,131,0,-0.4062,-0.245,0.854
1698,reaquisicao,TRACKING,1,842,0,0,223,528,88,1,1,131,131,0,-0.4250,-0.265,0.858
1699,reaquisicao,TRACKING,1,819,0,0,226,508,82,1,1,131,131,0,-0.4437,-0.286,0.863
1700,reaquisicao,TRACKING,1,828,0,0,226,494,103,1,3,131,131,0,-0.4625,-0.307,0.868
1701,reaquisicao,TRACKING,1,792,0,0,226,486,77,1,1,131,131,0,-0.4812,-0.329,0.873
1702,reaquisicao,TRACKING,1,791,0,0,226,480,82,1,1,131,131,0,-0.5000,-0.350,0.878
1703,reaquisicao,TRACKING,1,802,0,0,240,480,78,1,1,131,131,0,-0.5188,-0.372,0.884
1704,reaquisicao,TRACKING,1,803,0,0,228,494,78,1,1,131,131,0,-0.5375,-0.393,0.889
1705,reaquisicao,TRACKING,1,791,0,0,223,483,81,1,1,131,131,0,-0.5562,-0.415,0.894
1706,reaquisicao,TRACKING,1,787,0,0,225,478,82,1,0,131,131,0,-0.5750,-0.436,0.900
1707,reaquisicao,TRACKING,1,788,0,0,226,482,77,1,1,131,131,0,-0.5938,-0.458,0.905
1708,reaquisicao,TRACKING,1,821,0,0,245,490,82,1,1,131,131,0,-0.6125,-0.480,0.910
1709,reaquisicao,TRACKING,1,802,0,0,227,480,93,2,0,131,131,0,-0.6313,-0.501,0.916
1710,reaquisicao,TRACKING,1,805,0,0,242,481,78,2,0,131,131,0,-0.6500,-0.523,0.921
1711,reaquisicao,TRACKING,1,789,0,0,224,485,78,1,1,131,131,0,-0.6687,-0.544,0.927
1712,reaquisicao,TRACKING,1,789,0,0,221,470,95,2,1,129,131,0,-0.6875,-0.566,0.932
1713,reaquisicao,TRACKING,1,764,0,0,214,473,74,1,1,126,131,0,-0.7063,-0.588,0.937
1714,reaquisicao,TRACKING,1,759,0,0,211,469,75,1,1,123,131,0,-0.7250,-0.609,0.943
1715,reaquisicao,TRACKING,1,756,0,0,227,438,88,1,0,120,131,0,-0.7375,-0.616,0.939
1716,reaquisicao,TRACKING,1,737,0,0,203,461,69,1,2,117,131,0,-0.7563,-0.641,0.947
1717,reaquisicao,TRACKING,1,696,0,0,194,433,67,1,0,114,131,0,-0.7750,-0.664,0.955
1718,reaquisicao,TRACKING,1,687,0,0,190,425,69,1,1,111,131,0,-0.7937,-0.687,0.961
1719,reaquisicao,TRACKING,1,664,0,0,192,405,64,1,1,108,131,0,-0.8125,-0.709,0.967
1720,reaquisicao,TRACKING,1,634,0,0,177,391,63,1,1,105,131,0,-0.8313,-0.731,0.973
1721,reaquisicao,TRACKING,1,633,0,0,176,389,63,2,1,102,131,0,-0.8500,-0.753,0.978
1722,reaquisicao,TRACKING,1,655,0,0,195,394,62,2,0,99,131,0,-0.8687,-0.775,0.984
1723,reaquisicao,TRACKING,1,594,0,0,182,350,59,1,1,96,131,0,-0.8875,-0.796,0.989
1724,reaquisicao,TRACKING,1,596,0,0,175,362,56,1,1,93,131,0,-0.9062,-0.818,0.995
1725,reaquisicao,TRACKING,1,573,0,0,167,347,56,0,1,92,131,0,-0.9125,-0.811,0.982
1726,reaquisicao,TRACKING,1,603,0,0,173,369,58,1,1,94,131,0,-0.9062,-0.781,0.958
1727,reaquisicao,TRACKING,1,603,0,0,169,373,58,2,0,96,131,0,-0.8938,-0.745,0.933
1728,reaquisicao,TRACKING,1,599,0,0,173,364,59,1,1,98,131,0,-0.8750,-0.704,0.908
1729,reaquisicao,TRACKING,1,613,0,0,172,374,63,1,1,100,131,0,-0.8500,-0.656,0.881
1730,reaquisicao,TRACKING,1,635,0,0,179,390,61,1,1,102,131,0,-0.8313,-0.630,0.872
1731,reaquisicao,TRACKING,1,626,0,0,178,383,62,1,1,104,131,0,-0.8062,-0.591,0.855
1732,reaquisicao,TRACKING,1,643,0,0,186,392,63,2,0,106,131,0,-0.7812,-0.557,0.842
1733,reaquisicao,TRACKING,1,675,0,0,186,422,64,2,0,108,131,0,-0.7563,-0.524,0.831
1734,reaquisicao,TRACKING,1,677,0,0,191,414,68,1,1,110,131,0,-0.7312,-0.494,0.822
1735,reaquisicao,TRACKING,1,681,0,0,195,416,67,1,1,112,131,0,-0.7063,-0.463,0.813
1736,reaquisicao,TRACKING,1,707,0,0,208,424,70,1,2,114,131,0,-0.6875,-0.448,0.814
1737,reaquisicao,TRACKING,1,707,0,0,205,426,71,2,0,116,131,0,-0.6687,-0.431,0.813
1738,reaquisicao,TRACKING,1,730,0,0,199,459,69,1,1,118,131,0,-0.6438,-0.397,0.801
1739,reaquisicao,TRACKING,1,751,0,0,201,460,87,1,1,120,131,0,-0.6250,-0.380,0.800
1740,reaquisicao,TRACKING,1,777,0,0,227,475,72,1,1,122,131,0,-0.6125,-0.375,0.806
1741,reaquisicao,TRACKING,1,753,0,0,210,466,73,1,0,124,131,0,-0.5938,-0.352,0.799
1742,reaquisicao,TRACKING,1,774,0,0,212,485,76,1,0,126,131,0,-0.5813,-0.344,0.802
1743,reaquisicao,TRACKING,1,759,0,0,222,455,75,3,1,128,131,0,-0.5625,-0.319,0.793
1744,reaquisicao,TRACKING,1,793,0,0,219,493,77,2,1,130,131,0,-0.5500,-0.310,0.795
1745,reaquisicao,TRACKING,1,801,0,0,224,483,90,1,1,131,131,0,-0.5375,-0.299,0.794
1746,reaquisicao,TRACKING,1,789,0,0,229,475,83,1,0,131,131,0,-0.5250,-0.286,0.792
1747,reaquisicao,TRACKING,1,790,0,0,227,482,78,1,1,131,131,0,-0.5125,-0.273,0.790
1748,reaquisicao,TRACKING,1,807,0,0,227,499,78,2,0,131,131,0,-0.5000,-0.259,0.787
1749,reaquisicao,TRACKING,1,813,0,0,226,484,96,1,1,131,131,0,-0.4875,-0.245,0.784
1750,reaquisicao,TRACKING,1,816,0,0,247,481,82,1,1,131,131,0,-0.4750,-0.231,0.780
1751,reaquisicao,TRACKING,1,792,0,0,227,483,78,1,1,131,131,0,-0.4625,-0.217,0.777
1752,reaquisicao,TRACKING,1,794,0,0,227,485,79,1,1,131,131,0,-0.4500,-0.202,0.773
1753,reaquisicao,TRACKING,1,786,0,0,227,478,78,1,1,131,131,0,-0.4375,0.212,0.770
1754,reaquisicao,TRACKING,1,817,0,0,251,481,82,1,1,131,131,0,-0.4250,0.226,0.766
1755,reaquisicao,TRACKING,1,812,0,0,228,497,83,2,1,131,131,0,-0.4125,0.241,0.763
1756,reaquisicao,TRACKING,1,840,0,0,255,500,82,2,1,131,131,0,-0.4000,0.255,0.759
1757,reaquisicao,TRACKING,1,821,0,0,226,514,78,0,1,131,131,0,-0.3875,0.270,0.756
1758,reaquisicao,TRACKING,1,894,0,0,273,537,80,1,1,131,131,0,-0.3750,0.284,0.752
1759,reaquisicao,TRACKING,1,872,0,0,257,485,125,1,0,131,131,0,-0.3625,0.298,0.748
1760,reaquisicao,TRACKING,1,832,0,0,255,492,80,1,1,131,131,0,-0.3500,0.313,0.745
1761,reaquisicao,TRACKING,1,819,0,0,236,500,79,1,1,131,131,0,-0.3375,0.327,0.741
1762,reaquisicao,TRACKING,1,805,0,0,237,479,85,1,1,131,131,0,-0.3250,0.342,0.738
1763,reaquisicao,TRACKING,1,810,0,0,247,478,81,1,1,131,131,0,-0.3187,0.342,0.743
1764,reaquisicao,TRACKING,1,883,0,0,258,498,122,2,1,131,131,0,-0.3063,0.359,0.737
1765,reaquisicao,TRACKING,1,815,0,0,233,499,80,2,0,131,131,0,-0.2937,0.375,0.731
1766,reaquisicao,TRACKING,1,826,0,0,231,507,84,2,1,131,131,0,-0.2812,0.390,0.727
1767,reaquisicao,TRACKING,1,819,0,0,250,485,80,1,0,131,131,0,-0.2688,0.405,0.722
1768,reaquisicao,TRACKING,1,814,0,0,248,482,78,2,1,131,131,0,-0.2562,0.420,0.718
1769,reaquisicao,TRACKING,1,810,0,0,232,497,78,1,0,131,131,0,-0.2438,0.435,0.715
1770,reaquisicao,TRACKING,1,811,0,0,233,495,81,1,1,131,131,0,-0.2313,0.449,0.711
1771,reaquisicao,TRACKING,1,823,0,0,244,488,85,2,1,131,131,0,-0.2188,0.464,0.707
1772,reaquisicao,TRACKING,1,799,0,0,237,480,78,1,1,131,131,0,-0.2062,0.478,0.703
1773,reaquisicao,TRACKING,1,817,0,0,239,496,79,1,1,131,131,0,-0.1937,0.493,0.700
1774,reaquisicao,TRACKING,1,805,0,0,235,485,81,1,1,131,131,0,-0.1813,0.507,0.696
1775,reaquisicao,TRACKING,1,812,0,0,230,484,94,1,0,131,131,0,-0.1688,0.522,0.693
1776,reaquisicao,TRACKING,1,796,0,0,235,479,77,1,1,131,131,0,-0.1562,0.536,0.689
1777,reaquisicao,TRACKING,1,828,0,0,247,498,80,2,0,131,131,0,-0.1437,0.550,0.685
1778,reaquisicao,TRACKING,1,800,0,0,230,488,79,1,1,131,131,0,-0.1312,0.565,0.682
1779,reaquisicao,TRACKING,1,799,0,0,232,480,83,0,0,131,131,0,-0.1187,0.579,0.678
1780,reaquisicao,TRACKING,1,801,0,0,239,480,78,2,1,131,131,0,-0.1063,0.594,0.675
1781,reaquisicao,TRACKING,1,797,0,0,229,484,80,1,1,131,131,0,-0.0938,0.608,0.671
1782,reaquisicao,TRACKING,1,825,0,0,257,486,78,3,1,131,131,0,-0.0812,0.622,0.667
1783,reaquisicao,TRACKING,1,821,0,0,225,506,85,3,0,131,131,0,-0.0688,0.637,0.664
1784,reaquisicao,TRACKING,1,826,0,0,238,506,79,1,0,131,131,0,-0.0500,0.666,0.651
1785,reaquisicao,TRACKING,1,803,0,0,224,496,78,3,0,131,131,0,-0.0375,0.677,0.650
1786,reaquisicao,TRACKING,1,800,0,0,226,493,77,0,1,131,131,0,-0.0250,0.690,0.649
1787,reaquisicao,TRACKING,1,789,0,0,228,480,78,1,0,131,131,0,-0.0125,0.703,0.646
1788,reaquisicao,TRACKING,1,806,0,0,239,484,80,1,1,131,131,0,0.0000,0.717,0.643
1789,reaquisicao,TRACKING,1,811,0,0,230,500,78,2,0,131,131,0,0.0125,0.720,0.629
1790,reaquisicao,TRACKING,1,802,0,0,233,481,85,1,1,131,131,0,0.0250,0.724,0.615
1791,reaquisicao,TRACKING,1,824,0,0,253,482,82,2,1,131,131,0,0.0375,0.727,0.601
1792,reaquisicao,TRACKING,1,812,0,0,247,484,78,1,0,131,131,0,0.0500,0.731,0.586
1793,reaquisicao,TRACKING,1,806,0,0,227,499,78,1,1,131,131,0,0.0625,0.734,0.572
1794,reaquisicao,TRACKING,1,805,0,0,227,494,81,1,1,131,131,0,0.0750,0.738,0.558
1795,reaquisicao,TRACKING,1,793,0,0,232,479,79,1,1,131,131,0,0.0875,0.741,0.543
1796,reaquisicao,TRACKING,1,809,0,0,233,494,78,1,1,131,131,0,0.1000,0.745,0.529
1797,reaquisicao,TRACKING,1,836,0,0,229,521,81,2,1,131,131,0,0.1125,0.748,0.514
1798,reaquisicao,TRACKING,1,857,0,0,273,500,79,3,1,131,131,0,0.1250,0.752,0.500
1799,reaquisicao,TRACKING,1,827,0,0,251,493,79,1,1,131,131,0,0.1375,0.756,0.486
1800,reaquisicao,TRACKING,1,821,0,0,252,485,80,2,1,131,131,0,0.1500,0.759,0.471
1801,reaquisicao,TRACKING,1,797,0,0,235,480,79,1,1,131,131,0,0.1625,0.763,0.457
1802,reaquisicao,TRACKING,1,813,0,0,232,497,78,1,3,131,131,0,0.1750,0.766,0.442
1803,reaquisicao,TRACKING,1,829,0,0,258,489,80,1,1,131,131,0,0.1875,0.770,0.428
1804,reaquisicao,TRACKING,1,831,0,0,247,482,97,1,1,131,131,0,0.2000,0.774,0.414
1805,reaquisicao,TRACKING,1,796,0,0,234,479,80,1,0,131,131,0,0.2062,0.768,0.414
1806,reaquisicao,TRACKING,1,815,0,0,227,505,79,2,1,131,131,0,0.2188,0.775,0.396
1807,reaquisicao,TRACKING,1,844,0,0,259,497,82,3,0,131,131,0,0.2313,0.780,0.380
1808,reaquisicao,TRACKING,1,827,0,0,231,513,78,1,1,131,131,0,0.2438,0.785,0.365
1809,reaquisicao,TRACKING,1,832,0,0,240,509,79,1,1,131,131,0,0.2562,0.789,0.350
1810,reaquisicao,TRACKING,1,805,0,0,224,496,79,1,1,131,131,0,0.2688,0.793,0.335
1811,reaquisicao,TRACKING,1,794,0,0,223,485,82,1,1,131,131,0,0.2812,0.797,0.320
1812,reaquisicao,TRACKING,1,857,0,0,265,506,80,2,1,131,131,0,0.2937,0.800,0.306
1813,reaquisicao,TRACKING,1,865,0,0,250,527,81,4,1,131,131,0,0.3063,0.804,0.291
1814,reaquisicao,TRACKING,1,856,0,0,262,508,80,4,0,131,131,0,0.3187,0.808,0.277
1815,reaquisicao,TRACKING,1,823,0,0,235,495,85,1,4,131,131,0,0.3313,0.811,0.262
1816,reaquisicao,TRACKING,1,862,0,0,263,512,82,2,1,131,131,0,0.3438,0.815,0.248
1817,reaquisicao,TRACKING,1,980,0,0,339,550,82,3,1,131,131,0,0.3562,0.819,0.234
1818,reaquisicao,TRACKING,1,876,0,0,270,512,87,3,2,131,131,0,0.3688,0.822,0.219
1819,reaquisicao,TRACKING,1,885,0,0,248,545,81,6,1,131,131,0,0.3812,0.826,0.205
1820,reaquisicao,TRACKING,1,875,0,0,279,508,83,1,0,131,131,0,0.3938,0.829,-0.210
1821,reaquisicao,TRACKING,1,846,0,0,255,506,80,1,0,131,131,0,0.4062,0.833,-0.224
1822,reaquisicao,TRACKING,1,856,0,0,283,488,79,2,1,131,131,0,0.4187,0.837,-0.238
1823,reaquisicao,TRACKING,1,835,0,0,263,485,82,2,1,131,131,0,0.4313,0.840,-0.253
1824,reaquisicao,TRACKING,1,838,0,0,267,484,81,1,1,131,131,0,0.4437,0.844,-0.267
1825,reaquisicao,TRACKING,1,815,0,0,247,485,79,1,1,131,131,0,0.4563,0.847,-0.282
1826,reaquisicao,TRACKING,1,816,0,0,243,490,79,1,1,131,131,0,0.4688,0.851,-0.296
1827,reaquisicao,TRACKING,1,841,0,0,266,486,86,1,1,131,131,0,0.4812,0.855,-0.310
1828,reaquisicao,TRACKING,1,840,0,0,234,522,79,3,1,131,131,0,0.4938,0.858,-0.325
1829,reaquisicao,TRACKING,1,829,0,0,229,482,112,2,1,131,131,0,0.5063,0.862,-0.339
1830,reaquisicao,TRACKING,1,906,0,0,310,508,81,1,1,131,131,0,0.5188,0.865,-0.354
1831,reaquisicao,TRACKING,1,860,0,0,238,525,92,3,0,131,131,0,0.5312,0.869,-0.368
1832,reaquisicao,TRACKING,1,834,0,0,233,516,82,1,1,131,131,0,0.5437,0.873,-0.382
1833,reaquisicao,TRACKING,1,791,0,0,225,485,77,1,1,131,131,0,0.5562,0.876,-0.397
1834,reaquisicao,TRACKING,1,813,0,0,231,498,81,1,1,131,131,0,0.5750,0.889,-0.426
1835,reaquisicao,TRACKING,1,801,0,0,235,481,81,1,1,131,131,0,0.5875,0.890,-0.437
1836,reaquisicao,TRACKING,1,814,0,0,249,480,81,1,1,131,131,0,0.6000,0.891,-0.450
1837,reaquisicao,TRACKING,1,794,0,0,227,486,78,2,0,131,131,0,0.6125,0.894,-0.463
1838,reaquisicao,TRACKING,1,806,0,0,228,497,78,1,1,131,131,0,0.6250,0.897,-0.477
1839,reaquisicao,TRACKING,1,795,0,0,234,480,78,0,1,131,131,0,0.6375,0.900,-0.491
1840,reaquisicao,TRACKING,1,783,0,0,227,473,76,3,1,129,131,0,0.6500,0.904,-0.505
1841,reaquisicao,TRACKING,1,795,0,0,217,495,80,1,1,127,131,0,0.6625,0.907,-0.519
1842,reaquisicao,TRACKING,1,757,0,0,214,465,74,1,0,125,131,0,0.6750,0.911,-0.534
1843,reaquisicao,TRACKING,1,746,0,0,216,452,77,1,0,123,131,0,0.6875,0.914,-0.548
1844,reaquisicao,TRACKING,1,765,0,0,218,467,76,1,0,121,131,0,0.7000,0.918,-0.562
1845,reaquisicao,TRACKING,1,753,0,0,213,452,84,1,0,119,131,0,0.7125,0.921,-0.577
1846,reaquisicao,TRACKING,1,714,0,0,205,436,70,1,0,117,131,0,0.7250,0.925,-0.591
1847,reaquisicao,TRACKING,1,701,0,0,200,429,69,1,1,115,131,0,0.7375,0.928,-0.606
1848,reaquisicao,TRACKING,1,709,0,0,193,443,71,1,0,113,131,0,0.7500,0.932,-0.620
1849,reaquisicao,TRACKING,1,735,0,0,207,458,67,1,1,111,131,0,0.7625,0.936,-0.634
1850,reaquisicao,TRACKING,1,685,0,0,189,424,67,2,0,109,131,0,0.7750,0.939,-0.649
1851,reaquisicao,TRACKING,1,648,0,0,182,399,64,1,1,107,131,0,0.7875,0.943,-0.663
1852,reaquisicao,TRACKING,1,638,0,0,178,389,68,2,0,105,131,0,0.8000,0.946,-0.678
1853,reaquisicao,TRACKING,1,641,0,0,177,393,65,1,1,103,131,0,0.8125,0.950,-0.692
1854,reaquisicao,TRACKING,1,634,0,0,186,383,61,1,1,101,131,0,0.8250,0.954,-0.706
1855,reaquisicao,TRACKING,1,617,0,0,173,381,59,1,1,99,131,0,0.8375,0.957,-0.721
1856,reaquisicao,TRACKING,1,592,0,0,174,355,59,2,0,97,131,0,0.8500,0.961,-0.735
1857,reaquisicao,TRACKING,1,622,0,0,186,376,57,1,1,95,131,0,0.8625,0.964,-0.750
1858,reaquisicao,TRACKING,1,611,0,0,184,364,60,1,1,93,131,0,0.8750,0.968,-0.764
1859,reaquisicao,TRACKING,1,618,0,0,204,346,65,1,1,91,131,0,0.8750,0.954,-0.750
1860,reaquisicao,TRACKING,1,631,0,0,175,398,56,0,1,94,131,0,0.8625,0.927,-0.712
1861,reaquisicao,TRACKING,1,602,0,0,172,355,72,1,0,97,131,0,0.8500,0.910,-0.684
1862,reaquisicao,TRACKING,1,625,0,0,187,375,60,1,1,100,131,0,0.8250,0.880,-0.632
1863,reaquisicao,TRACKING,1,648,0,0,183,398,65,1,1,103,131,0,0.8000,0.859,-0.590
1864,reaquisicao,TRACKING,1,640,0,0,182,393,63,1,1,106,131,0,0.7688,0.834,-0.539
1865,reaquisicao,TRACKING,1,670,0,0,185,417,66,1,0,109,131,0,0.7437,0.825,-0.508
1866,reaquisicao,TRACKING,1,667,0,0,195,401,67,3,1,112,131,0,0.7125,0.808,-0.463
1867,reaquisicao,TRACKING,1,707,0,0,211,424,69,1,1,115,131,0,0.6812,0.794,-0.422
1868,reaquisicao,TRACKING,1,726,0,0,203,447,73,1,1,118,131,0,0.6500,0.782,-0.383
1869,reaquisicao,TRACKING,1,766,0,0,202,470,90,2,1,121,131,0,0.6187,0.771,-0.346
1870,reaquisicao,TRACKING,1,785,0,0,216,490,76,1,1,124,131,0,0.5938,0.770,-0.323
1871,reaquisicao,TRACKING,1,777,0,0,215,482,76,1,1,127,131,0,0.5625,0.757,-0.283
1872,reaquisicao,TRACKING,1,862,0,0,242,533,83,2,0,130,131,0,0.5375,0.755,-0.260
1873,reaquisicao,TRACKING,1,831,0,0,234,515,78,1,1,131,131,0,0.5125,0.751,-0.234
1874,reaquisicao,TRACKING,1,830,0,0,238,482,104,1,1,131,131,0,0.4875,0.746,-0.207
1875,reaquisicao,TRACKING,1,810,0,0,229,499,77,1,2,131,131,0,0.4625,0.740,0.221
1876,reaquisicao,TRACKING,1,791,0,0,225,481,80,2,0,131,131,0,0.4437,0.742,0.235
1877,reaquisicao,TRACKING,1,793,0,0,230,480,78,3,1,131,131,0,0.4187,0.732,0.266
1878,reaquisicao,TRACKING,1,795,0,0,226,486,79,1,0,131,131,0,0.4000,0.733,0.282
1879,reaquisicao,TRACKING,1,807,0,0,228,495,80,1,0,131,131,0,0.3812,0.731,0.300
1880,reaquisicao,TRACKING,1,796,0,0,230,479,84,1,1,131,131,0,0.3625,0.727,0.319
1881,reaquisicao,TRACKING,1,803,0,0,241,478,80,1,1,131,131,0,0.3438,0.723,0.340
1882,reaquisicao,TRACKING,1,792,0,0,226,485,77,1,1,131,131,0,0.3250,0.718,0.361
1883,reaquisicao,TRACKING,1,796,0,0,226,484,82,1,0,131,131,0,0.3063,0.714,0.382
1884,reaquisicao,TRACKING,1,790,0,0,228,479,81,1,0,131,131,0,0.2875,0.708,0.403
1885,reaquisicao,TRACKING,1,813,0,0,234,496,79,2,1,131,131,0,0.2688,0.703,0.425
1886,reaquisicao,TRACKING,1,820,0,0,243,490,80,1,1,131,131,0,0.2500,0.698,0.446
1887,reaquisicao,TRACKING,1,803,0,0,237,479,84,1,1,131,131,0,0.2313,0.693,0.468
1888,reaquisicao,TRACKING,1,800,0,0,236,480,78,1,3,131,131,0,0.2125,0.687,0.489
1889,reaquisicao,TRACKING,1,810,0,0,228,498,79,1,3,131,131,0,0.1937,0.682,0.511
1890,reaquisicao,TRACKING,1,812,0,0,235,493,81,1,1,131,131,0,0.1750,0.676,0.532
1891,reaquisicao,TRACKING,1,835,0,0,257,484,90,1,1,131,131,0,0.1562,0.671,0.554
1892,reaquisicao,TRACKING,1,833,0,0,232,519,78,1,0,131,131,0,0.1375,0.666,0.576
1893,reaquisicao,TRACKING,1,852,0,0,229,485,135,1,1,131,131,0,0.1187,0.660,0.597
1894,reaquisicao,TRACKING,1,874,0,0,261,527,80,4,1,131,131,0,0.1000,0.655,0.619
1895,reaquisicao,TRACKING,1,829,0,0,241,502,80,3,1,131,131,0,0.0812,0.649,0.640
1896,reaquisicao,TRACKING,1,800,0,0,239,480,79,1,0,131,131,0,0.0625,0.644,0.662
1897,reaquisicao,TRACKING,1,804,0,0,242,480,79,1,0,131,131,0,0.0437,0.639,0.684
1898,reaquisicao,TRACKING,1,814,0,0,239,492,80,1,1,131,131,0,0.0312,0.642,0.691
1899,reaquisicao,TRACKING,1,813,0,0,233,498,80,1,1,131,131,0,0.0125,0.634,0.715
1900,reaquisicao,TRACKING,1,826,0,0,253,488,81,2,0,131,131,0,-0.0063,0.621,0.733
1901,reaquisicao,TRACKING,1,825,0,0,258,483,79,2,0,131,131,0,-0.0250,0.599,0.740
1902,reaquisicao,TRACKING,1,812,0,0,247,483,79,1,1,131,131,0,-0.0437,0.577,0.746
1903,reaquisicao,TRACKING,1,901,0,0,270,546,81,2,0,131,131,0,-0.0625,0.555,0.751
1904,reaquisicao,TRACKING,1,813,0,0,230,499,79,1,0,131,131,0,-0.0812,0.533,0.757
1905,reaquisicao,TRACKING,1,796,0,0,236,480,79,1,0,131,131,0,-0.1000,0.511,0.763
1906,reaquisicao,TRACKING,1,800,0,0,237,481,78,1,1,131,131,0,-0.1187,0.489,0.768
1907,reaquisicao,TRACKING,1,814,0,0,232,498,79,2,2,131,131,0,-0.1375,0.468,0.774
1908,reaquisicao,TRACKING,1,809,0,0,226,498,81,1,1,131,131,0,-0.1562,0.446,0.779
1909,reaquisicao,TRACKING,1,794,0,0,226,484,78,1,1,131,131,0,-0.1750,0.424,0.784
1910,reaquisicao,TRACKING,1,787,0,0,227,479,77,2,1,131,131,0,-0.1937,0.403,0.790
1911,reaquisicao,TRACKING,1,815,0,0,234,497,79,1,0,131,131,0,-0.2125,0.381,0.795
1912,reaquisicao,TRACKING,1,838,0,0,259,498,78,1,1,131,131,0,-0.2313,0.360,0.801
1913,reaquisicao,TRACKING,1,827,0,0,221,524,78,1,0,131,131,0,-0.2500,0.338,0.806
1914,reaquisicao,TRACKING,1,815,0,0,249,483,79,2,1,131,131,0,-0.2688,0.316,0.811
1915,reaquisicao,TRACKING,1,804,0,0,236,485,80,1,1,131,131,0,-0.2875,0.295,0.817
1916,reaquisicao,TRACKING,1,844,0,0,262,500,80,2,0,131,131,0,-0.3063,0.273,0.822
1917,reaquisicao,TRACKING,1,853,0,0,222,546,79,1,2,131,131,0,-0.3250,0.252,0.828
1918,reaquisicao,TRACKING,1,820,0,0,230,509,79,1,0,131,131,0,-0.3438,0.230,0.833
1919,reaquisicao,TRACKING,1,808,0,0,225,498,81,1,1,131,131,0,-0.3688,-0.206,0.847
1920,reaquisicao,TRACKING,1,794,0,0,227,485,79,1,0,131,131,0,-0.3875,-0.225,0.850
1921,reaquisicao,TRACKING,1,790,0,0,230,480,78,0,1,131,131,0,-0.4062,-0.245,0.854
1922,reaquisicao,TRACKING,1,804,0,0,240,484,78,1,1,131,131,0,-0.4250,-0.265,0.858
1923,reaquisicao,TRACKING,1,809,0,0,225,500,80,1,1,131,131,0,-0.4437,-0.286,0.863
1924,reaquisicao,TRACKING,1,815,0,0,234,485,91,2,1,131,131,0,-0.4625,-0.307,0.868
1925,reaquisicao,TRACKING,1,803,0,0,238,482,79,1,1,131,131,0,-0.4812,-0.329,0.873
1926,reaquisicao,TRACKING,1,800,0,0,235,483,79,1,1,131,131,0,-0.5000,-0.350,0.878
1927,reaquisicao,TRACKING,1,795,0,0,230,485,77,1,1,131,131,0,-0.5188,-0.372,0.884
1928,reaquisicao,TRACKING,1,825,0,0,253,484,84,2,0,131,131,0,-0.5375,-0.393,0.889
1929,reaquisicao,TRACKING,1,815,0,0,250,480,80,3,1,131,131,0,-0.5562,-0.415,0.894
1930,reaquisicao,TRACKING,1,802,0,0,225,496,78,1,0,131,131,0,-0.5750,-0.436,0.900
1931,reaquisicao,TRACKING,1,792,0,0,223,488,78,1,0,131,131,0,-0.5938,-0.458,0.905
1932,reaquisicao,TRACKING,1,782,0,0,222,479,78,1,1,131,131,0,-0.6125,-0.480,0.910
1933,reaquisicao,TRACKING,1,813,0,0,249,481,79,1,1,131,131,0,-0.6313,-0.501,0.916
1934,reaquisicao,TRACKING,1,804,0,0,229,491,81,2,1,131,131,0,-0.6500,-0.523,0.921
1935,reaquisicao,TRACKING,1,841,0,0,262,496,78,4,0,131,131,0,-0.6687,-0.544,0.927
1936,reaquisicao,TRACKING,1,813,0,0,232,501,77,1,1,129,131,0,-0.6875,-0.566,0.932
1937,reaquisicao,TRACKING,1,810,0,0,227,477,101,3,1,126,131,0,-0.7063,-0.588,0.937
1938,reaquisicao,TRACKING,1,758,0,0,212,468,75,1,1,123,131,0,-0.7250,-0.609,0.943
1939,reaquisicao,TRACKING,1,710,0,0,204,433,71,1,0,120,131,0,-0.7375,-0.616,0.939
1940,reaquisicao,TRACKING,1,721,0,0,210,440,69,1,1,117,131,0,-0.7563,-0.641,0.947
1941,reaquisicao,TRACKING,1,686,0,0,194,419,70,1,1,114,131,0,-0.7750,-0.664,0.955
1942,reaquisicao,TRACKING,1,714,0,0,210,429,70,1,1,111,131,0,-0.7937,-0.687,0.961
1943,reaquisicao,TRACKING,1,667,0,0,189,412,65,1,0,108,131,0,-0.8125,-0.709,0.967
1944,reaquisicao,TRACKING,1,632,0,0,181,385,63,1,1,105,131,0,-0.8313,-0.731,0.973
1945,reaquisicao,TRACKING,1,646,0,0,180,397,66,1,0,102,131,0,-0.8500,-0.753,0.978
1946,reaquisicao,TRACKING,1,604,0,0,168,368,62,1,1,99,131,0,-0.8687,-0.775,0.984
1947,reaquisicao,TRACKING,1,585,0,0,173,348,57,2,1,96,131,0,-0.8875,-0.796,0.989
1948,reaquisicao,TRACKING,1,601,0,0,180,359,59,1,1,93,131,0,-0.9062,-0.818,0.995
1949,reaquisicao,TRACKING,1,574,0,0,160,355,56,1,1,92,131,0,-0.9125,-0.811,0.982
1950,reaquisicao,TRACKING,1,587,0,0,160,364,59,1,1,94,131,0,-0.9062,-0.781,0.958
1951,reaquisicao,TRACKING,1,579,0,0,171,347,58,1,1,96,131,0,-0.8938,-0.745,0.933
1952,reaquisicao,TRACKING,1,605,0,0,169,373,59,1,0,98,131,0,-0.8750,-0.704,0.908
1953,reaquisicao,TRACKING,1,615,0,0,176,375,61,1,1,100,131,0,-0.8500,-0.656,0.881
1954,reaquisicao,TRACKING,1,642,0,0,176,397,65,1,1,102,131,0,-0.8313,-0.630,0.872
1955,reaquisicao,TRACKING,1,633,0,0,192,378,61,2,0,104,131,0,-0.8062,-0.591,0.855
1956,reaquisicao,TRACKING,1,667,0,0,198,400,65,1,1,106,131,0,-0.7812,-0.557,0.842
1957,reaquisicao,TRACKING,1,663,0,0,192,403,65,1,1,108,131,0,-0.7563,-0.524,0.831
1958,reaquisicao,TRACKING,1,703,0,0,190,443,67,1,1,110,131,0,-0.7312,-0.494,0.822
1959,reaquisicao,TRACKING,1,705,0,0,220,416,67,1,1,112,131,0,-0.7063,-0.463,0.813
1960,reaquisicao,TRACKING,1,709,0,0,198,440,68,1,0,114,131,0,-0.6875,-0.448,0.814
1961,reaquisicao,TRACKING,1,704,0,0,201,432,69,1,1,116,131,0,-0.6687,-0.431,0.813
1962,reaquisicao,TRACKING,1,715,0,0,201,440,72,1,1,118,131,0,-0.6438,-0.397,0.801
1963,reaquisicao,TRACKING,1,727,0,0,217,436,71,1,1,120,131,0,-0.6250,-0.380,0.800
1964,reaquisicao,TRACKING,1,744,0,0,209,460,72,1,1,122,131,0,-0.6125,-0.375,0.806
1965,reaquisicao,TRACKING,1,749,0,0,211,460,73,1,0,124,131,0,-0.5938,-0.352,0.799
1966,reaquisicao,TRACKING,1,767,0,0,215,476,74,1,0,126,131,0,-0.5813,-0.344,0.802
1967,reaquisicao,TRACKING,1,756,0,0,215,462,75,1,1,128,131,0,-0.5625,-0.319,0.793
1968,reaquisicao,TRACKING,1,780,0,0,222,474,81,1,1,130,131,0,-0.5500,-0.310,0.795
1969,reaquisicao,TRACKING,1,810,0,0,249,480,79,1,0,131,131,0,-0.5375,-0.299,0.794
1970,reaquisicao,TRACKING,1,834,0,0,242,506,81,1,1,131,131,0,-0.5250,-0.286,0.792
1971,reaquisicao,TRACKING,1,798,0,0,233,479,84,0,1,131,131,0,-0.5125,-0.273,0.790
1972,reaquisicao,TRACKING,1,785,0,0,224,479,78,1,1,131,131,0,-0.5000,-0.259,0.787
1973,reaquisicao,TRACKING,1,811,0,0,231,499,78,1,1,131,131,0,-0.4875,-0.245,0.784
1974,reaquisicao,TRACKING,1,801,0,0,227,492,79,1,1,131,131,0,-0.4750,-0.231,0.780
1975,reaquisicao,TRACKING,1,836,0,0,222,528,84,1,1,131,131,0,-0.4625,-0.217,0.777
1976,reaquisicao,TRACKING,1,829,0,0,238,511,79,0,0,131,131,0,-0.4500,-0.202,0.773
1977,reaquisicao,TRACKING,1,835,0,0,226,501,105,1,1,131,131,0,-0.4375,0.212,0.770
1978,reaquisicao,TRACKING,1,790,0,0,221,487,78,2,0,131,131,0,-0.4250,0.226,0.766
1979,reaquisicao,TRACKING,1,791,0,0,222,482,82,1,1,131,131,0,-0.4125,0.241,0.763
1980,reaquisicao,TRACKING,1,804,0,0,241,482,78,2,0,131,131,0,-0.4000,0.255,0.759
1981,reaquisicao,TRACKING,1,809,0,0,227,495,82,2,1,131,131,0,-0.3875,0.270,0.756
1982,reaquisicao,TRACKING,1,794,0,0,226,486,79,1,1,131,131,0,-0.3750,0.284,0.752
1983,reaquisicao,TRACKING,1,790,0,0,226,479,82,1,1,131,131,0,-0.3625,0.298,0.748
1984,reaquisicao,TRACKING,1,840,0,0,268,485,82,2,1,131,131,0,-0.3500,0.313,0.745
1985,reaquisicao,TRACKING,1,800,0,0,231,487,78,2,1,131,131,0,-0.3375,0.327,0.741
1986,reaquisicao,TRACKING,1,813,0,0,231,495,82,3,1,131,131,0,-0.3250,0.342,0.738
1987,reaquisicao,TRACKING,1,785,0,0,224,480,78,1,1,131,131,0,-0.3187,0.342,0.743
1988,reaquisicao,TRACKING,1,791,0,0,227,481,81,1,1,131,131,0,-0.3063,0.359,0.737
1989,reaquisicao,TRACKING,1,791,0,0,224,483,80,1,0,131,131,0,-0.2937,0.375,0.731
1990,reaquisicao,TRACKING,1,788,0,0,228,479,78,1,0,131,131,0,-0.2812,0.390,0.727
1991,reaquisicao,TRACKING,1,796,0,0,233,480,79,1,1,131,131,0,-0.2688,0.405,0.722
1992,reaquisicao,TRACKING,1,794,0,0,229,483,79,1,1,131,131,0,-0.2562,0.420,0.718
1993,reaquisicao,TRACKING,1,826,0,0,253,493,78,1,0,131,131,0,-0.2438,0.435,0.715
1994,reaquisicao,TRACKING,1,835,0,0,235,513,82,1,0,131,131,0,-0.2313,0.449,0.711
1995,reaquisicao,TRACKING,1,830,0,0,240,504,82,1,0,131,131,0,-0.2188,0.464,0.707
1996,reaquisicao,TRACKING,1,802,0,0,227,495,77,1,1,131,131,0,-0.2062,0.478,0.703
1997,reaquisicao,TRACKING,1,790,0,0,223,486,78,1,1,131,131,0,-0.1937,0.493,0.700
1998,reaquisicao,TRACKING,1,864,0,0,250,528,81,1,1,131,131,0,-0.1813,0.507,0.696
1999,reaquisicao,TRACKING,1,825,0,0,240,481,103,1,0,131,131,0,-0.1688,0.522,0.693
2000,borda,TRACKING,1,917,0,75,255,505,79,1,1,131,131,1,-0.1562,-1.000,-0.467
2001,borda,TRACKING,1,870,0,70,239,480,78,1,1,131,131,1,-0.1437,-1.000,-0.467
2002,borda,TRACKING,1,861,0,68,226,486,78,1,1,131,131,1,-0.1312,-1.000,-0.467
2003,borda,TRACKING,1,858,0,70,229,478,79,1,1,131,131,1,-0.1187,-1.000,-0.467
2004,borda,TRACKING,1,864,0,68,225,487,78,2,1,131,131,1,-0.1063,-1.000,-0.467
2005,borda,TRACKING,1,864,0,72,231,478,80,1,1,131,131,1,-0.0938,-1.000,-0.467
2006,borda,TRACKING,1,876,0,68,229,497,78,2,1,131,131,1,-0.0812,-1.000,-0.467
2007,borda,TRACKING,1,891,0,69,232,507,79,1,1,131,131,1,-0.0688,-1.000,-0.467
2008,borda,TRACKING,1,914,0,105,227,501,79,1,1,131,131,1,-0.0500,-1.000,-0.467
2009,borda,TRACKING,1,874,0,68,229,480,93,2,0,131,131,1,-0.0375,-1.000,-0.467
2010,borda,TRACKING,1,902,0,72,245,499,82,2,1,131,131,1,-0.0250,-1.000,-0.467
2011,borda,TRACKING,1,866,0,71,229,480,81,3,1,131,131,1,-0.0125,-1.000,-0.467
2012,borda,TRACKING,1,901,0,69,229,494,106,1,1,131,131,1,0.0000,-1.000,-0.467
2013,borda,TRACKING,1,925,0,68,275,498,80,2,1,131,131,1,0.0125,-1.000,-0.467
2014,borda,TRACKING,1,889,0,71,254,480,81,1,1,131,131,1,0.0250,-1.000,-0.467
2015,borda,TRACKING,1,862,0,67,227,486,78,1,0,131,131,1,0.0375,-1.000,-0.467
2016,borda,TRACKING,1,873,0,83,230,475,80,1,1,131,131,1,0.0500,-1.000,-0.467
2017,borda,TRACKING,1,879,0,71,229,497,78,2,1,131,131,1,0.0625,-1.000,-0.467
2018,borda,TRACKING,1,880,0,68,241,486,80,2,1,131,131,1,0.0750,-1.000,-0.467
2019,borda,TRACKING,1,982,0,69,266,520,122,2,1,131,131,1,0.0875,-1.000,-0.467
2020,borda,TRACKING,1,926,0,71,281,491,80,1,1,131,131,1,0.1000,-1.000,-0.467
2021,borda,TRACKING,1,903,0,73,260,480,84,1,1,131,131,1,0.1125,-1.000,-0.467
2022,borda,TRACKING,1,930,0,73,271,499,81,1,1,131,131,1,0.1250,-1.000,-0.467
2023,borda,TRACKING,1,893,0,70,243,495,79,1,0,131,131,1,0.1375,-1.000,-0.467
2024,borda,TRACKING,1,916,0,70,248,512,84,2,0,131,131,1,0.1500,-1.000,-0.467
2025,borda,TRACKING,1,905,0,69,263,491,79,1,1,131,131,1,0.1625,-1.000,-0.467
2026,borda,TRACKING,1,869,0,73,235,479,78,1,0,131,131,1,0.1750,-1.000,-0.467
2027,borda,TRACKING,1,877,0,69,227,500,79,1,1,131,131,1,0.1875,-1.000,-0.467
2028,borda,TRACKING,1,890,0,69,248,482,85,4,0,131,131,1,0.2000,-1.000,-0.467
2029,borda,TRACKING,1,880,0,71,241,486,79,1,1,131,131,1,0.2062,-1.000,-0.467
2030,borda,TRACKING,1,866,0,69,230,483,81,0,0,131,131,1,0.2188,-1.000,-0.467
2031,borda,TRACKING,1,976,0,99,259,533,80,3,1,131,131,1,0.2313,-1.000,-0.467
2032,borda,TRACKING,1,906,0,71,242,505,80,3,1,131,131,1,0.2438,-1.000,-0.467
2033,borda,TRACKING,1,864,0,72,232,480,78,1,1,131,131,1,0.2562,-1.000,-0.467
2034,borda,TRACKING,1,877,0,68,230,494,82,1,0,131,131,1,0.2688,-1.000,-0.467
2035,borda,TRACKING,1,904,0,76,250,490,82,1,1,131,131,1,0.2812,-1.000,-0.467
2036,borda,TRACKING,1,929,0,69,249,516,90,1,1,131,131,1,0.2937,-1.000,-0.467
2037,borda,TRACKING,1,961,0,70,302,503,79,1,2,131,131,1,0.3063,-1.000,-0.467
2038,borda,TRACKING,1,883,0,78,239,481,79,2,1,131,131,1,0.3187,-1.000,-0.467
2039,borda,TRACKING,1,871,0,69,232,488,80,1,1,131,131,1,0.3313,-1.000,-0.467
2040,borda,TRACKING,1,865,0,71,227,480,83,1,0,131,131,1,0.3438,-1.000,-0.467
2041,borda,TRACKING,1,882,0,70,244,484,78,3,1,131,131,1,0.3562,-1.000,-0.467
2042,borda,TRACKING,1,878,0,68,232,483,92,1,1,131,131,1,0.3688,-1.000,-0.467
2043,borda,TRACKING,1,917,0,73,278,483,80,1,1,131,131,1,0.3812,-1.000,-0.467
2044,borda,TRACKING,1,899,0,70,243,503,80,1,0,131,131,1,0.3938,-1.000,-0.467
2045,borda,TRACKING,1,877,0,69,245,481,79,1,1,131,131,1,0.4062,-1.000,-0.467
2046,borda,TRACKING,1,877,0,70,236,484,84,1,0,131,131,1,0.4187,-1.000,-0.467
2047,borda,TRACKING,1,869,0,80,226,480,78,2,0,131,131,1,0.4313,-1.000,-0.467
2048,borda,TRACKING,1,863,0,68,230,483,79,1,1,131,131,1,0.4437,-1.000,-0.467
2049,borda,TRACKING,1,899,0,71,227,514,84,1,0,131,131,1,0.4563,-1.000,-0.467
2050,borda,TRACKING,1,932,0,82,264,499,82,1,1,131,131,1,0.4688,-1.000,-0.467
2051,borda,TRACKING,1,898,0,70,255,489,79,1,0,131,131,1,0.4812,-1.000,-0.467
2052,borda,TRACKING,1,888,0,71,239,494,79,1,1,131,131,1,0.4938,-1.000,-0.467
2053,borda,TRACKING,1,871,0,71,238,480,78,2,1,131,131,1,0.5063,-1.000,-0.467
2054,borda,TRACKING,1,957,0,72,293,506,80,1,1,131,131,1,0.5188,-1.000,-0.467
2055,borda,TRACKING,1,878,0,70,241,482,80,1,1,131,131,1,0.5312,-1.000,-0.467
2056,borda,TRACKING,1,884,0,72,228,502,79,2,0,131,131,1,0.5437,-1.000,-0.467
2057,borda,TRACKING,1,863,0,74,229,480,78,1,1,131,131,1,0.5562,-1.000,-0.467
2058,borda,TRACKING,1,899,0,68,229,496,99,3,2,131,131,1,0.5750,-1.000,-0.467
2059,borda,TRACKING,1,867,0,68,230,481,82,1,0,131,131,1,0.5875,-1.000,-0.467
2060,borda,TRACKING,1,904,0,71,223,494,81,32,1,131,131,1,0.6000,-1.000,-0.467
2061,borda,TRACKING,1,895,0,69,222,517,82,1,2,131,131,1,0.6125,-1.000,-0.467
2062,borda,TRACKING,1,879,0,68,234,495,79,1,1,131,131,1,0.6250,-1.000,-0.467
2063,borda,TRACKING,1,891,0,71,232,488,96,2,1,131,131,1,0.6375,-1.000,-0.467
2064,borda,TRACKING,1,860,0,72,237,469,78,1,1,129,131,1,0.6500,-1.000,-0.467
2065,borda,TRACKING,1,884,0,72,229,501,78,1,1,127,131,1,0.6625,-1.000,-0.467
2066,borda,TRACKING,1,873,0,72,218,502,74,2,2,125,131,1,0.6750,-1.000,-0.467
2067,borda,TRACKING,1,842,0,91,214,459,73,1,1,123,131,1,0.6875,-1.000,-0.467
2068,borda,TRACKING,1,815,0,73,226,441,71,1,0,121,131,1,0.7000,-1.000,-0.467
2069,borda,TRACKING,1,800,0,71,201,453,71,2,1,119,131,1,0.7125,-1.000,-0.467
2070,borda,TRACKING,1,783,0,69,205,436,70,2,0,117,131,1,0.7250,-1.000,-0.467
2071,borda,TRACKING,1,773,0,69,196,436,69,1,1,115,131,1,0.7375,-1.000,-0.467
2072,borda,TRACKING,1,751,0,68,198,412,69,1,1,113,131,1,0.7500,-1.000,-0.467
2073,borda,TRACKING,1,834,0,70,216,466,76,1,3,111,131,1,0.7625,-1.000,-0.467
2074,borda,TRACKING,1,839,0,70,210,482,68,2,0,109,131,1,0.7750,-1.000,-0.467
2075,borda,TRACKING,1,771,0,69,223,408,65,1,1,107,131,1,0.7875,-1.000,-0.467
2076,borda,TRACKING,1,764,0,74,195,424,66,2,1,105,131,1,0.8000,-1.000,-0.467
2077,borda,TRACKING,1,739,0,71,195,401,63,2,1,103,131,1,0.8125,-1.000,-0.467
2078,borda,TRACKING,1,843,0,80,227,464,65,3,1,101,131,1,0.8250,-1.000,-0.467
2079,borda,TRACKING,1,738,0,70,207,393,61,2,1,99,131,1,0.8375,-1.000,-0.467
2080,borda,TRACKING,1,752,0,73,208,400,62,4,1,97,131,1,0.8500,-1.000,-0.467
2081,borda,TRACKING,1,710,0,80,181,381,60,5,1,95,131,1,0.8625,-1.000,-0.467
2082,borda,TRACKING,1,712,0,71,179,395,60,4,1,93,131,1,0.8750,-1.000,-0.467
2083,borda,TRACKING,1,662,0,72,174,355,56,2,1,91,131,1,0.8750,-1.000,-0.467
2084,borda,TRACKING,1,834,0,76,185,509,59,1,1,94,131,1,0.8625,-1.000,-0.467
2085,borda,TRACKING,1,730,0,71,220,361,74,1,1,97,131,1,0.8500,-1.000,-0.467
2086,borda,TRACKING,1,702,0,70,186,378,63,2,2,100,131,1,0.8250,-1.000,-0.467
2087,borda,TRACKING,1,733,0,72,195,398,63,2,0,103,131,1,0.8000,-1.000,-0.467
2088,borda,TRACKING,1,741,0,72,192,409,64,1,0,106,131,1,0.7688,-1.000,-0.467
2089,borda,TRACKING,1,761,0,81,198,413,65,1,1,109,131,1,0.7437,-1.000,-0.467
2090,borda,TRACKING,1,746,0,70,197,404,70,1,0,112,131,1,0.7125,-1.000,-0.467
2091,borda,TRACKING,1,801,0,70,202,426,99,1,1,115,131,1,0.6812,-1.000,-0.467
2092,borda,TRACKING,1,826,0,70,202,478,70,2,0,118,131,1,0.6500,-1.000,-0.467
2093,borda,TRACKING,1,819,0,72,228,444,72,1,1,121,131,1,0.6187,-1.000,-0.467
2094,borda,TRACKING,1,823,0,69,215,460,74,1,3,124,131,1,0.5938,-1.000,-0.467
2095,borda,TRACKING,1,851,0,69,220,484,75,2,0,127,131,1,0.5625,-1.000,-0.467
2096,borda,TRACKING,1,856,0,70,227,474,81,2,1,130,131,1,0.5375,-1.000,-0.467
2097,borda,TRACKING,1,864,0,68,229,484,78,1,0,131,131,1,0.5125,-1.000,-0.467
2098,borda,TRACKING,1,938,0,73,284,496,80,1,1,131,131,1,0.4875,-1.000,-0.467
2099,borda,TRACKING,1,868,0,70,237,480,78,1,0,131,131,1,0.4625,-1.000,-0.467
2100,borda,TRACKING,1,879,0,72,231,493,80,1,0,131,131,1,0.4437,-1.000,-0.467
2101,borda,TRACKING,1,875,0,70,242,480,80,1,1,131,131,1,0.4187,-1.000,-0.467
2102,borda,TRACKING,1,868,0,69,228,484,80,1,0,131,131,1,0.4000,-1.000,-0.467
2103,borda,TRACKING,1,869,0,72,232,480,79,3,1,131,131,1,0.3812,-1.000,-0.467
2104,borda,TRACKING,1,866,0,70,227,487,79,1,1,131,131,1,0.3625,-1.000,-0.467
2105,borda,TRACKING,1,886,0,70,222,508,81,2,1,131,131,1,0.3438,-1.000,-0.467
2106,borda,TRACKING,1,878,0,70,241,485,79,1,0,131,131,1,0.3250,-1.000,-0.467
2107,borda,TRACKING,1,862,0,68,227,479,85,1,1,131,131,1,0.3063,-1.000,-0.467
2108,borda,TRACKING,1,880,0,71,245,480,78,3,0,131,131,1,0.2875,-1.000,-0.467
2109,borda,TRACKING,1,912,0,71,253,499,84,1,1,131,131,1,0.2688,-1.000,-0.467
2110,borda,TRACKING,1,914,0,84,237,510,77,4,1,131,131,1,0.2500,-1.000,-0.467
2111,borda,TRACKING,1,897,0,69,258,485,82,1,1,131,131,1,0.2313,-1.000,-0.467
2112,borda,TRACKING,1,863,0,69,232,480,77,1,1,131,131,1,0.2125,-1.000,-0.467
2113,borda,TRACKING,1,859,0,68,225,486,78,0,1,131,131,1,0.1937,-1.000,-0.467
2114,borda,TRACKING,1,858,0,68,229,480,77,0,1,131,131,1,0.1750,-1.000,-0.467
2115,borda,TRACKING,1,861,0,67,225,484,81,0,0,131,131,1,0.1562,-1.000,-0.467
2116,borda,TRACKING,1,859,0,71,227,477,81,0,1,131,131,1,0.1375,-1.000,-0.467
2117,borda,TRACKING,1,860,0,71,224,485,77,1,1,131,131,1,0.1187,-1.000,-0.467
2118,borda,TRACKING,1,896,0,68,227,514,84,1,1,131,131,1,0.1000,-1.000,-0.467
2119,borda,TRACKING,1,869,0,73,224,489,80,2,0,131,131,1,0.0812,-1.000,-0.467
2120,borda,TRACKING,1,895,0,74,246,488,81,1,1,131,131,1,0.0625,-1.000,-0.467
2121,borda,TRACKING,1,874,0,68,240,484,79,1,1,131,131,1,0.0437,-1.000,-0.467
2122,borda,TRACKING,1,874,0,69,225,497,81,1,0,131,131,1,0.0312,-1.000,-0.467
2123,borda,TRACKING,1,900,0,69,237,510,80,1,1,131,131,1,0.0125,-1.000,-0.467
2124,borda,TRACKING,1,885,0,68,245,488,81,2,1,131,131,1,-0.0063,-1.000,-0.467
2125,borda,TRACKING,1,877,0,70,245,480,78,2,1,131,131,1,-0.0250,-1.000,-0.467
2126,borda,TRACKING,1,903,0,72,247,502,79,1,1,131,131,1,-0.0437,-1.000,-0.467
2127,borda,TRACKING,1,867,0,73,232,480,77,2,1,131,131,1,-0.0625,-1.000,-0.467
2128,borda,TRACKING,1,876,0,70,236,486,78,2,2,131,131,1,-0.0812,-1.000,-0.467
2129,borda,TRACKING,1,868,0,73,230,480,82,1,1,131,131,1,-0.1000,-1.000,-0.467
2130,borda,TRACKING,1,971,0,71,279,534,83,2,1,131,131,1,-0.1187,-1.000,-0.467
2131,borda,TRACKING,1,908,0,73,252,498,81,1,1,131,131,1,-0.1375,-1.000,-0.467
2132,borda,TRACKING,1,872,0,69,244,478,79,1,0,131,131,1,-0.1562,-1.000,-0.467
2133,borda,TRACKING,1,865,0,68,227,488,80,1,0,131,131,1,-0.1750,-1.000,-0.467
2134,borda,TRACKING,1,877,0,69,243,480,78,3,1,131,131,1,-0.1937,-1.000,-0.467
2135,borda,TRACKING,1,877,0,68,228,497,78,2,1,131,131,1,-0.2125,-1.000,-0.467
2136,borda,TRACKING,1,950,0,74,246,542,83,2,1,131,131,1,-0.2313,-1.000,-0.467
2137,borda,TRACKING,1,922,0,72,281,484,81,1,1,131,131,1,-0.2500,-1.000,-0.467
2138,borda,TRACKING,1,894,0,70,244,497,79,1,1,131,131,1,-0.2688,-1.000,-0.467
2139,borda,TRACKING,1,868,0,68,231,481,79,1,3,131,131,1,-0.2875,-1.000,-0.467
2140,borda,TRACKING,1,888,0,70,248,488,78,1,1,131,131,1,-0.3063,-1.000,-0.467
2141,borda,TRACKING,1,861,0,68,225,485,80,1,1,131,131,1,-0.3250,-1.000,-0.467
2142,borda,TRACKING,1,920,0,77,269,484,81,1,2,131,131,1,-0.3438,-1.000,-0.467
2143,borda,TRACKING,1,887,0,69,239,496,78,3,1,131,131,1,-0.3688,-1.000,-0.467
2144,borda,TRACKING,1,865,0,73,233,478,78,1,1,131,131,1,-0.3875,-1.000,-0.467
2145,borda,TRACKING,1,887,0,70,235,499,79,2,1,131,131,1,-0.4062,-1.000,-0.467
2146,borda,TRACKING,1,871,0,80,229,480,79,1,1,131,131,1,-0.4250,-1.000,-0.467
2147,borda,TRACKING,1,880,0,69,230,497,81,1,1,131,131,1,-0.4437,-1.000,-0.467
2148,borda,TRACKING,1,900,0,68,226,514,87,2,1,131,131,1,-0.4625,-1.000,-0.467
2149,borda,TRACKING,1,888,0,75,238,493,79,2,0,131,131,1,-0.4812,-1.000,-0.467
2150,borda,TRACKING,1,880,0,69,229,485,94,1,1,131,131,1,-0.5000,-1.000,-0.467
2151,borda,TRACKING,1,881,0,68,253,479,78,1,1,131,131,1,-0.5188,-1.000,-0.467
2152,borda,TRACKING,1,880,0,69,230,498,78,1,1,131,131,1,-0.5375,-1.000,-0.467
2153,borda,TRACKING,1,944,0,74,253,529,81,1,2,131,131,1,-0.5562,-1.000,-0.467
2154,borda,TRACKING,1,873,0,69,234,487,79,1,1,131,131,1,-0.5750,-1.000,-0.467
2155,borda,TRACKING,1,858,0,69,225,479,81,1,1,131,131,1,-0.5938,-1.000,-0.467
2156,borda,TRACKING,1,874,0,69,221,500,80,1,1,131,131,1,-0.6125,-1.000,-0.467
2157,borda,TRACKING,1,888,0,70,238,494,83,0,1,131,131,1,-0.6313,-1.000,-0.467
2158,borda,TRACKING,1,880,0,69,236,491,80,1,1,131,131,1,-0.6500,-1.000,-0.467
2159,borda,TRACKING,1,873,0,68,228,495,78,1,1,131,131,1,-0.6687,-1.000,-0.467
2160,borda,TRACKING,1,907,0,71,248,501,83,1,1,129,131,1,-0.6875,-1.000,-0.467
2161,borda,TRACKING,1,886,0,69,245,491,77,2,0,126,131,1,-0.7063,-1.000,-0.467
2162,borda,TRACKING,1,828,0,84,216,450,76,1,0,123,131,1,-0.7250,-1.000,-0.467
2163,borda,TRACKING,1,795,0,70,209,441,72,1,1,120,131,1,-0.7375,-1.000,-0.467
2164,borda,TRACKING,1,828,0,72,237,441,72,1,2,117,131,1,-0.7563,-1.000,-0.467
2165,borda,TRACKING,1,755,0,68,198,418,68,0,1,114,131,1,-0.7750,-1.000,-0.467
2166,borda,TRACKING,1,766,0,69,201,427,67,1,1,111,131,1,-0.7937,-1.000,-0.467
2167,borda,TRACKING,1,766,0,73,186,437,66,1,0,108,131,1,-0.8125,-1.000,-0.467
2168,borda,TRACKING,1,722,0,69,180,406,63,2,0,105,131,1,-0.8313,-1.000,-0.467
2169,borda,TRACKING,1,719,0,84,181,388,63,1,1,102,131,1,-0.8500,-1.000,-0.467
2170,borda,TRACKING,1,672,0,71,169,367,59,3,1,99,131,1,-0.8687,-1.000,-0.467
2171,borda,TRACKING,1,649,0,69,166,354,57,1,0,96,131,1,-0.8875,-1.000,-0.467
2172,borda,TRACKING,1,652,0,71,165,358,55,1,1,93,131,1,-0.9062,-1.000,-0.467
2173,borda,TRACKING,1,640,0,69,163,348,58,1,1,92,131,1,-0.9125,-1.000,-0.467
2174,borda,TRACKING,1,678,0,69,163,383,58,1,3,94,131,1,-0.9062,-1.000,-0.467
2175,borda,TRACKING,1,653,0,70,175,347,58,1,1,96,131,1,-0.8938,-1.000,-0.467
2176,borda,TRACKING,1,725,0,71,183,406,60,1,1,98,131,1,-0.8750,-1.000,-0.467
2177,borda,TRACKING,1,708,0,72,175,393,65,1,1,100,131,1,-0.8500,-1.000,-0.467
2178,borda,TRACKING,1,701,0,71,178,388,60,1,0,102,131,1,-0.8313,-1.000,-0.467
2179,borda,TRACKING,1,689,0,68,178,378,61,1,1,104,131,1,-0.8062,-1.000,-0.467
2180,borda,TRACKING,1,716,0,70,180,399,64,1,1,106,131,1,-0.7812,-1.000,-0.467
2181,borda,TRACKING,1,733,0,74,188,402,65,1,1,108,131,1,-0.7563,-1.000,-0.467
2182,borda,TRACKING,1,766,0,69,192,431,69,1,1,110,131,1,-0.7312,-1.000,-0.467
2183,borda,TRACKING,1,740,0,68,196,403,69,1,1,112,131,1,-0.7063,-1.000,-0.467
2184,borda,TRACKING,1,756,0,68,196,417,68,1,1,114,131,1,-0.6875,-1.000,-0.467
2185,borda,TRACKING,1,776,0,69,200,431,72,1,1,116,131,1,-0.6687,-1.000,-0.467
2186,borda,TRACKING,1,812,0,73,201,464,72,1,1,118,131,1,-0.6438,-1.000,-0.467
2187,borda,TRACKING,1,824,0,91,203,456,71,1,1,120,131,1,-0.6250,-1.000,-0.467
2188,borda,TRACKING,1,827,0,73,224,452,73,2,0,122,131,1,-0.6125,-1.000,-0.467
2189,borda,TRACKING,1,838,0,69,215,476,76,1,0,124,131,1,-0.5938,-1.000,-0.467
2190,borda,TRACKING,1,850,0,74,226,473,74,1,1,126,131,1,-0.5813,-1.000,-0.467
2191,borda,TRACKING,1,823,0,69,215,461,75,2,0,128,131,1,-0.5625,-1.000,-0.467
2192,borda,TRACKING,1,875,0,70,226,498,78,2,0,130,131,1,-0.5500,-1.000,-0.467
2193,borda,TRACKING,1,900,0,91,226,500,80,1,1,131,131,1,-0.5375,-1.000,-0.467
2194,borda,TRACKING,1,855,0,75,221,478,78,1,1,131,131,1,-0.5250,-1.000,-0.467
2195,borda,TRACKING,1,860,0,69,223,486,79,1,0,131,131,1,-0.5125,-1.000,-0.467
2196,borda,TRACKING,1,866,0,69,232,481,81,1,1,131,131,1,-0.5000,-1.000,-0.467
2197,borda,TRACKING,1,873,0,69,225,499,78,1,0,131,131,1,-0.4875,-1.000,-0.467
2198,borda,TRACKING,1,856,0,72,221,480,81,1,1,131,131,1,-0.4750,-1.000,-0.467
2199,borda,TRACKING,1,899,0,73,252,490,80,2,1,131,131,1,-0.4625,-1.000,-0.467
2200,borda,TRACKING,1,884,0,71,227,497,84,3,0,131,131,1,-0.4500,-1.000,-0.467
2201,borda,TRACKING,1,873,0,69,227,493,78,4,1,131,131,1,-0.4375,-1.000,-0.467
2202,borda,TRACKING,1,864,0,69,223,489,80,1,0,131,131,1,-0.4250,-1.000,-0.467
2203,borda,TRACKING,1,855,0,68,229,477,78,2,1,131,131,1,-0.4125,-1.000,-0.467
2204,borda,TRACKING,1,878,0,70,228,494,81,1,1,131,131,1,-0.4000,-1.000,-0.467
2205,borda,TRACKING,1,893,0,72,233,505,79,1,1,131,131,1,-0.3875,-1.000,-0.467
2206,borda,TRACKING,1,911,0,68,254,504,81,2,0,131,131,1,-0.3750,-1.000,-0.467
2207,borda,TRACKING,1,873,0,70,241,479,79,1,0,131,131,1,-0.3625,-1.000,-0.467
2208,borda,TRACKING,1,874,0,69,229,493,78,2,0,131,131,1,-0.3500,-1.000,-0.467
2209,borda,TRACKING,1,869,0,70,232,480,83,1,1,131,131,1,-0.3375,-1.000,-0.467
2210,borda,TRACKING,1,881,0,74,232,489,81,1,1,131,131,1,-0.3250,-1.000,-0.467
2211,borda,TRACKING,1,909,0,70,232,509,79,1,16,131,131,1,-0.3187,-1.000,-0.467
2212,borda,TRACKING,1,865,0,70,231,483,78,1,1,131,131,1,-0.3063,-1.000,-0.467
2213,borda,TRACKING,1,867,0,68,229,481,85,1,1,131,131,1,-0.2937,-1.000,-0.467
2214,borda,TRACKING,1,871,0,70,241,479,78,1,1,131,131,1,-0.2812,-1.000,-0.467
2215,borda,TRACKING,1,865,0,70,226,488,78,1,1,131,131,1,-0.2688,-1.000,-0.467
2216,borda,TRACKING,1,884,0,70,249,481,78,3,1,131,131,1,-0.2562,-1.000,-0.467
2217,borda,TRACKING,1,880,0,70,231,497,79,1,1,131,131,1,-0.2438,-1.000,-0.467
2218,borda,TRACKING,1,898,0,71,233,510,81,1,0,131,131,1,-0.2313,-1.000,-0.467
2219,borda,TRACKING,1,890,0,89,228,485,81,3,0,131,131,1,-0.2188,-1.000,-0.467
2220,borda,TRACKING,1,866,0,78,224,480,79,1,1,131,131,1,-0.2062,-1.000,-0.467
2221,borda,TRACKING,1,898,0,73,244,497,80,1,1,131,131,1,-0.1937,-1.000,-0.467
2222,borda,TRACKING,1,873,0,71,226,480,92,2,1,131,131,1,-0.1813,-1.000,-0.467
2223,borda,TRACKING,1,875,0,68,229,495,81,0,1,131,131,1,-0.1688,-1.000,-0.467
2224,borda,TRACKING,1,885,0,71,223,510,78,1,1,131,131,1,-0.1562,-1.000,-0.467
2225,borda,TRACKING,1,869,0,69,234,483,78,2,1,131,131,1,-0.1437,-1.000,-0.467
2226,borda,TRACKING,1,864,0,71,222,486,82,1,1,131,131,1,-0.1312,-1.000,-0.467
2227,borda,TRACKING,1,865,0,69,234,478,82,1,1,131,131,1,-0.1187,-1.000,-0.467
2228,borda,TRACKING,1,877,0,72,225,498,79,1,1,131,131,1,-0.1063,-1.000,-0.467
2229,borda,TRACKING,1,871,0,70,239,480,78,2,1,131,131,1,-0.0938,-1.000,-0.467
2230,borda,TRACKING,1,880,0,70,227,497,82,2,1,131,131,1,-0.0812,-1.000,-0.467
2231,borda,TRACKING,1,895,0,72,233,507,79,1,1,131,131,1,-0.0688,-1.000,-0.467
2232,borda,TRACKING,1,895,0,75,243,491,81,1,1,131,131,1,-0.0500,-1.000,-0.467
2233,borda,TRACKING,1,869,0,69,239,480,78,1,1,131,131,1,-0.0375,-1.000,-0.467
2234,borda,TRACKING,1,875,0,70,224,500,78,1,1,131,131,1,-0.0250,-1.000,-0.467
2235,borda,TRACKING,1,878,0,73,242,482,78,1,1,131,131,1,-0.0125,-1.000,-0.467
2236,borda,TRACKING,1,879,0,72,236,488,80,1,1,131,131,1,0.0000,-1.000,-0.467
2237,borda,TRACKING,1,926,0,72,276,492,80,2,1,131,131,1,0.0125,-1.000,-0.467
2238,borda,TRACKING,1,887,0,72,252,479,81,1,1,131,131,1,0.0250,-1.000,-0.467
2239,borda,TRACKING,1,899,0,71,257,488,79,1,0,131,131,1,0.0375,-1.000,-0.467
2240,borda,TRACKING,1,889,0,69,248,481,85,1,1,131,131,1,0.0500,-1.000,-0.467
2241,borda,TRACKING,1,877,0,71,241,483,79,1,1,131,131,1,0.0625,-1.000,-0.467
2242,borda,TRACKING,1,865,0,68,226,484,81,2,1,131,131,1,0.0750,-1.000,-0.467
2243,borda,TRACKING,1,887,0,71,248,483,80,1,3,131,131,1,0.0875,-1.000,-0.467
2244,borda,TRACKING,1,881,0,68,230,500,80,1,1,131,131,1,0.1000,-1.000,-0.467
2245,borda,TRACKING,1,880,0,75,243,479,78,3,1,131,131,1,0.1125,-1.000,-0.467
2246,borda,TRACKING,1,881,0,69,227,500,80,2,1,131,131,1,0.1250,-1.000,-0.467
2247,borda,TRACKING,1,877,0,82,235,480,78,1,1,131,131,1,0.1375,-1.000,-0.467
2248,borda,TRACKING,1,872,0,69,229,494,78,2,0,131,131,1,0.1500,-1.000,-0.467
2249,borda,TRACKING,1,912,0,72,233,517,86,2,1,131,131,1,0.1625,-1.000,-0.467
2250,borda,TRACKING,1,898,0,70,261,482,79,1,1,131,131,1,0.1750,-1.000,-0.467
2251,borda,TRACKING,1,889,0,68,237,501,79,1,1,131,131,1,0.1875,-1.000,-0.467
2252,borda,TRACKING,1,899,0,74,255,484,79,1,1,131,131,1,0.2000,-1.000,-0.467
2253,borda,TRACKING,1,872,0,70,233,485,80,1,1,131,131,1,0.2062,-1.000,-0.467
2254,borda,TRACKING,1,950,0,75,242,542,86,1,1,131,131,1,0.2188,-1.000,-0.467
2255,borda,TRACKING,1,878,0,73,239,483,80,1,1,131,131,1,0.2313,-1.000,-0.467
2256,borda,TRACKING,1,859,0,69,225,484,78,1,1,131,131,1,0.2438,-1.000,-0.467
2257,borda,TRACKING,1,880,0,69,234,492,81,2,1,131,131,1,0.2562,-1.000,-0.467
2258,borda,TRACKING,1,899,0,68,245,497,85,1,1,131,131,1,0.2688,-1.000,-0.467
2259,borda,TRACKING,1,870,0,71,236,481,79,1,1,131,131,1,0.2812,-1.000,-0.467
2260,borda,TRACKING,1,869,0,70,228,486,81,3,0,131,131,1,0.2937,-1.000,-0.467
2261,borda,TRACKING,1,942,0,69,230,549,86,2,3,131,131,1,0.3063,-1.000,-0.467
2262,borda,TRACKING,1,895,0,77,245,489,79,3,1,131,131,1,0.3187,-1.000,-0.467
2263,borda,TRACKING,1,877,0,71,228,484,92,1,1,131,131,1,0.3313,-1.000,-0.467
2264,borda,TRACKING,1,868,0,69,231,484,81,1,1,131,131,1,0.3438,-1.000,-0.467
2265,borda,TRACKING,1,890,0,72,245,483,86,1,1,131,131,1,0.3562,-1.000,-0.467
2266,borda,TRACKING,1,1012,0,108,261,555,83,2,1,131,131,1,0.3688,-1.000,-0.467
2267,borda,TRACKING,1,903,0,71,261,486,79,1,1,131,131,1,0.3812,-1.000,-0.467
2268,borda,TRACKING,1,881,0,73,235,489,79,2,1,131,131,1,0.3938,-1.000,-0.467
2269,borda,TRACKING,1,865,0,71,232,480,78,1,1,131,131,1,0.4062,-1.000,-0.467
2270,borda,TRACKING,1,882,0,72,225,501,78,2,2,131,131,1,0.4187,-1.000,-0.467
2271,borda,TRACKING,1,873,0,68,232,483,85,2,1,131,131,1,0.4313,-1.000,-0.467
2272,borda,TRACKING,1,902,0,71,235,485,108,1,1,131,131,1,0.4437,-1.000,-0.467
2273,borda,TRACKING,1,909,0,69,231,514,92,1,1,131,131,1,0.4563,-1.000,-0.467
2274,borda,TRACKING,1,870,0,70,235,483,78,2,1,131,131,1,0.4688,-1.000,-0.467
2275,borda,TRACKING,1,868,0,69,229,485,81,2,1,131,131,1,0.4812,-1.000,-0.467
2276,borda,TRACKING,1,903,0,72,263,484,80,1,1,131,131,1,0.4938,-1.000,-0.467
2277,borda,TRACKING,1,878,0,70,228,500,78,1,0,131,131,1,0.5063,-1.000,-0.467
2278,borda,TRACKING,1,893,0,72,231,504,79,2,1,131,131,1,0.5188,-1.000,-0.467
2279,borda,TRACKING,1,903,0,68,260,488,81,3,0,131,131,1,0.5312,-1.000,-0.467
2280,borda,TRACKING,1,891,0,71,245,483,87,2,1,131,131,1,0.5437,-1.000,-0.467
2281,borda,TRACKING,1,914,0,71,269,484,84,3,1,131,131,1,0.5562,-1.000,-0.467
2282,borda,TRACKING,1,882,0,68,238,493,79,1,1,131,131,1,0.5750,-1.000,-0.467
2283,borda,TRACKING,1,868,0,82,223,479,78,2,1,131,131,1,0.5875,-1.000,-0.467
2284,borda,TRACKING,1,869,0,69,232,487,78,1,1,131,131,1,0.6000,-1.000,-0.467
2285,borda,TRACKING,1,897,0,71,227,513,83,1,1,131,131,1,0.6125,-1.000,-0.467
2286,borda,TRACKING,1,885,0,72,227,502,78,1,3,131,131,1,0.6250,-1.000,-0.467
2287,borda,TRACKING,1,908,0,73,247,487,96,2,1,131,131,1,0.6375,-1.000,-0.467
2288,borda,TRACKING,1,869,0,70,249,467,77,2,1,129,131,1,0.6500,-1.000,-0.467
2289,borda,TRACKING,1,857,0,69,219,487,75,4,0,127,131,1,0.6625,-1.000,-0.467
2290,borda,TRACKING,1,875,0,70,231,494,77,1,1,125,131,1,0.6750,-1.000,-0.467
2291,borda,TRACKING,1,856,0,69,235,473,75,1,0,123,131,1,0.6875,-1.000,-0.467
2292,borda,TRACKING,1,809,0,69,224,441,72,1,1,121,131,1,0.7000,-1.000,-0.467
2293,borda,TRACKING,1,798,0,68,202,451,74,1,1,119,131,1,0.7125,-1.000,-0.467
2294,borda,TRACKING,1,781,0,70,201,438,70,1,0,117,131,1,0.7250,-1.000,-0.467
2295,borda,TRACKING,1,772,0,69,196,434,69,1,1,115,131,1,0.7375,-1.000,-0.467
2296,borda,TRACKING,1,759,0,68,191,429,68,1,0,113,131,1,0.7500,-1.000,-0.467
2297,borda,TRACKING,1,757,0,69,193,424,68,1,1,111,131,1,0.7625,-1.000,-0.467
2298,borda,TRACKING,1,818,0,106,200,440,66,1,1,109,131,1,0.7750,-1.000,-0.467
2299,borda,TRACKING,1,729,0,69,194,399,64,1,1,107,131,1,0.7875,-1.000,-0.467
2300,borda,TRACKING,1,743,0,68,184,417,70,2,1,105,131,1,0.8000,-1.000,-0.467
2301,borda,TRACKING,1,745,0,73,203,399,66,1,1,103,131,1,0.8125,-1.000,-0.467
2302,borda,TRACKING,1,789,0,72,245,405,63,2,1,101,131,1,0.8250,-1.000,-0.467
2303,borda,TRACKING,1,710,0,74,178,382,69,2,0,99,131,1,0.8375,-1.000,-0.467
2304,borda,TRACKING,1,852,0,75,194,451,63,2,62,97,131,1,0.8500,-1.000,-0.467
2305,borda,TRACKING,1,748,0,110,190,381,61,1,1,95,131,1,0.8625,-1.000,-0.467
2306,borda,TRACKING,1,743,0,75,184,419,60,2,1,93,131,1,0.8750,-1.000,-0.467
2307,borda,TRACKING,1,690,0,72,184,362,56,12,1,91,131,1,0.8750,-1.000,-0.467
2308,borda,TRACKING,1,711,0,73,198,374,61,1,2,94,131,1,0.8625,-1.000,-0.467
2309,borda,TRACKING,1,829,0,79,273,410,61,1,1,97,131,1,0.8500,-1.000,-0.467
2310,borda,TRACKING,1,729,0,71,206,383,65,1,1,100,131,1,0.8250,-1.000,-0.467
2311,borda,TRACKING,1,753,0,70,192,420,65,1,0,103,131,1,0.8000,-1.000,-0.467
2312,borda,TRACKING,1,731,0,72,194,393,66,1,1,106,131,1,0.7688,-1.000,-0.467
2313,borda,TRACKING,1,744,0,69,191,416,65,1,1,109,131,1,0.7437,-1.000,-0.467
2314,borda,TRACKING,1,736,0,69,196,397,71,1,0,112,131,1,0.7125,-1.000,-0.467
2315,borda,TRACKING,1,778,0,69,200,435,69,1,1,115,131,1,0.6812,-1.000,-0.467
2316,borda,TRACKING,1,830,0,68,212,472,72,4,1,118,131,1,0.6500,-1.000,-0.467
2317,borda,TRACKING,1,835,0,71,231,445,86,2,0,121,131,1,0.6187,-1.000,-0.467
2318,borda,TRACKING,1,829,0,69,218,464,74,2,0,124,131,1,0.5938,-1.000,-0.467
2319,borda,TRACKING,1,856,0,72,219,481,80,2,1,127,131,1,0.5625,-1.000,-0.467
2320,borda,TRACKING,1,894,0,71,261,480,79,1,1,130,131,1,0.5375,-1.000,-0.467
2321,borda,TRACKING,1,880,0,71,227,500,79,1,0,131,131,1,0.5125,-1.000,-0.467
2322,borda,TRACKING,1,894,0,72,232,508,78,1,1,131,131,1,0.4875,-1.000,-0.467
2323,borda,TRACKING,1,892,0,68,254,487,78,1,1,131,131,1,0.4625,-1.000,-0.467
2324,borda,TRACKING,1,867,0,73,232,479,79,1,0,131,131,1,0.4437,-1.000,-0.467
2325,borda,TRACKING,1,881,0,72,229,497,77,3,0,131,131,1,0.4187,-1.000,-0.467
2326,borda,TRACKING,1,864,0,71,226,480,83,2,0,131,131,1,0.4000,-1.000,-0.467
2327,borda,TRACKING,1,887,0,71,235,495,82,1,1,131,131,1,0.3812,-1.000,-0.467
2328,borda,TRACKING,1,871,0,71,235,482,79,1,1,131,131,1,0.3625,-1.000,-0.467
2329,borda,TRACKING,1,900,0,69,232,484,111,1,2,131,131,1,0.3438,-1.000,-0.467
2330,borda,TRACKING,1,898,0,71,258,487,79,1,0,131,131,1,0.3250,-1.000,-0.467
2331,borda,TRACKING,1,896,0,76,253,481,80,1,0,131,131,1,0.3063,-1.000,-0.467
2332,borda,TRACKING,1,865,0,69,227,488,78,1,0,131,131,1,0.2875,-1.000,-0.467
2333,borda,TRACKING,1,876,0,69,243,481,78,1,1,131,131,1,0.2688,-1.000,-0.467
2334,borda,TRACKING,1,860,0,68,228,483,77,1,1,131,131,1,0.2500,-1.000,-0.467
2335,borda,TRACKING,1,899,0,72,234,508,79,2,1,131,131,1,0.2313,-1.000,-0.467
2336,borda,TRACKING,1,894,0,90,223,500,78,1,1,131,131,1,0.2125,-1.000,-0.467
2337,borda,TRACKING,1,858,0,74,222,480,79,1,1,131,131,1,0.1937,-1.000,-0.467
2338,borda,TRACKING,1,861,0,68,226,484,81,1,0,131,131,1,0.1750,-1.000,-0.467
2339,borda,TRACKING,1,860,0,74,225,479,78,3,0,131,131,1,0.1562,-1.000,-0.467
2340,borda,TRACKING,1,862,0,68,226,485,80,1,1,131,131,1,0.1375,-1.000,-0.467
2341,borda,TRACKING,1,856,0,68,225,480,78,2,1,131,131,1,0.1187,-1.000,-0.467
2342,borda,TRACKING,1,916,0,73,263,492,82,1,2,131,131,1,0.1000,-1.000,-0.467
2343,borda,TRACKING,1,889,0,70,245,487,83,1,1,131,131,1,0.0812,-1.000,-0.467
2344,borda,TRACKING,1,868,0,70,236,479,78,1,2,131,131,1,0.0625,-1.000,-0.467
2345,borda,TRACKING,1,880,0,71,236,489,80,1,1,131,131,1,0.0437,-1.000,-0.467
2346,borda,TRACKING,1,883,0,85,237,479,78,3,0,131,131,1,0.0312,-1.000,-0.467
2347,borda,TRACKING,1,877,0,69,230,496,78,1,0,131,131,1,0.0125,-1.000,-0.467
2348,borda,TRACKING,1,915,0,70,267,487,85,1,1,131,131,1,-0.0063,-1.000,-0.467
2349,borda,TRACKING,1,904,0,72,268,481,79,1,1,131,131,1,-0.0250,-1.000,-0.467
2350,borda,TRACKING,1,877,0,69,225,500,78,1,3,131,131,1,-0.0437,-1.000,-0.467
2351,borda,TRACKING,1,877,0,71,243,481,79,1,1,131,131,1,-0.0625,-1.000,-0.467
2352,borda,TRACKING,1,876,0,71,230,491,79,1,1,131,131,1,-0.0812,-1.000,-0.467
2353,borda,TRACKING,1,962,0,75,295,504,83,1,1,131,131,1,-0.1000,-1.000,-0.467
2354,borda,TRACKING,1,902,0,71,265,483,80,0,1,131,131,1,-0.1187,-1.000,-0.467
2355,borda,TRACKING,1,869,0,68,233,488,78,1,1,131,131,1,-0.1375,-1.000,-0.467
2356,borda,TRACKING,1,874,0,73,233,481,83,2,1,131,131,1,-0.1562,-1.000,-0.467
2357,borda,TRACKING,1,876,0,69,232,491,81,1,1,131,131,1,-0.1750,-1.000,-0.467
2358,borda,TRACKING,1,862,0,70,224,483,83,1,1,131,131,1,-0.1937,-1.000,-0.467
2359,borda,TRACKING,1,949,0,69,257,536,82,1,1,131,131,1,-0.2125,-1.000,-0.467
2360,borda,TRACKING,1,900,0,90,237,486,82,3,1,131,131,1,-0.2313,-1.000,-0.467
2361,borda,TRACKING,1,866,0,73,232,480,78,1,0,131,131,1,-0.2500,-1.000,-0.467
2362,borda,TRACKING,1,892,0,70,231,509,79,1,1,131,131,1,-0.2688,-1.000,-0.467
2363,borda,TRACKING,1,870,0,73,229,481,82,3,1,131,131,1,-0.2875,-1.000,-0.467
2364,borda,TRACKING,1,942,0,73,253,498,112,2,1,131,131,1,-0.3063,-1.000,-0.467
2365,borda,TRACKING,1,943,0,69,261,528,82,1,1,131,131,1,-0.3250,-1.000,-0.467
2366,borda,TRACKING,1,874,0,73,238,477,81,1,2,131,131,1,-0.3438,-1.000,-0.467
2367,borda,TRACKING,1,868,0,69,232,484,78,2,0,131,131,1,-0.3688,-1.000,-0.467
2368,borda,TRACKING,1,870,0,81,228,479,78,1,1,131,131,1,-0.3875,-1.000,-0.467
2369,borda,TRACKING,1,881,0,68,231,499,78,1,1,131,131,1,-0.4062,-1.000,-0.467
2370,borda,TRACKING,1,859,0,72,224,478,81,2,0,131,131,1,-0.4250,-1.000,-0.467
2371,borda,TRACKING,1,869,0,69,232,483,81,2,1,131,131,1,-0.4437,-1.000,-0.467
2372,borda,TRACKING,1,897,0,80,222,507,83,1,1,131,131,1,-0.4625,-1.000,-0.467
2373,borda,TRACKING,1,877,0,70,223,502,78,1,2,131,131,1,-0.4812,-1.000,-0.467
2374,borda,TRACKING,1,866,0,73,225,481,83,1,1,131,131,1,-0.5000,-1.000,-0.467
2375,borda,TRACKING,1,906,0,71,260,490,81,2,1,131,131,1,-0.5188,-1.000,-0.467
2376,borda,TRACKING,1,873,0,69,236,484,81,1,1,131,131,1,-0.5375,-1.000,-0.467
2377,borda,TRACKING,1,900,0,68,240,508,78,3,1,131,131,1,-0.5562,-1.000,-0.467
2378,borda,TRACKING,1,903,0,69,246,502,83,1,1,131,131,1,-0.5750,-1.000,-0.467
2379,borda,TRACKING,1,881,0,83,234,480,80,1,1,131,131,1,-0.5938,-1.000,-0.467
2380,borda,TRACKING,1,878,0,69,229,497,80,1,1,131,131,1,-0.6125,-1.000,-0.467
2381,borda,TRACKING,1,865,0,69,230,481,79,2,0,131,131,1,-0.6313,-1.000,-0.467
2382,borda,TRACKING,1,880,0,73,226,499,79,1,1,131,131,1,-0.6500,-1.000,-0.467
2383,borda,TRACKING,1,864,0,68,230,481,79,1,4,131,131,1,-0.6687,-1.000,-0.467
2384,borda,TRACKING,1,852,0,69,228,474,77,1,1,129,131,1,-0.6875,-1.000,-0.467
2385,borda,TRACKING,1,872,0,71,213,503,79,1,3,126,131,1,-0.7063,-1.000,-0.467
2386,borda,TRACKING,1,836,0,74,217,466,75,2,0,123,131,1,-0.7250,-1.000,-0.467
2387,borda,TRACKING,1,781,0,69,206,432,71,1,0,120,131,1,-0.7375,-1.000,-0.467
2388,borda,TRACKING,1,800,0,70,204,450,69,4,1,117,131,1,-0.7563,-1.000,-0.467
2389,borda,TRACKING,1,755,0,71,196,415,68,3,1,114,131,1,-0.7750,-1.000,-0.467
2390,borda,TRACKING,1,769,0,68,192,439,67,1,1,111,131,1,-0.7937,-1.000,-0.467
2391,borda,TRACKING,1,761,0,80,187,427,64,1,0,108,131,1,-0.8125,-1.000,-0.467
2392,borda,TRACKING,1,737,0,68,203,400,63,2,0,105,131,1,-0.8313,-1.000,-0.467
2393,borda,TRACKING,1,713,0,71,175,402,61,1,1,102,131,1,-0.8500,-1.000,-0.467
2394,borda,TRACKING,1,677,0,74,171,368,60,2,1,99,131,1,-0.8687,-1.000,-0.467
2395,borda,TRACKING,1,644,0,71,163,346,58,1,1,96,131,1,-0.8875,-1.000,-0.467
2396,borda,TRACKING,1,656,0,69,163,361,60,1,1,93,131,1,-0.9062,-1.000,-0.467
2397,borda,TRACKING,1,653,0,85,161,348,55,2,0,92,131,1,-0.9125,-1.000,-0.467
2398,borda,TRACKING,1,702,0,72,180,368,77,1,1,94,131,1,-0.9062,-1.000,-0.467
2399,borda,TRACKING,1,664,0,69,171,362,58,1,1,96,131,1,-0.8938,-1.000,-0.467
2400,recalibracao,TRACKING,1,671,0,69,176,365,59,1,0,98,131,1,-0.8750,-1.000,-0.467
2401,recalibracao,TRACKING,1,699,0,69,191,374,62,1,0,100,131,1,-0.8500,-1.000,-0.467
2402,recalibracao,TRACKING,1,694,0,68,177,384,62,1,0,102,131,1,-0.8313,-1.000,-0.467
2403,recalibracao,TRACKING,1,696,0,68,182,382,62,1,1,104,131,1,-0.8062,-1.000,-0.467
2404,recalibracao,TRACKING,1,738,0,71,185,416,63,1,1,106,131,1,-0.7812,-1.000,-0.467
2405,recalibracao,TRACKING,1,771,0,68,212,418,68,1,1,108,131,1,-0.7563,-1.000,-0.467
2406,recalibracao,TRACKING,1,755,0,69,193,425,65,1,1,110,131,1,-0.7312,-1.000,-0.467
2407,recalibracao,TRACKING,1,737,0,73,190,402,68,1,1,112,131,1,-0.7063,-1.000,-0.467
2408,recalibracao,TRACKING,1,775,0,73,194,435,68,2,1,114,131,1,-0.6875,-1.000,-0.467
2409,recalibracao,TRACKING,1,801,0,75,215,433,71,4,1,116,131,1,-0.6687,-1.000,-0.467
2410,recalibracao,TRACKING,1,792,0,68,200,450,69,2,1,118,131,1,-0.6438,-1.000,-0.467
2411,recalibracao,TRACKING,1,831,0,69,224,464,71,1,1,120,131,1,-0.6250,-1.000,-0.467
2412,recalibracao,TRACKING,1,835,0,70,235,452,75,1,0,122,131,1,-0.6125,-1.000,-0.467
2413,recalibracao,TRACKING,1,826,0,71,217,461,73,1,1,124,131,1,-0.5938,-1.000,-0.467
2414,recalibracao,TRACKING,1,839,0,69,213,477,77,1,1,126,131,1,-0.5813,-1.000,-0.467
2415,recalibracao,TRACKING,1,835,0,69,231,455,76,1,0,128,131,1,-0.5625,-1.000,-0.467
2416,recalibracao,TRACKING,1,852,0,70,221,479,80,2,0,130,131,1,-0.5500,-1.000,-0.467
2417,recalibracao,TRACKING,1,873,0,70,244,479,77,2,0,131,131,1,-0.5375,-1.000,-0.467
2418,recalibracao,TRACKING,1,859,0,69,222,487,78,1,1,131,131,1,-0.5250,-1.000,-0.467
2419,recalibracao,TRACKING,1,907,0,68,233,525,79,1,1,131,131,1,-0.5125,-1.000,-0.467
2420,recalibracao,TRACKING,1,895,0,75,241,493,81,2,1,131,131,1,-0.5000,-1.000,-0.467
2421,recalibracao,TRACKING,1,880,0,73,245,481,78,1,1,131,131,1,-0.4875,-1.000,-0.467
2422,recalibracao,TRACKING,1,877,0,68,230,498,78,1,1,131,131,1,-0.4750,-1.000,-0.467
2423,recalibracao,TRACKING,1,870,0,84,223,480,77,3,1,131,131,1,-0.4625,-1.000,-0.467
2424,recalibracao,TRACKING,1,864,0,69,226,485,78,2,1,131,131,1,-0.4500,-1.000,-0.467
2425,recalibracao,TRACKING,1,896,0,68,231,510,84,2,1,131,131,1,-0.4375,-1.000,-0.467
2426,recalibracao,TRACKING,1,880,0,68,230,496,83,1,1,131,131,1,-0.4250,-1.000,-0.467
2427,recalibracao,TRACKING,1,869,0,70,223,493,78,2,1,131,131,1,-0.4125,-1.000,-0.467
2428,recalibracao,TRACKING,1,884,0,69,241,488,80,3,1,131,131,1,-0.4000,-1.000,-0.467
2429,recalibracao,TRACKING,1,875,0,69,225,497,79,1,1,131,131,1,-0.3875,-1.000,-0.467
2430,recalibracao,TRACKING,1,877,0,70,242,483,79,1,0,131,131,1,-0.3750,-1.000,-0.467
2431,recalibracao,TRACKING,1,929,0,72,282,490,81,1,1,131,131,1,-0.3625,-1.000,-0.467
2432,recalibracao,TRACKING,1,889,0,73,254,480,78,1,1,131,131,1,-0.3500,-1.000,-0.467
2433,recalibracao,TRACKING,1,868,0,69,226,485,82,2,1,131,131,1,-0.3375,-1.000,-0.467
2434,recalibracao,TRACKING,1,870,0,70,239,479,78,2,1,131,131,1,-0.3250,-1.000,-0.467
2435,recalibracao,TRACKING,1,876,0,69,227,498,78,2,1,131,131,1,-0.3187,-1.000,-0.467
2436,recalibracao,TRACKING,1,865,0,70,233,481,78,1,1,131,131,1,-0.3063,-1.000,-0.467
2437,recalibracao,TRACKING,1,884,0,74,231,495,81,1,1,131,131,1,-0.2937,-1.000,-0.467
2438,recalibracao,TRACKING,1,901,0,69,228,518,82,1,0,131,131,1,-0.2812,-1.000,-0.467
2439,recalibracao,TRACKING,1,867,0,69,234,481,79,1,1,131,131,1,-0.2688,-1.000,-0.467
2440,recalibracao,TRACKING,1,876,0,70,233,491,78,1,1,131,131,1,-0.2562,-1.000,-0.467
2441,recalibracao,TRACKING,1,889,0,80,242,478,82,2,2,131,131,1,-0.2438,-1.000,-0.467
2442,recalibracao,TRACKING,1,899,0,76,243,492,81,1,1,131,131,1,-0.2313,-1.000,-0.467
2443,recalibracao,TRACKING,1,903,0,71,234,512,80,1,1,131,131,1,-0.2188,-1.000,-0.467
2444,recalibracao,TRACKING,1,881,0,69,227,502,79,2,1,131,131,1,-0.2062,-1.000,-0.467
2445,recalibracao,TRACKING,1,864,0,69,227,481,83,2,0,131,131,1,-0.1937,-1.000,-0.467
2446,recalibracao,TRACKING,1,868,0,70,231,485,79,0,1,131,131,1,-0.1813,-1.000,-0.467
2447,recalibracao,TRACKING,1,865,0,71,226,481,83,1,1,131,131,1,-0.1688,-1.000,-0.467
2448,recalibracao,TRACKING,1,878,0,69,232,493,80,1,0,131,131,1,-0.1562,-1.000,-0.467
2449,recalibracao,TRACKING,1,871,0,69,224,493,82,1,1,131,131,1,-0.1437,-1.000,-0.467
2450,recalibracao,TRACKING,1,989,0,69,230,603,82,1,2,131,131,1,-0.1312,-1.000,-0.467
2451,recalibracao,TRACKING,1,912,0,70,267,491,79,2,1,131,131,1,-0.1187,-1.000,-0.467
2452,recalibracao,TRACKING,1,876,0,69,244,481,79,1,1,131,131,1,-0.1063,-1.000,-0.467
2453,recalibracao,TRACKING,1,901,0,77,235,503,80,3,1,131,131,1,-0.0938,-1.000,-0.467
2454,recalibracao,TRACKING,1,857,0,68,227,480,78,1,0,131,131,1,-0.0812,-1.000,-0.467
2455,recalibracao,TRACKING,1,868,0,70,230,486,78,2,1,131,131,1,-0.0688,-1.000,-0.467
2456,recalibracao,TRACKING,1,890,0,74,224,511,78,1,1,131,131,1,-0.0500,-1.000,-0.467
2457,recalibracao,TRACKING,1,874,0,73,226,493,78,1,0,131,131,1,-0.0375,-1.000,-0.467
2458,recalibracao,TRACKING,1,862,0,70,226,480,83,1,1,131,131,1,-0.0250,-1.000,-0.467
2459,recalibracao,TRACKING,1,866,0,68,227,483,83,2,1,131,131,1,-0.0125,-1.000,-0.467
2460,recalibracao,TRACKING,1,912,0,74,261,491,80,3,1,131,131,1,0.0000,-1.000,-0.467
2461,recalibracao,TRACKING,1,878,0,72,242,478,81,1,3,131,131,1,0.0125,-1.000,-0.467
2462,recalibracao,TRACKING,1,868,0,69,232,486,79,1,0,131,131,1,0.0250,-1.000,-0.467
2463,recalibracao,TRACKING,1,908,0,70,232,516,84,2,3,131,131,1,0.0375,-1.000,-0.467
2464,recalibracao,TRACKING,1,911,0,73,252,503,80,2,0,131,131,1,0.0500,-1.000,-0.467
2465,recalibracao,TRACKING,1,879,0,69,239,485,78,2,4,131,131,1,0.0625,-1.000,-0.467
2466,recalibracao,TRACKING,1,907,0,73,267,482,81,1,1,131,131,1,0.0750,-1.000,-0.467
2467,recalibracao,TRACKING,1,870,0,69,237,484,77,1,1,131,131,1,0.0875,-1.000,-0.467
2468,recalibracao,TRACKING,1,925,0,72,229,536,83,2,1,131,131,1,0.1000,-1.000,-0.467
2469,recalibracao,TRACKING,1,892,0,89,232,485,81,1,1,131,131,1,0.1125,-1.000,-0.467
2470,recalibracao,TRACKING,1,865,0,75,230,475,80,1,1,131,131,1,0.1250,-1.000,-0.467
2471,recalibracao,TRACKING,1,874,0,68,226,497,79,1,1,131,131,1,0.1375,-1.000,-0.467
2472,recalibracao,TRACKING,1,874,0,70,235,483,83,1,1,131,131,1,0.1500,-1.000,-0.467
2473,recalibracao,TRACKING,1,879,0,69,243,483,78,1,1,131,131,1,0.1625,-1.000,-0.467
2474,recalibracao,TRACKING,1,875,0,68,230,494,79,2,0,131,131,1,0.1750,-1.000,-0.467
2475,recalibracao,TRACKING,1,912,0,72,269,484,81,2,0,131,131,1,0.1875,-1.000,-0.467
2476,recalibracao,TRACKING,1,864,0,68,227,487,79,1,0,131,131,1,0.2000,-1.000,-0.467
2477,recalibracao,TRACKING,1,888,0,71,254,482,79,0,0,131,131,1,0.2062,-1.000,-0.467
2478,recalibracao,TRACKING,1,900,0,70,243,502,80,3,1,131,131,1,0.2188,-1.000,-0.467
2479,recalibracao,TRACKING,1,868,0,68,235,483,79,1,1,131,131,1,0.2313,-1.000,-0.467
2480,recalibracao,TRACKING,1,906,0,68,234,494,107,1,1,131,131,1,0.2438,-1.000,-0.467
2481,recalibracao,TRACKING,1,893,0,69,225,515,81,1,1,131,131,1,0.2562,-1.000,-0.467
2482,recalibracao,TRACKING,1,915,0,71,260,492,85,1,1,131,131,1,0.2688,-1.000,-0.467
2483,recalibracao,TRACKING,1,895,0,70,254,487,80,1,1,131,131,1,0.2812,-1.000,-0.467
2484,recalibracao,TRACKING,1,895,0,71,250,490,80,1,1,131,131,1,0.2937,-1.000,-0.467
2485,recalibracao,TRACKING,1,873,0,70,238,480,80,1,1,131,131,1,0.3063,-1.000,-0.467
2486,recalibracao,TRACKING,1,928,0,104,247,491,80,1,1,131,131,1,0.3187,-1.000,-0.467
2487,recalibracao,TRACKING,1,874,0,72,233,484,79,3,1,131,131,1,0.3313,-1.000,-0.467
2488,recalibracao,TRACKING,1,894,0,71,257,483,80,1,1,131,131,1,0.3438,-1.000,-0.467
2489,recalibracao,TRACKING,1,928,0,87,253,501,83,2,1,131,131,1,0.3562,-1.000,-0.467
2490,recalibracao,TRACKING,1,887,0,73,243,487,79,1,1,131,131,1,0.3688,-1.000,-0.467
2491,recalibracao,TRACKING,1,885,0,68,238,493,83,1,1,131,131,1,0.3812,-1.000,-0.467
2492,recalibracao,TRACKING,1,921,0,72,237,526,82,2,1,131,131,1,0.3938,-1.000,-0.467
2493,recalibracao,TRACKING,1,893,0,70,243,497,80,1,1,131,131,1,0.4062,-1.000,-0.467
2494,recalibracao,TRACKING,1,867,0,68,231,480,84,1,1,131,131,1,0.4187,-1.000,-0.467
2495,recalibracao,TRACKING,1,879,0,69,244,481,79,4,1,131,131,1,0.4313,-1.000,-0.467
2496,recalibracao,TRACKING,1,896,0,71,240,500,80,2,1,131,131,1,0.4437,-1.000,-0.467
2497,recalibracao,TRACKING,1,940,0,75,250,530,80,2,0,131,131,1,0.4563,-1.000,-0.467
2498,recalibracao,TRACKING,1,899,0,90,236,486,82,3,1,131,131,1,0.4688,-1.000,-0.467
2499,recalibracao,TRACKING,1,866,0,75,231,479,77,1,1,131,131,1,0.4812,-1.000,-0.467
2500,recalibracao,TRACKING,1,868,0,69,228,489,79,1,0,131,131,1,0.4938,-1.000,-0.467
2501,recalibracao,TRACKING,1,860,0,68,227,480,81,1,1,131,131,1,0.5063,-1.000,-0.467
2502,recalibracao,TRACKING,1,879,0,69,227,497,83,2,1,131,131,1,0.5188,-1.000,-0.467
2503,recalibracao,TRACKING,1,870,0,71,233,484,78,1,1,131,131,1,0.5312,-1.000,-0.467
2504,recalibracao,TRACKING,1,914,0,69,232,495,113,2,0,131,131,1,0.5437,-1.000,-0.467
2505,recalibracao,TRACKING,1,900,0,68,261,490,78,2,0,131,131,1,0.5562,-1.000,-0.467
2506,recalibracao,TRACKING,1,860,0,69,231,479,78,1,1,131,131,1,0.5750,-1.000,-0.467
2507,recalibracao,TRACKING,1,860,0,68,224,486,78,2,1,131,131,1,0.5875,-1.000,-0.467
2508,recalibracao,TRACKING,1,885,0,70,242,482,84,3,1,131,131,1,0.6000,-1.000,-0.467
2509,recalibracao,TRACKING,1,887,0,68,231,505,79,2,1,131,131,1,0.6125,-1.000,-0.467
2510,recalibracao,TRACKING,1,905,0,73,241,510,79,1,0,131,131,1,0.6250,-1.000,-0.467
2511,recalibracao,TRACKING,1,906,0,93,228,503,79,1,1,131,131,1,0.6375,-1.000,-0.467
2512,recalibracao,TRACKING,1,845,0,80,220,466,77,1,1,129,131,1,0.6500,-1.000,-0.467
2513,recalibracao,TRACKING,1,863,0,68,220,493,78,1,2,127,131,1,0.6625,-1.000,-0.467
2514,recalibracao,TRACKING,1,827,0,71,210,467,74,1,1,125,131,1,0.6750,-1.000,-0.467
2515,recalibracao,TRACKING,1,821,0,69,210,466,73,1,1,123,131,1,0.6875,-1.000,-0.467
2516,recalibracao,TRACKING,1,793,0,69,208,437,75,3,0,121,131,1,0.7000,-1.000,-0.467
2517,recalibracao,TRACKING,1,800,0,68,204,451,73,1,1,119,131,1,0.7125,-1.000,-0.467
2518,recalibracao,TRACKING,1,810,0,73,196,463,74,1,3,117,131,1,0.7250,-1.000,-0.467
2519,recalibracao,TRACKING,1,793,0,73,210,435,70,2,1,115,131,1,0.7375,-1.000,-0.467
2520,recalibracao,TRACKING,1,751,0,68,203,406,70,1,2,113,131,1,0.7500,-1.000,-0.467
2521,recalibracao,TRACKING,1,759,0,72,190,428,66,1,0,111,131,1,0.7625,-1.000,-0.467
2522,recalibracao,TRACKING,1,761,0,71,192,424,69,2,0,109,131,1,0.7750,-1.000,-0.467
2523,recalibracao,TRACKING,1,718,0,71,181,399,64,1,0,107,131,1,0.7875,-1.000,-0.467
2524,recalibracao,TRACKING,1,708,0,68,182,390,66,0,1,105,131,1,0.8000,-1.000,-0.467
2525,recalibracao,TRACKING,1,761,0,69,196,393,100,1,1,103,131,1,0.8125,-1.000,-0.467
2526,recalibracao,TRACKING,1,729,0,69,175,407,75,1,0,101,131,1,0.8250,-1.000,-0.467
2527,recalibracao,TRACKING,1,699,0,71,170,392,63,1,1,99,131,1,0.8375,-1.000,-0.467
2528,recalibracao,TRACKING,1,709,0,71,206,366,61,1,1,97,131,1,0.8500,-1.000,-0.467
2529,recalibracao,TRACKING,1,737,0,70,196,406,58,2,1,95,131,1,0.8625,-1.000,-0.467
2530,recalibracao,TRACKING,1,694,0,74,186,367,62,2,1,93,131,1,0.8750,-1.000,-0.467
2531,recalibracao,TRACKING,1,814,0,74,227,368,134,3,5,91,131,1,0.8750,-1.000,-0.467
2532,recalibracao,TRACKING,1,774,0,148,177,378,61,1,2,94,131,1,0.8625,-1.000,-0.467
2533,recalibracao,TRACKING,1,697,0,74,190,369,60,1,1,97,131,1,0.8500,-1.000,-0.467
2534,recalibracao,TRACKING,1,722,0,69,201,381,61,2,1,100,131,1,0.8250,-1.000,-0.467
2535,recalibracao,TRACKING,1,766,0,70,198,427,65,1,1,103,131,1,0.8000,-1.000,-0.467
2536,recalibracao,TRACKING,1,760,0,79,206,401,67,3,1,106,131,1,0.7688,-1.000,-0.467
2537,recalibracao,TRACKING,1,849,0,73,228,421,67,57,1,109,131,1,0.7437,-1.000,-0.467
2538,recalibracao,TRACKING,1,878,0,70,286,444,69,2,2,112,131,1,0.7125,-1.000,-0.467
2539,recalibracao,TRACKING,1,784,0,72,213,422,72,2,0,115,131,1,0.6812,-1.000,-0.467
2540,recalibracao,TRACKING,1,800,0,69,207,448,71,2,2,118,131,1,0.6500,-1.000,-0.467
2541,recalibracao,TRACKING,1,802,0,74,210,441,72,2,1,121,131,1,0.6187,-1.000,-0.467
2542,recalibracao,TRACKING,1,861,0,72,226,484,75,1,1,124,131,1,0.5938,-1.000,-0.467
2543,recalibracao,TRACKING,1,884,0,79,218,509,75,1,0,127,131,1,0.5625,-1.000,-0.467
2544,recalibracao,TRACKING,1,878,0,74,226,497,77,1,1,130,131,1,0.5375,-1.000,-0.467
2545,recalibracao,TRACKING,1,869,0,68,235,481,82,1,1,131,131,1,0.5125,-1.000,-0.467
2546,recalibracao,TRACKING,1,866,0,69,231,485,77,1,1,131,131,1,0.4875,-1.000,-0.467
2547,recalibracao,TRACKING,1,878,0,70,229,495,78,3,1,131,131,1,0.4625,-1.000,-0.467
2548,recalibracao,TRACKING,1,871,0,70,233,485,80,1,1,131,131,1,0.4437,-1.000,-0.467
2549,recalibracao,TRACKING,1,886,0,72,239,493,79,1,1,131,131,1,0.4187,-1.000,-0.467
2550,recalibracao,TRACKING,1,918,0,70,243,523,79,1,1,131,131,1,0.4000,-1.000,-0.467
2551,recalibracao,TRACKING,1,909,0,71,265,487,81,2,1,131,131,1,0.3812,-1.000,-0.467
2552,recalibracao,TRACKING,1,876,0,71,242,481,78,0,0,131,131,1,0.3625,-1.000,-0.467
2553,recalibracao,TRACKING,1,895,0,73,246,489,80,2,2,131,131,1,0.3438,-1.000,-0.467
2554,recalibracao,TRACKING,1,874,0,68,229,480,92,1,0,131,131,1,0.3250,-1.000,-0.467
2555,recalibracao,TRACKING,1,871,0,69,222,498,78,2,0,131,131,1,0.3063,-1.000,-0.467
2556,recalibracao,TRACKING,1,889,0,69,229,508,80,2,0,131,131,1,0.2875,-1.000,-0.467
2557,recalibracao,TRACKING,1,880,0,69,242,485,79,2,0,131,131,1,0.2688,-1.000,-0.467
2558,recalibracao,TRACKING,1,864,0,68,228,483,83,0,1,131,131,1,0.2500,-1.000,-0.467
2559,recalibracao,TRACKING,1,903,0,71,266,484,79,2,0,131,131,1,0.2313,-1.000,-0.467
2560,recalibracao,TRACKING,1,880,0,71,231,495,81,1,0,131,131,1,0.2125,-1.000,-0.467
2561,recalibracao,TRACKING,1,872,0,74,237,480,78,1,1,131,131,1,0.1937,-1.000,-0.467
2562,recalibracao,TRACKING,1,879,0,68,231,496,79,2,1,131,131,1,0.1750,-1.000,-0.467
2563,recalibracao,TRACKING,1,891,0,68,232,510,78,1,1,131,131,1,0.1562,-1.000,-0.467
2564,recalibracao,TRACKING,1,895,0,72,246,491,81,2,1,131,131,1,0.1375,-1.000,-0.467
2565,recalibracao,TRACKING,1,907,0,73,241,506,83,1,0,131,131,1,0.1187,-1.000,-0.467
2566,recalibracao,TRACKING,1,889,0,73,252,479,80,2,1,131,131,1,0.1000,-1.000,-0.467
2567,recalibracao,TRACKING,1,885,0,70,232,496,82,3,1,131,131,1,0.0812,-1.000,-0.467
2568,recalibracao,TRACKING,1,901,0,69,239,510,79,1,1,131,131,1,0.0625,-1.000,-0.467
2569,recalibracao,TRACKING,1,908,0,69,261,496,78,1,1,131,131,1,0.0437,-1.000,-0.467
2570,recalibracao,TRACKING,1,896,0,71,251,484,85,1,3,131,131,1,0.0312,-1.000,-0.467
2571,recalibracao,TRACKING,1,875,0,69,237,487,80,1,1,131,131,1,0.0125,-1.000,-0.467
2572,recalibracao,TRACKING,1,938,0,69,230,548,85,2,1,131,131,1,-0.0063,-1.000,-0.467
2573,recalibracao,TRACKING,1,878,0,72,240,483,79,2,0,131,131,1,-0.0250,-1.000,-0.467
2574,recalibracao,TRACKING,1,883,0,70,236,495,78,3,1,131,131,1,-0.0437,-1.000,-0.467
2575,recalibracao,TRACKING,1,891,0,73,247,483,83,2,0,131,131,1,-0.0625,-1.000,-0.467
2576,recalibracao,TRACKING,1,882,0,71,241,482,82,4,0,131,131,1,-0.0812,-1.000,-0.467
2577,recalibracao,TRACKING,1,875,0,69,229,484,90,1,1,131,131,1,-0.1000,-1.000,-0.467
2578,recalibracao,TRACKING,1,878,0,70,244,480,80,2,1,131,131,1,-0.1187,-1.000,-0.467
2579,recalibracao,TRACKING,1,876,0,70,225,499,78,2,0,131,131,1,-0.1375,-1.000,-0.467
2580,recalibracao,TRACKING,1,895,0,72,231,509,79,2,1,131,131,1,-0.1562,-1.000,-0.467
2581,recalibracao,TRACKING,1,942,0,100,256,501,82,1,1,131,131,1,-0.1750,-1.000,-0.467
2582,recalibracao,TRACKING,1,867,0,70,229,481,83,2,1,131,131,1,-0.1937,-1.000,-0.467
2583,recalibracao,TRACKING,1,876,0,69,227,496,82,1,1,131,131,1,-0.2125,-1.000,-0.467
2584,recalibracao,TRACKING,1,867,0,70,222,494,78,1,1,131,131,1,-0.2313,-1.000,-0.467
2585,recalibracao,TRACKING,1,877,0,68,232,495,77,2,0,131,131,1,-0.2500,-1.000,-0.467
2586,recalibracao,TRACKING,1,930,0,72,244,527,83,2,1,131,131,1,-0.2688,-1.000,-0.467
2587,recalibracao,TRACKING,1,869,0,70,239,478,78,2,1,131,131,1,-0.2875,-1.000,-0.467
2588,recalibracao,TRACKING,1,869,0,69,229,487,78,2,1,131,131,1,-0.3063,-1.000,-0.467
2589,recalibracao,TRACKING,1,875,0,74,239,481,78,1,0,131,131,1,-0.3250,-1.000,-0.467
2590,recalibracao,TRACKING,1,878,0,68,227,501,79,1,1,131,131,1,-0.3438,-1.000,-0.467
2591,recalibracao,TRACKING,1,865,0,68,237,480,78,0,0,131,131,1,-0.3688,-1.000,-0.467
2592,recalibracao,TRACKING,1,865,0,71,223,486,80,1,1,131,131,1,-0.3875,-1.000,-0.467
2593,recalibracao,TRACKING,1,887,0,71,225,507,79,1,0,131,131,1,-0.4062,-1.000,-0.467
2594,recalibracao,TRACKING,1,870,0,70,228,491,79,1,0,131,131,1,-0.4250,-1.000,-0.467
2595,recalibracao,TRACKING,1,884,0,68,241,483,84,2,1,131,131,1,-0.4437,-1.000,-0.467
2596,recalibracao,TRACKING,1,875,0,68,233,493,78,1,0,131,131,1,-0.4625,-1.000,-0.467
2597,recalibracao,TRACKING,1,903,0,74,240,497,86,2,0,131,131,1,-0.4812,-1.000,-0.467
2598,recalibracao,TRACKING,1,892,0,68,235,507,79,1,1,131,131,1,-0.5000,-1.000,-0.467
2599,recalibracao,TRACKING,1,888,0,70,245,489,79,1,1,131,131,1,-0.5188,-1.000,-0.467
2600,recalibracao,TRACKING,1,874,0,73,240,481,78,1,1,131,131,1,-0.5375,-1.000,-0.467
2601,recalibracao,TRACKING,1,866,0,68,229,487,79,1,0,131,131,1,-0.5562,-1.000,-0.467
2602,recalibracao,TRACKING,1,884,0,76,245,479,80,1,1,131,131,1,-0.5750,-1.000,-0.467
2603,recalibracao,TRACKING,1,865,0,69,228,485,80,1,1,131,131,1,-0.5938,-1.000,-0.467
2604,recalibracao,TRACKING,1,860,0,69,225,479,83,1,1,131,131,1,-0.6125,-1.000,-0.467
2605,recalibracao,TRACKING,1,868,0,69,231,483,82,1,0,131,131,1,-0.6313,-1.000,-0.467
2606,recalibracao,TRACKING,1,885,0,71,226,506,78,2,1,131,131,1,-0.6500,-1.000,-0.467
2607,recalibracao,TRACKING,1,874,0,68,226,500,77,1,1,131,131,1,-0.6687,-1.000,-0.467
2608,recalibracao,TRACKING,1,868,0,73,239,469,83,1,1,129,131,1,-0.6875,-1.000,-0.467
2609,recalibracao,TRACKING,1,848,0,69,223,477,76,1,1,126,131,1,-0.7063,-1.000,-0.467
2610,recalibracao,TRACKING,1,816,0,71,213,452,77,1,0,123,131,1,-0.7250,-1.000,-0.467
2611,recalibracao,TRACKING,1,790,0,71,202,441,73,1,1,120,131,1,-0.7375,-1.000,-0.467
2612,recalibracao,TRACKING,1,816,0,71,202,469,69,2,1,117,131,1,-0.7563,-1.000,-0.467
2613,recalibracao,TRACKING,1,779,0,70,196,439,68,3,1,114,131,1,-0.7750,-1.000,-0.467
2614,recalibracao,TRACKING,1,767,0,83,189,425,67,1,0,111,131,1,-0.7937,-1.000,-0.467
2615,recalibracao,TRACKING,1,731,0,69,184,411,64,1,1,108,131,1,-0.8125,-1.000,-0.467
2616,recalibracao,TRACKING,1,723,0,68,204,382,66,1,1,105,131,1,-0.8313,-1.000,-0.467
2617,recalibracao,TRACKING,1,700,0,68,176,388,61,3,1,102,131,1,-0.8500,-1.000,-0.467
2618,recalibracao,TRACKING,1,694,0,68,170,390,60,1,1,99,131,1,-0.8687,-1.000,-0.467
2619,recalibracao,TRACKING,1,647,0,73,166,347,59,1,1,96,131,1,-0.8875,-1.000,-0.467
2620,recalibracao,TRACKING,1,714,0,72,184,396,57,1,1,93,131,1,-0.9062,-1.000,-0.467
2621,recalibracao,TRACKING,1,664,0,69,171,360,57,1,1,92,131,1,-0.9125,-1.000,-0.467
2622,recalibracao,TRACKING,1,668,0,72,170,364,56,3,1,94,131,1,-0.9062,-1.000,-0.467
2623,recalibracao,TRACKING,1,641,0,68,166,347,57,1,1,96,131,1,-0.8938,-1.000,-0.467
2624,recalibracao,TRACKING,1,668,0,69,168,367,60,3,0,98,131,1,-0.8750,-1.000,-0.467
2625,recalibracao,TRACKING,1,702,0,68,199,371,61,2,0,100,131,1,-0.8500,-1.000,-0.467
2626,recalibracao,TRACKING,1,698,0,68,175,389,61,3,1,102,131,1,-0.8313,-1.000,-0.467
2627,recalibracao,TRACKING,1,698,0,68,181,381,62,2,0,104,131,1,-0.8062,-1.000,-0.467
2628,recalibracao,TRACKING,1,725,0,80,187,390,63,2,0,106,131,1,-0.7812,-1.000,-0.467
2629,recalibracao,TRACKING,1,733,0,69,184,410,65,1,1,108,131,1,-0.7563,-1.000,-0.467
2630,recalibracao,TRACKING,1,755,0,69,193,422,66,1,3,110,131,1,-0.7312,-1.000,-0.467
2631,recalibracao,TRACKING,1,758,0,70,194,425,67,1,1,112,131,1,-0.7063,-1.000,-0.467
2632,recalibracao,TRACKING,1,779,0,71,207,426,69,2,2,114,131,1,-0.6875,-1.000,-0.467
2633,recalibracao,TRACKING,1,776,0,71,205,428,69,1,0,116,131,1,-0.6687,-1.000,-0.467
2634,recalibracao,TRACKING,1,805,0,68,199,462,69,2,1,118,131,1,-0.6438,-1.000,-0.467
2635,recalibracao,TRACKING,1,793,0,68,220,431,70,2,1,120,131,1,-0.6250,-1.000,-0.467
2636,recalibracao,TRACKING,1,807,0,73,208,449,74,1,1,122,131,1,-0.6125,-1.000,-0.467
2637,recalibracao,TRACKING,1,859,0,68,215,476,96,1,1,124,131,1,-0.5938,-1.000,-0.467
2638,recalibracao,TRACKING,1,869,0,68,213,502,79,1,0,126,131,1,-0.5813,-1.000,-0.467
2639,recalibracao,TRACKING,1,827,0,69,221,459,75,1,0,128,131,1,-0.5625,-1.000,-0.467
2640,recalibracao,TRACKING,1,852,0,68,224,473,83,2,1,130,131,1,-0.5500,-1.000,-0.467
2641,recalibracao,TRACKING,1,860,0,69,227,483,78,1,1,131,131,1,-0.5375,-1.000,-0.467
2642,recalibracao,TRACKING,1,876,0,69,230,496,78,1,0,131,131,1,-0.5250,-1.000,-0.467
2643,recalibracao,TRACKING,1,929,0,72,241,498,114,1,1,131,131,1,-0.5125,-1.000,-0.467
2644,recalibracao,TRACKING,1,933,0,71,267,510,82,2,0,131,131,1,-0.5000,-1.000,-0.467
2645,recalibracao,TRACKING,1,889,0,87,240,479,79,1,0,131,131,1,-0.4875,-1.000,-0.467
2646,recalibracao,TRACKING,1,892,0,69,232,507,80,1,1,131,131,1,-0.4750,-1.000,-0.467
2647,recalibracao,TRACKING,1,863,0,68,231,480,78,2,0,131,131,1,-0.4625,-1.000,-0.467
2648,recalibracao,TRACKING,1,860,0,68,225,484,80,2,0,131,131,1,-0.4500,-1.000,-0.467
2649,recalibracao,TRACKING,1,865,0,73,228,480,80,1,1,131,131,1,-0.4375,-1.000,-0.467
2650,recalibracao,TRACKING,1,880,0,68,226,499,82,3,1,131,131,1,-0.4250,-1.000,-0.467
2651,recalibracao,TRACKING,1,898,0,71,228,514,83,1,1,131,131,1,-0.4125,-1.000,-0.467
2652,recalibracao,TRACKING,1,884,0,73,231,497,79,2,0,131,131,1,-0.4000,-1.000,-0.467
2653,recalibracao,TRACKING,1,863,0,68,225,485,82,1,1,131,131,1,-0.3875,-1.000,-0.467
2654,recalibracao,TRACKING,1,905,0,72,266,483,80,2,1,131,131,1,-0.3750,-1.000,-0.467
2655,recalibracao,TRACKING,1,884,0,70,235,495,81,2,1,131,131,1,-0.3625,-1.000,-0.467
2656,recalibracao,TRACKING,1,921,0,69,243,527,79,1,1,131,131,1,-0.3500,-1.000,-0.467
2657,recalibracao,TRACKING,1,923,0,71,267,504,78,1,1,131,131,1,-0.3375,-1.000,-0.467
2658,recalibracao,TRACKING,1,873,0,73,233,482,78,1,1,131,131,1,-0.3250,-1.000,-0.467
2659,recalibracao,TRACKING,1,877,0,69,229,495,81,1,0,131,131,1,-0.3187,-1.000,-0.467
2660,recalibracao,TRACKING,1,871,0,71,226,479,92,1,1,131,131,1,-0.3063,-1.000,-0.467
2661,recalibracao,TRACKING,1,875,0,69,243,483,78,1,1,131,131,1,-0.2937,-1.000,-0.467
2662,recalibracao,TRACKING,1,865,0,70,227,480,83,2,3,131,131,1,-0.2812,-1.000,-0.467
2663,recalibracao,TRACKING,1,905,0,67,237,494,102,1,1,131,131,1,-0.2688,-1.000,-0.467
2664,recalibracao,TRACKING,1,916,0,68,262,504,78,1,1,131,131,1,-0.2562,-1.000,-0.467
2665,recalibracao,TRACKING,1,903,0,72,260,484,82,1,2,131,131,1,-0.2438,-1.000,-0.467
2666,recalibracao,TRACKING,1,873,0,69,226,497,78,2,0,131,131,1,-0.2313,-1.000,-0.467
2667,recalibracao,TRACKING,1,871,0,74,235,480,78,1,1,131,131,1,-0.2188,-1.000,-0.467
2668,recalibracao,TRACKING,1,890,0,69,240,497,80,1,1,131,131,1,-0.2062,-1.000,-0.467
2669,recalibracao,TRACKING,1,910,0,71,235,518,82,1,1,131,131,1,-0.1937,-1.000,-0.467
2670,recalibracao,TRACKING,1,878,0,73,229,491,78,3,1,131,131,1,-0.1813,-1.000,-0.467
2671,recalibracao,TRACKING,1,867,0,69,222,492,79,2,0,131,131,1,-0.1688,-1.000,-0.467
2672,recalibracao,TRACKING,1,888,0,70,252,480,79,3,1,131,131,1,-0.1562,-1.000,-0.467
2673,recalibracao,TRACKING,1,870,0,69,229,488,77,4,0,131,131,1,-0.1437,-1.000,-0.467
2674,recalibracao,TRACKING,1,866,0,69,233,480,79,1,1,131,131,1,-0.1312,-1.000,-0.467
2675,recalibracao,TRACKING,1,860,0,70,224,485,78,1,1,131,131,1,-0.1187,-1.000,-0.467
2676,recalibracao,TRACKING,1,909,0,78,260,484,80,1,1,131,131,1,-0.1063,-1.000,-0.467
2677,recalibracao,TRACKING,1,893,0,71,244,489,83,1,1,131,131,1,-0.0938,-1.000,-0.467
2678,recalibracao,TRACKING,1,870,0,69,230,485,83,1,1,131,131,1,-0.0812,-1.000,-0.467
2679,recalibracao,TRACKING,1,874,0,70,241,482,79,1,1,131,131,1,-0.0688,-1.000,-0.467
2680,recalibracao,TRACKING,1,874,0,69,228,495,78,3,1,131,131,1,-0.0500,-1.000,-0.467
2681,recalibracao,TRACKING,1,895,0,70,237,506,78,1,1,131,131,1,-0.0375,-1.000,-0.467
2682,recalibracao,TRACKING,1,891,0,69,251,490,78,1,1,131,131,1,-0.0250,-1.000,-0.467
2683,recalibracao,TRACKING,1,864,0,74,229,479,79,1,1,131,131,1,-0.0125,-1.000,-0.467
2684,recalibracao,TRACKING,1,872,0,71,231,489,79,1,1,131,131,1,0.0000,-1.000,-0.467
2685,recalibracao,TRACKING,1,873,0,73,236,480,79,2,1,131,131,1,0.0125,-1.000,-0.467
2686,recalibracao,TRACKING,1,874,0,69,230,493,80,1,0,131,131,1,0.0250,-1.000,-0.467
2687,recalibracao,TRACKING,1,934,0,73,247,529,80,2,0,131,131,1,0.0375,-1.000,-0.467
2688,recalibracao,TRACKING,1,910,0,70,268,483,82,2,0,131,131,1,0.0500,-1.000,-0.467
2689,recalibracao,TRACKING,1,895,0,70,238,500,82,1,2,131,131,1,0.0625,-1.000,-0.467
2690,recalibracao,TRACKING,1,878,0,73,242,480,80,1,1,131,131,1,0.0750,-1.000,-0.467
2691,recalibracao,TRACKING,1,872,0,70,231,489,78,1,0,131,131,1,0.0875,-1.000,-0.467
2692,recalibracao,TRACKING,1,865,0,71,230,480,78,3,1,131,131,1,0.1000,-1.000,-0.467
2693,recalibracao,TRACKING,1,871,0,68,224,498,78,1,1,131,131,1,0.1125,-1.000,-0.467
2694,recalibracao,TRACKING,1,905,0,69,225,523,83,2,0,131,131,1,0.1250,-1.000,-0.467
2695,recalibracao,TRACKING,1,890,0,72,254,483,78,1,1,131,131,1,0.1375,-1.000,-0.467
2696,recalibracao,TRACKING,1,860,0,68,225,484,80,1,1,131,131,1,0.1500,-1.000,-0.467
2697,recalibracao,TRACKING,1,873,0,71,229,492,79,1,1,131,131,1,0.1625,-1.000,-0.467
2698,recalibracao,TRACKING,1,940,0,74,256,520,82,3,2,131,131,1,0.1750,-1.000,-0.467
2699,recalibracao,TRACKING,1,967,0,71,247,551,93,1,1,131,131,1,0.1875,-1.000,-0.467
2700,recalibracao,TRACKING,1,889,0,71,247,484,82,3,0,131,131,1,0.2000,-1.000,-0.467
2701,recalibracao,TRACKING,1,889,0,71,234,499,81,2,1,131,131,1,0.2062,-1.000,-0.467
2702,recalibracao,TRACKING,1,866,0,71,233,480,79,1,1,131,131,1,0.2188,-1.000,-0.467
2703,recalibracao,TRACKING,1,870,0,69,233,486,78,2,1,131,131,1,0.2313,-1.000,-0.467
2704,recalibracao,TRACKING,1,872,0,69,234,480,82,1,1,131,131,1,0.2438,-1.000,-0.467
2705,recalibracao,TRACKING,1,868,0,71,227,485,80,1,1,131,131,1,0.2562,-1.000,-0.467
2706,recalibracao,TRACKING,1,949,0,71,293,501,81,1,1,131,131,1,0.2688,-1.000,-0.467
2707,recalibracao,TRACKING,1,896,0,76,254,482,78,3,1,131,131,1,0.2812,-1.000,-0.467
2708,recalibracao,TRACKING,1,868,0,70,231,485,80,1,0,131,131,1,0.2937,-1.000,-0.467
2709,recalibracao,TRACKING,1,894,0,71,246,484,86,1,1,131,131,1,0.3063,-1.000,-0.467
2710,recalibracao,TRACKING,1,888,0,71,234,500,79,2,1,131,131,1,0.3187,-1.000,-0.467
2711,recalibracao,TRACKING,1,884,0,70,227,505,81,1,0,131,131,1,0.3313,-1.000,-0.467
2712,recalibracao,TRACKING,1,865,0,71,228,483,78,1,1,131,131,1,0.3438,-1.000,-0.467
2713,recalibracao,TRACKING,1,876,0,69,234,488,82,1,1,131,131,1,0.3562,-1.000,-0.467
2714,recalibracao,TRACKING,1,884,0,73,247,482,79,1,1,131,131,1,0.3688,-1.000,-0.467
2715,recalibracao,TRACKING,1,877,0,68,227,500,79,0,1,131,131,1,0.3812,-1.000,-0.467
2716,recalibracao,TRACKING,1,878,0,68,247,479,81,1,0,131,131,1,0.3938,-1.000,-0.467
2717,recalibracao,TRACKING,1,894,0,70,241,498,81,1,1,131,131,1,0.4062,-1.000,-0.467
2718,recalibracao,TRACKING,1,948,0,78,250,524,93,1,1,131,131,1,0.4187,-1.000,-0.467
2719,recalibracao,TRACKING,1,886,0,70,231,503,79,1,1,131,131,1,0.4313,-1.000,-0.467
2720,recalibracao,TRACKING,1,910,0,70,247,499,85,3,1,131,131,1,0.4437,-1.000,-0.467
2721,recalibracao,TRACKING,1,884,0,69,248,484,78,3,1,131,131,1,0.4563,-1.000,-0.467
2722,recalibracao,TRACKING,1,883,0,70,230,496,81,2,1,131,131,1,0.4688,-1.000,-0.467
2723,recalibracao,TRACKING,1,894,0,69,238,503,78,1,3,131,131,1,0.4812,-1.000,-0.467
2724,recalibracao,TRACKING,1,930,0,68,284,489,85,1,1,131,131,1,0.4938,-1.000,-0.467
2725,recalibracao,TRACKING,1,871,0,72,235,481,79,1,1,131,131,1,0.5063,-1.000,-0.467
2726,recalibracao,TRACKING,1,880,0,72,227,499,79,1,0,131,131,1,0.5188,-1.000,-0.467
2727,recalibracao,TRACKING,1,859,0,70,227,480,79,1,1,131,131,1,0.5312,-1.000,-0.467
2728,recalibracao,TRACKING,1,878,0,69,226,501,78,3,1,131,131,1,0.5437,-1.000,-0.467
2729,recalibracao,TRACKING,1,870,0,68,223,481,94,1,1,131,131,1,0.5562,-1.000,-0.467
2730,recalibracao,TRACKING,1,875,0,72,236,486,78,1,1,131,131,1,0.5750,-1.000,-0.467
2731,recalibracao,TRACKING,1,893,0,70,242,493,83,1,1,131,131,1,0.5875,-1.000,-0.467
2732,recalibracao,TRACKING,1,865,0,68,235,476,82,2,0,131,131,1,0.6000,-1.000,-0.467
2733,recalibracao,TRACKING,1,861,0,69,225,485,77,1,1,131,131,1,0.6125,-1.000,-0.467
2734,recalibracao,TRACKING,1,864,0,67,237,479,78,1,1,131,131,1,0.6250,-1.000,-0.467
2735,recalibracao,TRACKING,1,860,0,69,224,487,78,1,1,131,131,1,0.6375,-1.000,-0.467
2736,recalibracao,TRACKING,1,887,0,68,231,503,79,2,0,129,131,1,0.6500,-1.000,-0.467
2737,recalibracao,TRACKING,1,889,0,69,239,502,75,1,1,127,131,1,0.6625,-1.000,-0.467
2738,recalibracao,TRACKING,1,833,0,75,215,467,74,1,0,125,131,1,0.6750,-1.000,-0.467
2739,recalibracao,TRACKING,1,810,0,68,207,459,72,1,1,123,131,1,0.6875,-1.000,-0.467
2740,recalibracao,TRACKING,1,807,0,68,222,439,74,1,1,121,131,1,0.7000,-1.000,-0.467
2741,recalibracao,TRACKING,1,801,0,68,203,455,71,1,1,119,131,1,0.7125,-1.000,-0.467
2742,recalibracao,TRACKING,1,863,0,75,235,442,106,1,0,117,131,1,0.7250,-1.000,-0.467
2743,recalibracao,TRACKING,1,809,0,70,229,429,78,1,0,115,131,1,0.7375,-1.000,-0.467
2744,recalibracao,TRACKING,1,750,0,71,198,411,68,1,1,113,131,1,0.7500,-1.000,-0.467
2745,recalibracao,TRACKING,1,753,0,71,188,425,66,1,1,111,131,1,0.7625,-1.000,-0.467
2746,recalibracao,TRACKING,1,738,0,69,186,415,65,1,1,109,131,1,0.7750,-1.000,-0.467
2747,recalibracao,TRACKING,1,725,0,71,187,399,64,1,1,107,131,1,0.7875,-1.000,-0.467
2748,recalibracao,TRACKING,1,708,0,70,181,385,67,0,1,105,131,1,0.8000,-1.000,-0.467
2749,recalibracao,TRACKING,1,726,0,69,181,409,63,1,2,103,131,1,0.8125,-1.000,-0.467
2750,recalibracao,TRACKING,1,700,0,80,175,381,61,1,1,101,131,1,0.8250,-1.000,-0.467
2751,recalibracao,TRACKING,1,686,0,70,168,370,74,1,0,99,131,1,0.8375,-1.000,-0.467
2752,recalibracao,TRACKING,1,658,0,70,169,359,59,1,0,97,131,1,0.8500,-1.000,-0.467
2753,recalibracao,TRACKING,1,696,0,69,164,403,58,0,0,95,131,1,0.8625,-1.000,-0.467
2754,recalibracao,TRACKING,1,677,0,76,175,363,58,1,1,93,131,1,0.8750,-1.000,-0.467
2755,recalibracao,TRACKING,1,638,0,68,161,348,58,2,0,91,131,1,0.8750,-1.000,-0.467
2756,recalibracao,TRACKING,1,714,0,71,178,371,88,2,0,94,131,1,0.8625,-1.000,-0.467
2757,recalibracao,TRACKING,1,694,0,81,184,361,63,2,1,97,131,1,0.8500,-1.000,-0.467
2758,recalibracao,TRACKING,1,751,0,73,192,412,69,2,1,100,131,1,0.8250,-1.000,-0.467
2759,recalibracao,TRACKING,1,924,0,81,216,484,135,2,1,103,131,1,0.8000,-1.000,-0.467
2760,recalibracao,TRACKING,1,778,0,71,234,400,69,2,1,106,131,1,0.7688,-1.000,-0.467
2761,recalibracao,TRACKING,1,822,0,71,200,476,69,2,2,109,131,1,0.7437,-1.000,-0.467
2762,recalibracao,TRACKING,1,798,0,73,211,414,96,1,1,112,131,1,0.7125,-1.000,-0.467
2763,recalibracao,TRACKING,1,785,0,71,208,428,72,2,1,115,131,1,0.6812,-1.000,-0.467
2764,recalibracao,TRACKING,1,901,0,71,225,460,138,2,1,118,131,1,0.6500,-1.000,-0.467
2765,recalibracao,TRACKING,1,839,0,71,229,457,77,2,1,121,131,1,0.6187,-1.000,-0.467
2766,recalibracao,TRACKING,1,854,0,71,228,478,75,1,0,124,131,1,0.5938,-1.000,-0.467
2767,recalibracao,TRACKING,1,876,0,86,230,479,78,1,1,127,131,1,0.5625,-1.000,-0.467
2768,recalibracao,TRACKING,1,874,0,70,229,494,78,2,0,130,131,1,0.5375,-1.000,-0.467
2769,recalibracao,TRACKING,1,912,0,74,232,521,80,3,1,131,131,1,0.5125,-1.000,-0.467
2770,recalibracao,TRACKING,1,881,0,70,235,491,79,3,1,131,131,1,0.4875,-1.000,-0.467
2771,recalibracao,TRACKING,1,876,0,73,234,485,80,1,0,131,131,1,0.4625,-1.000,-0.467
2772,recalibracao,TRACKING,1,882,0,69,236,494,79,1,0,131,131,1,0.4437,-1.000,-0.467
2773,recalibracao,TRACKING,1,870,0,70,227,490,78,3,1,131,131,1,0.4187,-1.000,-0.467
2774,recalibracao,TRACKING,1,884,0,69,250,480,81,1,1,131,131,1,0.4000,-1.000,-0.467
2775,recalibracao,TRACKING,1,873,0,69,233,487,79,1,1,131,131,1,0.3812,-1.000,-0.467
2776,recalibracao,TRACKING,1,896,0,79,246,486,80,2,1,131,131,1,0.3625,-1.000,-0.467
2777,recalibracao,TRACKING,1,891,0,70,236,500,82,1,1,131,131,1,0.3438,-1.000,-0.467
2778,recalibracao,TRACKING,1,870,0,72,230,484,80,2,1,131,131,1,0.3250,-1.000,-0.467
2779,recalibracao,TRACKING,1,879,0,68,242,484,78,2,1,131,131,1,0.3063,-1.000,-0.467
2780,recalibracao,TRACKING,1,869,0,70,228,487,78,3,1,131,131,1,0.2875,-1.000,-0.467
2781,recalibracao,TRACKING,1,905,0,68,239,515,79,2,1,131,131,1,0.2688,-1.000,-0.467
2782,recalibracao,TRACKING,1,918,0,68,266,499,79,1,2,131,131,1,0.2500,-1.000,-0.467
2783,recalibracao,TRACKING,1,883,0,77,243,480,79,1,0,131,131,1,0.2313,-1.000,-0.467
2784,recalibracao,TRACKING,1,906,0,71,259,491,81,1,1,131,131,1,0.2125,-1.000,-0.467
2785,recalibracao,TRACKING,1,874,0,70,228,493,81,0,1,131,131,1,0.1937,-1.000,-0.467
2786,recalibracao,TRACKING,1,949,0,71,306,485,82,2,1,131,131,1,0.1750,-1.000,-0.467
2787,recalibracao,TRACKING,1,934,0,73,271,504,81,2,1,131,131,1,0.1562,-1.000,-0.467
2788,recalibracao,TRACKING,1,871,0,68,241,480,79,1,1,131,131,1,0.1375,-1.000,-0.467
2789,recalibracao,TRACKING,1,873,0,71,228,487,82,2,1,131,131,1,0.1187,-1.000,-0.467
2790,recalibracao,TRACKING,1,887,0,73,234,496,79,2,1,131,131,1,0.1000,-1.000,-0.467
2791,recalibracao,TRACKING,1,870,0,70,232,483,82,1,1,131,131,1,0.0812,-1.000,-0.467
2792,recalibracao,TRACKING,1,1037,0,68,231,491,213,2,31,131,131,1,0.0625,-1.000,-0.467
2793,recalibracao,TRACKING,1,939,0,74,250,528,81,2,1,131,131,1,0.0437,-1.000,-0.467
2794,recalibracao,TRACKING,1,886,0,72,232,500,79,1,1,131,131,1,0.0312,-1.000,-0.467
2795,recalibracao,TRACKING,1,870,0,73,232,479,82,1,1,131,131,1,0.0125,-1.000,-0.467
2796,recalibracao,TRACKING,1,890,0,68,241,497,79,2,1,131,131,1,-0.0063,-1.000,-0.467
2797,recalibracao,TRACKING,1,879,0,71,229,485,92,1,0,131,131,1,-0.0250,-1.000,-0.467
2798,recalibracao,TRACKING,1,950,0,77,247,539,82,3,1,131,131,1,-0.0437,-1.000,-0.467
2799,recalibracao,TRACKING,1,913,0,70,273,486,79,2,0,131,131,1,-0.0625,-1.000,-0.467
