frame,phase,state,detected,total_us,acquire_us,border_us,threshold_us,morphology_us,blobs_us,track_us,control_us,roi_w,roi_h,border,err,left,right
0,busca,SEARCHING,0,980,0,0,229,626,124,0,0,320,240,0,0.0000,0.480,-0.480
1,busca,SEARCHING,0,993,0,0,188,679,125,0,0,320,240,0,0.0000,0.480,-0.480
2,busca,SEARCHING,0,848,0,0,165,575,108,0,0,320,240,0,0.0000,0.480,-0.480
3,busca,SEARCHING,0,844,0,0,164,570,109,0,0,320,240,0,0.0000,0.480,-0.480
4,busca,SEARCHING,0,784,0,0,151,533,100,0,0,320,240,0,0.0000,0.480,-0.480
5,busca,SEARCHING,0,730,0,0,139,497,93,1,0,320,240,0,0.0000,0.480,-0.480
6,busca,SEARCHING,0,730,0,0,139,493,98,0,0,320,240,0,0.0000,0.480,-0.480
7,busca,SEARCHING,0,730,0,0,138,498,94,0,0,320,240,0,0.0000,0.480,-0.480
8,busca,SEARCHING,0,833,0,0,152,573,108,0,0,320,240,0,0.0000,0.480,-0.480
9,busca,SEARCHING,0,793,0,0,159,533,100,0,0,320,240,0,0.0000,0.480,-0.480
10,busca,SEARCHING,0,728,0,0,139,494,94,0,0,320,240,0,0.0000,0.480,-0.480
11,busca,SEARCHING,0,736,0,0,146,496,93,0,0,320,240,0,0.0000,0.480,-0.480
12,busca,SEARCHING,0,745,0,0,138,513,94,0,0,320,240,0,0.0000,0.480,-0.480
13,busca,SEARCHING,0,731,0,0,138,494,97,0,1,320,240,0,0.0000,0.480,-0.480
14,busca,SEARCHING,0,731,0,0,143,494,94,0,0,320,240,0,0.0000,0.480,-0.480
15,busca,SEARCHING,0,733,0,0,139,500,94,0,0,320,240,0,0.0000,0.480,-0.480
16,busca,SEARCHING,0,716,0,0,130,486,99,0,0,320,240,0,0.0000,0.480,-0.480
17,busca,SEARCHING,0,781,0,0,149,530,100,0,1,320,240,0,0.0000,0.480,-0.480
18,busca,SEARCHING,0,850,0,0,166,570,114,0,0,320,240,0,0.0000,0.480,-0.480
19,busca,SEARCHING,0,837,0,0,164,572,101,0,0,320,240,0,0.0000,0.480,-0.480
20,busca,SEARCHING,0,730,0,0,138,498,94,0,0,320,240,0,0.0000,0.480,-0.480
21,busca,SEARCHING,0,681,0,0,130,463,88,0,0,320,240,0,0.0000,0.480,-0.480
22,busca,SEARCHING,0,688,0,0,136,465,87,0,0,320,240,0,0.0000,0.480,-0.480
23,busca,SEARCHING,0,644,0,0,122,436,86,0,0,320,240,0,0.0000,0.480,-0.480
24,busca,SEARCHING,0,647,0,0,127,436,83,0,0,320,240,0,0.0000,0.480,-0.480
25,busca,SEARCHING,0,647,0,0,122,435,89,0,0,320,240,0,0.0000,0.480,-0.480
26,busca,SEARCHING,0,614,0,0,116,420,78,0,0,320,240,0,0.0000,0.480,-0.480
27,busca,SEARCHING,0,616,0,0,115,418,82,1,0,320,240,0,0.0000,0.480,-0.480
28,busca,SEARCHING,0,689,0,0,130,471,88,0,0,320,240,0,0.0000,0.480,-0.480
29,busca,SEARCHING,0,661,0,0,130,448,82,0,1,320,240,0,0.0000,0.480,-0.480
30,busca,SEARCHING,0,645,0,0,122,440,82,0,1,320,240,0,0.0000,0.480,-0.480
31,busca,SEARCHING,0,612,0,0,115,412,85,0,0,320,240,0,0.0000,0.480,-0.480
32,busca,SEARCHING,0,610,0,0,116,416,78,0,0,320,240,0,0.0000,0.480,-0.480
33,busca,SEARCHING,0,574,0,0,110,390,74,0,0,320,240,0,0.0000,0.480,-0.480
34,busca,SEARCHING,0,576,0,0,109,393,74,0,0,320,240,0,0.0000,0.480,-0.480
35,busca,SEARCHING,0,577,0,0,109,394,74,0,0,320,240,0,0.0000,0.480,-0.480
36,busca,SEARCHING,0,568,0,0,109,389,70,0,0,320,240,0,0.0000,0.480,-0.480
37,busca,SEARCHING,0,545,0,0,104,370,71,0,0,320,240,0,0.0000,0.480,-0.480
38,busca,SEARCHING,0,548,0,0,104,374,70,0,0,320,240,0,0.0000,0.480,-0.480
39,busca,SEARCHING,0,553,0,0,112,370,71,0,0,320,240,0,0.0000,0.480,-0.480
40,busca,SEARCHING,0,552,0,0,106,372,74,0,0,320,240,0,0.0000,0.480,-0.480
41,busca,SEARCHING,0,610,0,0,115,417,78,0,0,320,240,0,0.0000,0.480,-0.480
42,busca,SEARCHING,0,582,0,0,117,390,74,0,0,320,240,0,0.0000,0.480,-0.480
43,busca,SEARCHING,0,573,0,0,109,390,74,0,0,320,240,0,0.0000,0.480,-0.480
44,busca,SEARCHING,0,576,0,0,109,393,73,0,0,320,240,0,0.0000,0.480,-0.480
45,busca,SEARCHING,0,548,0,0,107,371,70,0,0,320,240,0,0.0000,0.480,-0.480
46,busca,SEARCHING,0,537,0,0,104,366,67,0,0,320,240,0,0.0000,0.480,-0.480
47,busca,SEARCHING,0,519,0,0,99,353,67,0,0,320,240,0,0.0000,0.480,-0.480
48,busca,SEARCHING,0,521,0,0,99,355,67,0,0,320,240,0,0.0000,0.480,-0.480
49,busca,SEARCHING,0,521,0,0,99,355,67,0,0,320,240,0,0.0000,0.480,-0.480
50,busca,SEARCHING,0,533,0,0,113,353,67,0,0,320,240,0,0.0000,0.480,-0.480
51,busca,SEARCHING,0,519,0,0,99,353,67,0,0,320,240,0,0.0000,0.480,-0.480
52,busca,SEARCHING,0,522,0,0,99,356,67,0,0,320,240,0,0.0000,0.480,-0.480
53,busca,SEARCHING,0,523,0,0,98,357,67,0,0,320,240,0,0.0000,0.480,-0.480
54,busca,SEARCHING,0,522,0,0,99,356,66,1,0,320,240,0,0.0000,0.480,-0.480
55,busca,SEARCHING,0,519,0,0,99,352,67,0,1,320,240,0,0.0000,0.480,-0.480
56,busca,SEARCHING,0,518,0,0,98,353,67,0,0,320,240,0,0.0000,0.480,-0.480
57,busca,SEARCHING,0,519,0,0,99,353,67,0,0,320,240,0,0.0000,0.480,-0.480
58,busca,SEARCHING,0,498,0,0,95,339,64,0,0,320,240,0,0.0000,0.480,-0.480
59,busca,SEARCHING,0,498,0,0,94,340,64,0,0,320,240,0,0.0000,0.480,-0.480
60,busca,SEARCHING,0,497,0,0,95,338,64,0,0,320,240,0,0.0000,0.480,-0.480
61,busca,SEARCHING,0,495,0,0,94,337,64,0,0,320,240,0,0.0000,0.480,-0.480
62,busca,SEARCHING,0,495,0,0,94,336,63,0,0,320,240,0,0.0000,0.480,-0.480
63,busca,SEARCHING,0,495,0,0,94,336,63,0,0,320,240,0,0.0000,0.480,-0.480
64,busca,SEARCHING,0,495,0,0,94,337,64,0,0,320,240,0,0.0000,0.480,-0.480
65,busca,SEARCHING,0,498,0,0,95,339,64,0,0,320,240,0,0.0000,0.480,-0.480
66,busca,SEARCHING,0,498,0,0,95,339,64,0,0,320,240,0,0.0000,0.480,-0.480
67,busca,SEARCHING,0,495,0,0,91,339,64,0,0,320,240,0,0.0000,0.480,-0.480
68,busca,SEARCHING,0,495,0,0,94,337,64,0,0,320,240,0,0.0000,0.480,-0.480
69,busca,SEARCHING,0,496,0,0,94,338,64,0,0,320,240,0,0.0000,0.480,-0.480
70,busca,SEARCHING,0,496,0,0,95,337,63,1,0,320,240,0,0.0000,0.480,-0.480
71,busca,SEARCHING,0,520,0,0,97,352,70,0,0,320,240,0,0.0000,0.480,-0.480
72,busca,SEARCHING,0,522,0,0,99,356,67,0,0,320,240,0,0.0000,0.480,-0.480
73,busca,SEARCHING,0,521,0,0,101,353,67,0,0,320,240,0,0.0000,0.480,-0.480
74,busca,SEARCHING,0,495,0,0,94,337,64,0,0,320,240,0,0.0000,0.480,-0.480
75,busca,SEARCHING,0,495,0,0,95,336,64,0,0,320,240,0,0.0000,0.480,-0.480
76,busca,SEARCHING,0,495,0,0,94,337,64,0,0,320,240,0,0.0000,0.480,-0.480
77,busca,SEARCHING,0,498,0,0,95,339,63,0,1,320,240,0,0.0000,0.480,-0.480
78,busca,SEARCHING,0,498,0,0,95,339,64,0,0,320,240,0,0.0000,0.480,-0.480
79,busca,SEARCHING,0,497,0,0,95,338,64,0,0,320,240,0,0.0000,0.480,-0.480
80,busca,SEARCHING,0,495,0,0,94,337,63,0,1,320,240,0,0.0000,0.480,-0.480
81,busca,SEARCHING,0,495,0,0,94,337,64,0,0,320,240,0,0.0000,0.480,-0.480
82,busca,SEARCHING,0,495,0,0,94,337,64,0,0,320,240,0,0.0000,0.480,-0.480
83,busca,SEARCHING,0,495,0,0,94,337,64,0,0,320,240,0,0.0000,0.480,-0.480
84,busca,SEARCHING,0,498,0,0,95,339,64,0,0,320,240,0,0.0000,0.480,-0.480
85,busca,SEARCHING,0,497,0,0,95,338,64,0,0,320,240,0,0.0000,0.480,-0.480
86,busca,SEARCHING,0,497,0,0,94,339,64,0,0,320,240,0,0.0000,0.480,-0.480
87,busca,SEARCHING,0,495,0,0,94,337,64,0,0,320,240,0,0.0000,0.480,-0.480
88,busca,SEARCHING,0,495,0,0,95,336,63,0,0,320,240,0,0.0000,0.480,-0.480
89,busca,SEARCHING,0,495,0,0,94,337,63,0,1,320,240,0,0.0000,0.480,-0.480
90,busca,SEARCHING,0,495,0,0,94,337,63,0,0,320,240,0,0.0000,0.480,-0.480
91,busca,SEARCHING,0,500,0,0,95,340,63,0,0,320,240,0,0.0000,0.480,-0.480
92,busca,SEARCHING,0,498,0,0,94,339,63,0,0,320,240,0,0.0000,0.480,-0.480
93,busca,SEARCHING,0,521,0,0,102,352,67,0,0,320,240,0,0.0000,0.480,-0.480
94,busca,SEARCHING,0,519,0,0,99,352,67,0,1,320,240,0,0.0000,0.480,-0.480
95,busca,SEARCHING,0,519,0,0,99,353,67,0,0,320,240,0,0.0000,0.480,-0.480
96,busca,SEARCHING,0,522,0,0,98,353,71,0,0,320,240,0,0.0000,0.480,-0.480
97,busca,SEARCHING,0,522,0,0,99,356,67,0,0,320,240,0,0.0000,0.480,-0.480
98,busca,SEARCHING,0,521,0,0,101,353,67,0,0,320,240,0,0.0000,0.480,-0.480
99,busca,SEARCHING,0,519,0,0,99,353,67,0,0,320,240,0,0.0000,0.480,-0.480
100,busca,SEARCHING,0,519,0,0,99,353,67,0,0,320,240,0,0.0000,0.480,-0.480
101,busca,SEARCHING,0,499,0,0,96,336,66,0,0,320,240,0,0.0000,0.480,-0.480
102,busca,SEARCHING,0,497,0,0,94,339,64,0,0,320,240,0,0.0000,0.480,-0.480
103,busca,SEARCHING,0,498,0,0,94,339,64,0,0,320,240,0,0.0000,0.480,-0.480
104,busca,SEARCHING,0,497,0,0,97,336,64,0,0,320,240,0,0.0000,0.480,-0.480
105,busca,SEARCHING,0,495,0,0,94,337,64,0,0,320,240,0,0.0000,0.480,-0.480
106,busca,SEARCHING,0,496,0,0,94,338,64,0,0,320,240,0,0.0000,0.480,-0.480
107,busca,SEARCHING,0,497,0,0,94,339,64,0,0,320,240,0,0.0000,0.480,-0.480
108,busca,SEARCHING,0,498,0,0,95,336,67,0,0,320,240,0,0.0000,0.480,-0.480
109,busca,SEARCHING,0,497,0,0,94,339,64,0,0,320,240,0,0.0000,0.480,-0.480
110,busca,SEARCHING,0,497,0,0,94,339,64,0,0,320,240,0,0.0000,0.480,-0.480
111,busca,SEARCHING,0,498,0,0,98,336,64,0,0,320,240,0,0.0000,0.480,-0.480
112,busca,SEARCHING,0,496,0,0,95,336,64,0,1,320,240,0,0.0000,0.480,-0.480
113,busca,SEARCHING,0,495,0,0,95,336,64,0,0,320,240,0,0.0000,0.480,-0.480
114,busca,SEARCHING,0,495,0,0,94,337,64,0,0,320,240,0,0.0000,0.480,-0.480
115,busca,SEARCHING,0,498,0,0,94,340,64,0,0,320,240,0,0.0000,0.480,-0.480
116,busca,SEARCHING,0,518,0,0,94,360,64,0,0,320,240,0,0.0000,0.480,-0.480
117,busca,SEARCHING,0,522,0,0,102,353,67,0,0,320,240,0,0.0000,0.480,-0.480
118,busca,SEARCHING,0,519,0,0,99,353,67,0,0,320,240,0,0.0000,0.480,-0.480
119,busca,SEARCHING,0,509,0,0,99,346,64,0,0,320,240,0,0.0000,0.480,-0.480
120,busca,SEARCHING,0,498,0,0,95,336,66,0,0,320,240,0,0.0000,0.480,-0.480
121,busca,SEARCHING,0,497,0,0,95,338,64,0,0,320,240,0,0.0000,0.480,-0.480
122,busca,SEARCHING,0,498,0,0,95,339,64,0,0,320,240,0,0.0000,0.480,-0.480
123,busca,SEARCHING,0,497,0,0,96,337,64,0,0,320,240,0,0.0000,0.480,-0.480
124,busca,SEARCHING,0,493,0,0,92,336,63,0,1,320,240,0,0.0000,0.480,-0.480
125,busca,SEARCHING,0,495,0,0,94,337,64,0,0,320,240,0,0.0000,0.480,-0.480
126,busca,SEARCHING,0,496,0,0,95,337,63,0,0,320,240,0,0.0000,0.480,-0.480
127,busca,SEARCHING,0,495,0,0,92,336,67,0,0,320,240,0,0.0000,0.480,-0.480
128,busca,SEARCHING,0,502,0,0,94,344,64,0,0,320,240,0,0.0000,0.480,-0.480
129,busca,SEARCHING,0,499,0,0,95,340,63,0,0,320,240,0,0.0000,0.480,-0.480
130,busca,SEARCHING,0,497,0,0,97,336,64,0,0,320,240,0,0.0000,0.480,-0.480
131,busca,SEARCHING,0,496,0,0,95,336,64,0,1,320,240,0,0.0000,0.480,-0.480
132,busca,SEARCHING,0,495,0,0,95,336,64,0,0,320,240,0,0.0000,0.480,-0.480
133,busca,SEARCHING,0,496,0,0,95,336,64,0,0,320,240,0,0.0000,0.480,-0.480
134,busca,SEARCHING,0,497,0,0,94,337,66,0,0,320,240,0,0.0000,0.480,-0.480
135,busca,SEARCHING,0,497,0,0,94,339,64,0,0,320,240,0,0.0000,0.480,-0.480
136,busca,SEARCHING,0,497,0,0,94,338,64,0,0,320,240,0,0.0000,0.480,-0.480
137,busca,SEARCHING,0,497,0,0,96,337,64,0,0,320,240,0,0.0000,0.480,-0.480
138,busca,SEARCHING,0,495,0,0,95,336,64,0,0,320,240,0,0.0000,0.480,-0.480
139,busca,SEARCHING,0,496,0,0,95,337,64,0,0,320,240,0,0.0000,0.480,-0.480
140,busca,SEARCHING,0,496,0,0,94,337,64,0,0,320,240,0,0.0000,0.480,-0.480
141,busca,SEARCHING,0,497,0,0,94,337,66,0,0,320,240,0,0.0000,0.480,-0.480
142,busca,SEARCHING,0,497,0,0,94,338,64,0,0,320,240,0,0.0000,0.480,-0.480
143,busca,SEARCHING,0,497,0,0,94,339,64,0,0,320,240,0,0.0000,0.480,-0.480
144,busca,SEARCHING,0,499,0,0,97,338,63,0,1,320,240,0,0.0000,0.480,-0.480
145,busca,SEARCHING,0,498,0,0,95,338,64,1,0,320,240,0,0.0000,0.480,-0.480
146,busca,SEARCHING,0,503,0,0,95,341,67,0,0,320,240,0,0.0000,0.480,-0.480
147,busca,SEARCHING,0,551,0,0,104,371,76,0,0,320,240,0,0.0000,0.480,-0.480
148,busca,SEARCHING,0,578,0,0,110,394,74,0,0,320,240,0,0.0000,0.480,-0.480
149,busca,SEARCHING,0,606,0,0,116,411,78,0,0,320,240,0,0.0000,0.480,-0.480
150,busca,SEARCHING,0,610,0,0,115,415,78,0,1,320,240,0,0.0000,0.480,-0.480
151,busca,SEARCHING,0,610,0,0,119,412,78,0,1,320,240,0,0.0000,0.480,-0.480
152,busca,SEARCHING,0,629,0,0,115,430,82,0,0,320,240,0,0.0000,0.480,-0.480
153,busca,SEARCHING,0,645,0,0,122,440,83,0,0,320,240,0,0.0000,0.480,-0.480
154,busca,SEARCHING,0,641,0,0,122,436,83,0,0,320,240,0,0.0000,0.480,-0.480
155,busca,SEARCHING,0,643,0,0,122,439,82,0,0,320,240,0,0.0000,0.480,-0.480
156,busca,SEARCHING,0,642,0,0,123,436,82,0,0,320,240,0,0.0000,0.480,-0.480
157,busca,SEARCHING,0,646,0,0,123,439,82,0,1,320,240,0,0.0000,0.480,-0.480
158,busca,SEARCHING,0,689,0,0,131,469,88,0,0,320,240,0,0.0000,0.480,-0.480
159,busca,SEARCHING,0,696,0,0,138,464,94,0,0,320,240,0,0.0000,0.480,-0.480
160,busca,SEARCHING,0,732,0,0,138,499,93,0,1,320,240,0,0.0000,0.480,-0.480
161,busca,SEARCHING,0,737,0,0,139,493,104,0,1,320,240,0,0.0000,0.480,-0.480
162,busca,SEARCHING,0,733,0,0,144,495,94,0,0,320,240,0,0.0000,0.480,-0.480
163,busca,SEARCHING,0,732,0,0,138,499,93,0,0,320,240,0,0.0000,0.480,-0.480
164,busca,SEARCHING,0,701,0,0,139,474,88,0,0,320,240,0,0.0000,0.480,-0.480
165,busca,SEARCHING,0,689,0,0,137,463,88,0,0,320,240,0,0.0000,0.480,-0.480
166,busca,SEARCHING,0,692,0,0,130,473,89,0,0,320,240,0,0.0000,0.480,-0.480
167,busca,SEARCHING,0,743,0,0,150,499,94,0,0,320,240,0,0.0000,0.480,-0.480
168,busca,SEARCHING,0,783,0,0,149,534,100,0,0,320,240,0,0.0000,0.480,-0.480
169,busca,SEARCHING,0,744,0,0,145,504,94,0,0,320,240,0,0.0000,0.480,-0.480
170,busca,SEARCHING,0,681,0,0,130,463,88,0,0,320,240,0,0.0000,0.480,-0.480
171,busca,SEARCHING,0,687,0,0,130,469,88,0,0,320,240,0,0.0000,0.480,-0.480
172,busca,SEARCHING,0,749,0,0,130,502,117,0,0,320,240,0,0.0000,0.480,-0.480
173,busca,SEARCHING,0,649,0,0,130,436,82,0,0,320,240,0,0.0000,0.480,-0.480
174,busca,SEARCHING,0,733,0,0,131,507,94,0,0,320,240,0,0.0000,0.480,-0.480
175,busca,SEARCHING,0,815,0,0,148,549,118,0,0,320,240,0,0.0000,0.480,-0.480
176,busca,SEARCHING,0,883,0,0,173,592,117,0,0,320,240,0,0.0000,0.480,-0.480
177,busca,SEARCHING,0,766,0,0,149,523,94,0,0,320,240,0,0.0000,0.480,-0.480
178,busca,SEARCHING,0,686,0,0,130,468,88,0,0,320,240,0,0.0000,0.480,-0.480
179,busca,SEARCHING,0,645,0,0,123,436,86,0,0,320,240,0,0.0000,0.480,-0.480
180,busca,SEARCHING,0,610,0,0,115,417,78,0,0,320,240,0,0.0000,0.480,-0.480
181,busca,SEARCHING,0,605,0,0,115,412,77,0,0,320,240,0,0.0000,0.480,-0.480
182,busca,SEARCHING,0,582,0,0,109,396,77,0,0,320,240,0,0.0000,0.480,-0.480
183,busca,SEARCHING,0,574,0,0,110,389,74,0,0,320,240,0,0.0000,0.480,-0.480
184,busca,SEARCHING,0,596,0,0,109,408,79,0,0,320,240,0,0.0000,0.480,-0.480
185,busca,SEARCHING,0,646,0,0,122,441,83,0,0,320,240,0,0.0000,0.480,-0.480
186,busca,SEARCHING,0,605,0,0,115,412,78,0,0,320,240,0,0.0000,0.480,-0.480
187,busca,SEARCHING,0,611,0,0,115,418,78,0,0,320,240,0,0.0000,0.480,-0.480
188,busca,SEARCHING,0,585,0,0,116,395,74,0,0,320,240,0,0.0000,0.480,-0.480
189,busca,SEARCHING,0,574,0,0,109,390,74,0,0,320,240,0,0.0000,0.480,-0.480
190,busca,SEARCHING,0,576,0,0,109,393,74,0,0,320,240,0,0.0000,0.480,-0.480
191,busca,SEARCHING,0,576,0,0,109,393,74,0,0,320,240,0,0.0000,0.480,-0.480
192,busca,SEARCHING,0,544,0,0,104,370,70,0,0,320,240,0,0.0000,0.480,-0.480
193,busca,SEARCHING,0,544,0,0,103,371,70,0,0,320,240,0,0.0000,0.480,-0.480
194,busca,SEARCHING,0,522,0,0,99,355,67,0,1,320,240,0,0.0000,0.480,-0.480
195,busca,SEARCHING,0,521,0,0,99,355,67,0,0,320,240,0,0.0000,0.480,-0.480
196,busca,SEARCHING,0,524,0,0,98,359,67,0,0,320,240,0,0.0000,0.480,-0.480
197,busca,SEARCHING,0,519,0,0,99,353,67,0,0,320,240,0,0.0000,0.480,-0.480
198,busca,SEARCHING,0,523,0,0,99,352,71,0,1,320,240,0,0.0000,0.480,-0.480
199,busca,SEARCHING,0,553,0,0,104,379,70,0,0,320,240,0,0.0000,0.480,-0.480
200,busca,SEARCHING,0,555,0,0,112,373,70,0,0,320,240,0,0.0000,0.480,-0.480
201,busca,SEARCHING,0,545,0,0,103,371,70,0,0,320,240,0,0.0000,0.480,-0.480
202,busca,SEARCHING,0,535,0,0,104,358,72,0,0,320,240,0,0.0000,0.480,-0.480
203,busca,SEARCHING,0,521,0,0,98,355,67,0,0,320,240,0,0.0000,0.480,-0.480
204,busca,SEARCHING,0,520,0,0,98,355,67,0,0,320,240,0,0.0000,0.480,-0.480
205,busca,SEARCHING,0,519,0,0,99,353,67,0,0,320,240,0,0.0000,0.480,-0.480
206,busca,SEARCHING,0,519,0,0,99,353,66,1,0,320,240,0,0.0000,0.480,-0.480
207,busca,SEARCHING,0,499,0,0,98,337,64,0,0,320,240,0,0.0000,0.480,-0.480
208,busca,SEARCHING,0,498,0,0,94,339,64,0,0,320,240,0,0.0000,0.480,-0.480
209,busca,SEARCHING,0,498,0,0,95,339,63,0,0,320,240,0,0.0000,0.480,-0.480
210,busca,SEARCHING,0,498,0,0,97,336,65,0,0,320,240,0,0.0000,0.480,-0.480
211,busca,SEARCHING,0,495,0,0,94,337,64,0,0,320,240,0,0.0000,0.480,-0.480
212,busca,SEARCHING,0,496,0,0,95,337,64,0,0,320,240,0,0.0000,0.480,-0.480
213,busca,SEARCHING,0,496,0,0,95,336,64,0,0,320,240,0,0.0000,0.480,-0.480
214,busca,SEARCHING,0,498,0,0,94,337,65,0,1,320,240,0,0.0000,0.480,-0.480
215,busca,SEARCHING,0,497,0,0,94,339,64,0,0,320,240,0,0.0000,0.480,-0.480
216,busca,SEARCHING,0,500,0,0,94,341,64,0,0,320,240,0,0.0000,0.480,-0.480
217,busca,SEARCHING,0,498,0,0,97,337,64,0,0,320,240,0,0.0000,0.480,-0.480
218,busca,SEARCHING,0,495,0,0,95,336,64,0,0,320,240,0,0.0000,0.480,-0.480
219,busca,SEARCHING,0,496,0,0,95,337,64,0,0,320,240,0,0.0000,0.480,-0.480
220,busca,SEARCHING,0,495,0,0,94,337,64,0,0,320,240,0,0.0000,0.480,-0.480
221,busca,SEARCHING,0,514,0,0,94,353,67,0,0,320,240,0,0.0000,0.480,-0.480
222,busca,SEARCHING,0,497,0,0,94,339,63,0,0,320,240,0,0.0000,0.480,-0.480
223,busca,SEARCHING,0,497,0,0,94,339,64,0,0,320,240,0,0.0000,0.480,-0.480
224,busca,SEARCHING,0,497,0,0,96,337,64,0,0,320,240,0,0.0000,0.480,-0.480
225,busca,SEARCHING,0,493,0,0,93,336,64,0,0,320,240,0,0.0000,0.480,-0.480
226,busca,SEARCHING,0,495,0,0,94,337,64,0,0,320,240,0,0.0000,0.480,-0.480
227,busca,SEARCHING,0,496,0,0,95,336,65,0,0,320,240,0,0.0000,0.480,-0.480
228,busca,SEARCHING,0,497,0,0,94,337,66,0,0,320,240,0,0.0000,0.480,-0.480
229,busca,SEARCHING,0,497,0,0,94,339,64,0,0,320,240,0,0.0000,0.480,-0.480
230,busca,SEARCHING,0,498,0,0,95,339,64,0,0,320,240,0,0.0000,0.480,-0.480
231,busca,SEARCHING,0,499,0,0,97,337,64,0,0,320,240,0,0.0000,0.480,-0.480
232,busca,SEARCHING,0,495,0,0,94,337,63,0,0,320,240,0,0.0000,0.480,-0.480
233,busca,SEARCHING,0,494,0,0,94,336,63,0,0,320,240,0,0.0000,0.480,-0.480
234,busca,SEARCHING,0,492,0,0,94,334,64,0,0,320,240,0,0.0000,0.480,-0.480
235,busca,SEARCHING,0,494,0,0,94,336,64,0,0,320,240,0,0.0000,0.480,-0.480
236,busca,SEARCHING,0,497,0,0,94,339,64,0,0,320,240,0,0.0000,0.480,-0.480
237,busca,SEARCHING,0,497,0,0,94,339,64,0,0,320,240,0,0.0000,0.480,-0.480
238,busca,SEARCHING,0,495,0,0,95,336,63,0,0,320,240,0,0.0000,0.480,-0.480
239,busca,SEARCHING,0,495,0,0,95,336,64,0,0,320,240,0,0.0000,0.480,-0.480
240,busca,SEARCHING,0,495,0,0,94,337,63,0,0,320,240,0,0.0000,0.480,-0.480
241,busca,SEARCHING,0,495,0,0,94,337,64,0,0,320,240,0,0.0000,0.480,-0.480
242,busca,SEARCHING,0,497,0,0,94,339,64,0,0,320,240,0,0.0000,0.480,-0.480
243,busca,SEARCHING,0,497,0,0,94,339,64,0,0,320,240,0,0.0000,0.480,-0.480
244,busca,SEARCHING,0,496,0,0,92,340,64,0,0,320,240,0,0.0000,0.480,-0.480
245,busca,SEARCHING,0,504,0,0,95,344,65,0,0,320,240,0,0.0000,0.480,-0.480
246,busca,SEARCHING,0,503,0,0,95,340,67,1,0,320,240,0,0.0000,0.480,-0.480
247,busca,SEARCHING,0,539,0,0,99,370,70,0,0,320,240,0,0.0000,0.480,-0.480
248,busca,SEARCHING,0,576,0,0,108,393,75,0,0,320,240,0,0.0000,0.480,-0.480
249,busca,SEARCHING,0,616,0,0,124,411,81,0,0,320,240,0,0.0000,0.480,-0.480
250,busca,SEARCHING,0,629,0,0,122,424,83,0,0,320,240,0,0.0000,0.480,-0.480
251,busca,SEARCHING,0,617,0,0,116,422,78,0,0,320,240,0,0.0000,0.480,-0.480
252,busca,SEARCHING,0,641,0,0,122,436,83,0,0,320,240,0,0.0000,0.480,-0.480
253,busca,SEARCHING,0,686,0,0,130,468,88,0,0,320,240,0,0.0000,0.480,-0.480
254,busca,SEARCHING,0,681,0,0,130,463,88,0,0,320,240,0,0.0000,0.480,-0.480
255,busca,SEARCHING,0,644,0,0,126,436,82,0,0,320,240,0,0.0000,0.480,-0.480
256,busca,SEARCHING,0,608,0,0,115,415,78,0,0,320,240,0,0.0000,0.480,-0.480
257,busca,SEARCHING,0,613,0,0,116,419,78,0,0,320,240,0,0.0000,0.480,-0.480
258,busca,SEARCHING,0,601,0,0,116,411,74,0,0,320,240,0,0.0000,0.480,-0.480
259,busca,SEARCHING,0,576,0,0,109,393,74,0,0,320,240,0,0.0000,0.480,-0.480
260,busca,SEARCHING,0,576,0,0,109,393,74,0,0,320,240,0,0.0000,0.480,-0.480
261,busca,SEARCHING,0,544,0,0,104,370,70,0,0,320,240,0,0.0000,0.480,-0.480
262,busca,SEARCHING,0,544,0,0,104,370,70,0,0,320,240,0,0.0000,0.480,-0.480
263,busca,SEARCHING,0,527,0,0,98,356,73,0,0,320,240,0,0.0000,0.480,-0.480
264,busca,SEARCHING,0,526,0,0,107,353,66,0,0,320,240,0,0.0000,0.480,-0.480
265,busca,SEARCHING,0,553,0,0,104,375,74,0,0,320,240,0,0.0000,0.480,-0.480
266,busca,SEARCHING,0,604,0,0,109,412,83,0,0,320,240,0,0.0000,0.480,-0.480
267,busca,SEARCHING,0,580,0,0,110,396,73,0,0,320,240,0,0.0000,0.480,-0.480
268,busca,SEARCHING,0,571,0,0,110,391,70,0,0,320,240,0,0.0000,0.480,-0.480
269,busca,SEARCHING,0,566,0,0,104,384,78,0,0,320,240,0,0.0000,0.480,-0.480
270,busca,SEARCHING,0,579,0,0,109,395,74,0,0,320,240,0,0.0000,0.480,-0.480
271,busca,SEARCHING,0,545,0,0,104,370,71,0,0,320,240,0,0.0000,0.480,-0.480
272,busca,SEARCHING,0,529,0,0,104,358,67,0,0,320,240,0,0.0000,0.480,-0.480
273,busca,SEARCHING,0,521,0,0,99,355,67,0,0,320,240,0,0.0000,0.480,-0.480
274,busca,SEARCHING,0,521,0,0,99,355,67,0,0,320,240,0,0.0000,0.480,-0.480
275,busca,SEARCHING,0,518,0,0,99,353,66,0,0,320,240,0,0.0000,0.480,-0.480
276,busca,SEARCHING,0,495,0,0,94,337,64,0,0,320,240,0,0.0000,0.480,-0.480
277,busca,SEARCHING,0,495,0,0,95,336,64,0,0,320,240,0,0.0000,0.480,-0.480
278,busca,SEARCHING,0,521,0,0,98,353,70,0,0,320,240,0,0.0000,0.480,-0.480
279,busca,SEARCHING,0,552,0,0,104,376,72,0,0,320,240,0,0.0000,0.480,-0.480
280,busca,SEARCHING,0,573,0,0,109,390,74,0,0,320,240,0,0.0000,0.480,-0.480
281,busca,SEARCHING,0,589,0,0,115,400,74,0,0,320,240,0,0.0000,0.480,-0.480
282,busca,SEARCHING,0,581,0,0,109,398,73,0,0,320,240,0,0.0000,0.480,-0.480
283,busca,SEARCHING,0,545,0,0,104,370,70,0,0,320,240,0,0.0000,0.480,-0.480
284,busca,SEARCHING,0,531,0,0,103,360,67,0,0,320,240,0,0.0000,0.480,-0.480
285,busca,SEARCHING,0,524,0,0,99,352,73,0,0,320,240,0,0.0000,0.480,-0.480
286,busca,SEARCHING,0,522,0,0,99,356,67,0,0,320,240,0,0.0000,0.480,-0.480
287,busca,SEARCHING,0,521,0,0,101,353,67,0,0,320,240,0,0.0000,0.480,-0.480
288,busca,SEARCHING,0,516,0,0,96,353,67,0,0,320,240,0,0.0000,0.480,-0.480
289,busca,SEARCHING,0,519,0,0,99,353,67,0,0,320,240,0,0.0000,0.480,-0.480
290,busca,SEARCHING,0,521,0,0,99,353,69,0,0,320,240,0,0.0000,0.480,-0.480
291,busca,SEARCHING,0,498,0,0,95,339,64,0,0,320,240,0,0.0000,0.480,-0.480
292,busca,SEARCHING,0,525,0,0,99,359,67,0,0,320,240,0,0.0000,0.480,-0.480
293,busca,SEARCHING,0,522,0,0,102,353,67,0,0,320,240,0,0.0000,0.480,-0.480
294,busca,SEARCHING,0,519,0,0,99,353,67,0,0,320,240,0,0.0000,0.480,-0.480
295,busca,SEARCHING,0,523,0,0,99,353,71,0,0,320,240,0,0.0000,0.480,-0.480
296,busca,SEARCHING,0,522,0,0,99,356,66,0,0,320,240,0,0.0000,0.480,-0.480
297,busca,SEARCHING,0,522,0,0,102,353,67,0,0,320,240,0,0.0000,0.480,-0.480
298,busca,SEARCHING,0,519,0,0,99,353,67,0,0,320,240,0,0.0000,0.480,-0.480
299,busca,SEARCHING,0,516,0,0,97,352,67,0,0,320,240,0,0.0000,0.480,-0.480
300,busca,SEARCHING,0,519,0,0,96,353,70,0,0,320,240,0,0.0000,0.480,-0.480
301,busca,SEARCHING,0,498,0,0,94,340,63,1,0,320,240,0,0.0000,0.480,-0.480
302,busca,SEARCHING,0,495,0,0,92,339,63,0,0,320,240,0,0.0000,0.480,-0.480
303,busca,SEARCHING,0,497,0,0,97,336,64,0,0,320,240,0,0.0000,0.480,-0.480
304,busca,SEARCHING,0,492,0,0,92,337,63,0,0,320,240,0,0.0000,0.480,-0.480
305,busca,SEARCHING,0,496,0,0,94,336,65,0,0,320,240,0,0.0000,0.480,-0.480
306,busca,SEARCHING,0,496,0,0,94,337,64,0,0,320,240,0,0.0000,0.480,-0.480
307,busca,SEARCHING,0,497,0,0,94,339,64,0,0,320,240,0,0.0000,0.480,-0.480
308,busca,SEARCHING,0,500,0,0,97,339,64,0,0,320,240,0,0.0000,0.480,-0.480
309,busca,SEARCHING,0,498,0,0,95,339,64,0,0,320,240,0,0.0000,0.480,-0.480
310,busca,SEARCHING,0,495,0,0,94,336,64,0,0,320,240,0,0.0000,0.480,-0.480
311,busca,SEARCHING,0,496,0,0,95,337,63,0,0,320,240,0,0.0000,0.480,-0.480
312,busca,SEARCHING,0,496,0,0,95,336,65,0,0,320,240,0,0.0000,0.480,-0.480
313,busca,SEARCHING,0,495,0,0,95,336,64,0,0,320,240,0,0.0000,0.480,-0.480
314,busca,SEARCHING,0,499,0,0,95,339,64,1,0,320,240,0,0.0000,0.480,-0.480
315,busca,SEARCHING,0,498,0,0,95,339,64,0,0,320,240,0,0.0000,0.480,-0.480
316,busca,SEARCHING,0,497,0,0,96,336,64,0,0,320,240,0,0.0000,0.480,-0.480
317,busca,SEARCHING,0,495,0,0,94,337,64,0,0,320,240,0,0.0000,0.480,-0.480
318,busca,SEARCHING,0,495,0,0,94,337,64,0,0,320,240,0,0.0000,0.480,-0.480
319,busca,SEARCHING,0,495,0,0,94,337,64,0,0,320,240,0,0.0000,0.480,-0.480
320,busca,SEARCHING,0,498,0,0,94,337,67,0,0,320,240,0,0.0000,0.480,-0.480
321,busca,SEARCHING,0,498,0,0,94,339,64,0,0,320,240,0,0.0000,0.480,-0.480
322,busca,SEARCHING,0,497,0,0,93,340,64,0,0,320,240,0,0.0000,0.480,-0.480
323,busca,SEARCHING,0,496,0,0,95,337,64,0,0,320,240,0,0.0000,0.480,-0.480
324,busca,SEARCHING,0,495,0,0,95,337,63,0,0,320,240,0,0.0000,0.480,-0.480
325,busca,SEARCHING,0,496,0,0,94,337,63,0,0,320,240,0,0.0000,0.480,-0.480
326,busca,SEARCHING,0,495,0,0,94,337,64,0,0,320,240,0,0.0000,0.480,-0.480
327,busca,SEARCHING,0,498,0,0,94,337,67,0,0,320,240,0,0.0000,0.480,-0.480
328,busca,SEARCHING,0,497,0,0,94,339,64,0,0,320,240,0,0.0000,0.480,-0.480
329,busca,SEARCHING,0,498,0,0,94,339,64,0,1,320,240,0,0.0000,0.480,-0.480
330,busca,SEARCHING,0,497,0,0,97,336,64,0,0,320,240,0,0.0000,0.480,-0.480
331,busca,SEARCHING,0,497,0,0,94,338,63,0,0,320,240,0,0.0000,0.480,-0.480
332,busca,SEARCHING,0,505,0,0,94,344,67,0,0,320,240,0,0.0000,0.480,-0.480
333,busca,SEARCHING,0,519,0,0,99,353,67,0,0,320,240,0,0.0000,0.480,-0.480
334,busca,SEARCHING,0,549,0,0,104,374,70,0,0,320,240,0,0.0000,0.480,-0.480
335,busca,SEARCHING,0,523,0,0,103,352,67,0,0,320,240,0,0.0000,0.480,-0.480
336,busca,SEARCHING,0,523,0,0,100,356,67,0,0,320,240,0,0.0000,0.480,-0.480
337,busca,SEARCHING,0,520,0,0,99,353,68,0,0,320,240,0,0.0000,0.480,-0.480
338,busca,SEARCHING,0,550,0,0,103,372,75,0,0,320,240,0,0.0000,0.480,-0.480
339,busca,SEARCHING,0,577,0,0,107,396,74,0,0,320,240,0,0.0000,0.480,-0.480
340,busca,SEARCHING,0,574,0,0,109,390,74,0,0,320,240,0,0.0000,0.480,-0.480
341,busca,SEARCHING,0,609,0,0,116,415,78,0,0,320,240,0,0.0000,0.480,-0.480
342,busca,SEARCHING,0,612,0,0,119,415,77,0,0,320,240,0,0.0000,0.480,-0.480
343,busca,SEARCHING,0,589,0,0,109,398,82,0,0,320,240,0,0.0000,0.480,-0.480
344,busca,SEARCHING,0,659,0,0,123,449,87,0,0,320,240,0,0.0000,0.480,-0.480
345,busca,SEARCHING,0,694,0,0,129,470,93,1,0,320,240,0,0.0000,0.480,-0.480
346,busca,SEARCHING,0,740,0,0,149,497,94,0,0,320,240,0,0.0000,0.480,-0.480
347,busca,SEARCHING,0,834,0,0,151,575,108,0,0,320,240,0,0.0000,0.480,-0.480
348,busca,SEARCHING,0,862,0,0,163,591,108,0,0,320,240,0,0.0000,0.480,-0.480
349,busca,SEARCHING,0,741,0,0,148,499,94,0,0,320,240,0,0.0000,0.480,-0.480
350,busca,SEARCHING,0,664,0,0,130,451,83,0,0,320,240,0,0.0000,0.480,-0.480
351,busca,SEARCHING,0,645,0,0,122,440,83,0,0,320,240,0,0.0000,0.480,-0.480
352,busca,SEARCHING,0,606,0,0,116,411,79,0,0,320,240,0,0.0000,0.480,-0.480
353,busca,SEARCHING,0,613,0,0,115,420,78,0,0,320,240,0,0.0000,0.480,-0.480
354,busca,SEARCHING,0,606,0,0,116,411,78,0,0,320,240,0,0.0000,0.480,-0.480
355,busca,SEARCHING,0,587,0,0,109,390,87,0,0,320,240,0,0.0000,0.480,-0.480
356,busca,SEARCHING,0,578,0,0,109,395,74,0,0,320,240,0,0.0000,0.480,-0.480
357,busca,SEARCHING,0,573,0,0,110,390,73,0,0,320,240,0,0.0000,0.480,-0.480
358,busca,SEARCHING,0,555,0,0,109,372,74,0,0,320,240,0,0.0000,0.480,-0.480
359,busca,SEARCHING,0,547,0,0,104,373,70,0,0,320,240,0,0.0000,0.480,-0.480
360,busca,SEARCHING,0,547,0,0,106,370,71,0,0,320,240,0,0.0000,0.480,-0.480
361,busca,SEARCHING,0,540,0,0,104,368,66,0,1,320,240,0,0.0000,0.480,-0.480
362,busca,SEARCHING,0,519,0,0,99,353,67,0,0,320,240,0,0.0000,0.480,-0.480
363,busca,SEARCHING,0,522,0,0,99,356,67,0,0,320,240,0,0.0000,0.480,-0.480
364,busca,SEARCHING,0,522,0,0,99,356,67,0,0,320,240,0,0.0000,0.480,-0.480
365,busca,SEARCHING,0,519,0,0,99,353,67,0,0,320,240,0,0.0000,0.480,-0.480
366,busca,SEARCHING,0,519,0,0,99,353,67,0,0,320,240,0,0.0000,0.480,-0.480
367,busca,SEARCHING,0,519,0,0,99,353,67,0,0,320,240,0,0.0000,0.480,-0.480
368,busca,SEARCHING,0,554,0,0,104,379,70,0,0,320,240,0,0.0000,0.480,-0.480
369,busca,SEARCHING,0,585,0,0,117,394,74,0,0,320,240,0,0.0000,0.480,-0.480
370,busca,SEARCHING,0,593,0,0,115,404,74,0,0,320,240,0,0.0000,0.480,-0.480
371,busca,SEARCHING,0,577,0,0,109,393,74,0,0,320,240,0,0.0000,0.480,-0.480
372,busca,SEARCHING,0,547,0,0,106,370,71,0,0,320,240,0,0.0000,0.480,-0.480
373,busca,SEARCHING,0,539,0,0,101,371,67,0,0,320,240,0,0.0000,0.480,-0.480
374,busca,SEARCHING,0,519,0,0,99,353,67,0,0,320,240,0,0.0000,0.480,-0.480
375,busca,SEARCHING,0,521,0,0,99,355,67,0,0,320,240,0,0.0000,0.480,-0.480
376,busca,SEARCHING,0,518,0,0,96,355,67,0,0,320,240,0,0.0000,0.480,-0.480
377,busca,SEARCHING,0,493,0,0,92,337,64,0,0,320,240,0,0.0000,0.480,-0.480
378,busca,SEARCHING,0,493,0,0,92,337,64,0,0,320,240,0,0.0000,0.480,-0.480
379,busca,SEARCHING,0,495,0,0,94,337,64,0,0,320,240,0,0.0000,0.480,-0.480
380,busca,SEARCHING,0,493,0,0,92,336,65,0,0,320,240,0,0.0000,0.480,-0.480
381,busca,SEARCHING,0,497,0,0,94,339,64,0,0,320,240,0,0.0000,0.480,-0.480
382,busca,SEARCHING,0,497,0,0,92,340,63,1,0,320,240,0,0.0000,0.480,-0.480
383,busca,SEARCHING,0,498,0,0,95,339,64,0,0,320,240,0,0.0000,0.480,-0.480
384,busca,SEARCHING,0,495,0,0,95,336,64,0,0,320,240,0,0.0000,0.480,-0.480
385,busca,SEARCHING,0,495,0,0,95,336,64,0,0,320,240,0,0.0000,0.480,-0.480
386,busca,SEARCHING,0,495,0,0,95,336,64,0,0,320,240,0,0.0000,0.480,-0.480
387,busca,SEARCHING,0,496,0,0,95,337,64,0,0,320,240,0,0.0000,0.480,-0.480
388,busca,SEARCHING,0,497,0,0,94,339,64,0,0,320,240,0,0.0000,0.480,-0.480
389,busca,SEARCHING,0,498,0,0,94,338,64,0,0,320,240,0,0.0000,0.480,-0.480
390,busca,SEARCHING,0,497,0,0,96,337,64,0,0,320,240,0,0.0000,0.480,-0.480
391,busca,SEARCHING,0,495,0,0,94,337,64,0,0,320,240,0,0.0000,0.480,-0.480
392,busca,SEARCHING,0,495,0,0,94,337,64,0,0,320,240,0,0.0000,0.480,-0.480
393,busca,SEARCHING,0,496,0,0,95,336,64,0,0,320,240,0,0.0000,0.480,-0.480
394,busca,SEARCHING,0,497,0,0,94,337,66,0,0,320,240,0,0.0000,0.480,-0.480
395,busca,SEARCHING,0,497,0,0,94,339,64,0,0,320,240,0,0.0000,0.480,-0.480
396,busca,SEARCHING,0,498,0,0,94,339,64,0,1,320,240,0,0.0000,0.480,-0.480
397,busca,SEARCHING,0,498,0,0,97,337,64,0,0,320,240,0,0.0000,0.480,-0.480
398,busca,SEARCHING,0,493,0,0,92,337,64,0,0,320,240,0,0.0000,0.480,-0.480
399,busca,SEARCHING,0,493,0,0,92,337,64,0,0,320,240,0,0.0000,0.480,-0.480
400,busca,SEARCHING,0,492,0,0,92,336,64,0,0,320,240,0,0.0000,0.480,-0.480
401,busca,SEARCHING,0,498,0,0,95,339,64,0,0,320,240,0,0.0000,0.480,-0.480
402,busca,SEARCHING,0,495,0,0,92,339,64,0,0,320,240,0,0.0000,0.480,-0.480
403,busca,SEARCHING,0,498,0,0,95,339,63,0,1,320,240,0,0.0000,0.480,-0.480
404,busca,SEARCHING,0,497,0,0,97,336,64,0,0,320,240,0,0.0000,0.480,-0.480
405,busca,SEARCHING,0,496,0,0,95,336,64,0,0,320,240,0,0.0000,0.480,-0.480
406,busca,SEARCHING,0,493,0,0,92,337,64,0,0,320,240,0,0.0000,0.480,-0.480
407,busca,SEARCHING,0,493,0,0,92,337,64,0,0,320,240,0,0.0000,0.480,-0.480
408,busca,SEARCHING,0,498,0,0,95,339,64,0,0,320,240,0,0.0000,0.480,-0.480
409,busca,SEARCHING,0,497,0,0,94,339,64,0,0,320,240,0,0.0000,0.480,-0.480
410,busca,SEARCHING,0,497,0,0,95,338,64,0,0,320,240,0,0.0000,0.480,-0.480
411,busca,SEARCHING,0,496,0,0,95,336,64,0,1,320,240,0,0.0000,0.480,-0.480
412,busca,SEARCHING,0,495,0,0,94,337,64,0,0,320,240,0,0.0000,0.480,-0.480
413,busca,SEARCHING,0,495,0,0,93,337,64,0,1,320,240,0,0.0000,0.480,-0.480
414,busca,SEARCHING,0,496,0,0,94,336,64,0,1,320,240,0,0.0000,0.480,-0.480
415,busca,SEARCHING,0,498,0,0,95,339,64,0,0,320,240,0,0.0000,0.480,-0.480
416,busca,SEARCHING,0,498,0,0,94,339,64,0,0,320,240,0,0.0000,0.480,-0.480
417,busca,SEARCHING,0,497,0,0,94,339,64,0,0,320,240,0,0.0000,0.480,-0.480
418,busca,SEARCHING,0,495,0,0,94,337,64,0,0,320,240,0,0.0000,0.480,-0.480
419,busca,SEARCHING,0,513,0,0,111,337,65,0,0,320,240,0,0.0000,0.480,-0.480
420,busca,SEARCHING,0,495,0,0,94,337,64,0,0,320,240,0,0.0000,0.480,-0.480
421,busca,SEARCHING,0,495,0,0,95,336,64,0,0,320,240,0,0.0000,0.480,-0.480
422,busca,SEARCHING,0,501,0,0,94,343,64,0,0,320,240,0,0.0000,0.480,-0.480
423,busca,SEARCHING,0,499,0,0,95,340,63,0,0,320,240,0,0.0000,0.480,-0.480
424,busca,SEARCHING,0,521,0,0,101,352,67,0,0,320,240,0,0.0000,0.480,-0.480
425,busca,SEARCHING,0,517,0,0,99,352,66,0,0,320,240,0,0.0000,0.480,-0.480
426,busca,SEARCHING,0,502,0,0,95,343,63,0,1,320,240,0,0.0000,0.480,-0.480
427,busca,SEARCHING,0,500,0,0,95,341,64,0,0,320,240,0,0.0000,0.480,-0.480
428,busca,SEARCHING,0,521,0,0,95,353,72,0,0,320,240,0,0.0000,0.480,-0.480
429,busca,SEARCHING,0,550,0,0,104,374,70,0,0,320,240,0,0.0000,0.480,-0.480
430,busca,SEARCHING,0,551,0,0,110,370,71,0,0,320,240,0,0.0000,0.480,-0.480
431,busca,SEARCHING,0,582,0,0,110,394,78,0,0,320,240,0,0.0000,0.480,-0.480
432,busca,SEARCHING,0,608,0,0,115,415,78,0,0,320,240,0,0.0000,0.480,-0.480
433,busca,SEARCHING,0,609,0,0,116,415,78,0,0,320,240,0,0.0000,0.480,-0.480
434,busca,SEARCHING,0,647,0,0,115,446,85,0,0,320,240,0,0.0000,0.480,-0.480
435,busca,SEARCHING,0,692,0,0,134,464,93,0,0,320,240,0,0.0000,0.480,-0.480
436,busca,SEARCHING,0,784,0,0,149,534,100,1,0,320,240,0,0.0000,0.480,-0.480
437,busca,SEARCHING,0,735,0,0,143,498,94,0,0,320,240,0,0.0000,0.480,-0.480
438,busca,SEARCHING,0,667,0,0,129,451,85,0,0,320,240,0,0.0000,0.480,-0.480
439,busca,SEARCHING,0,690,0,0,130,471,88,0,0,320,240,0,0.0000,0.480,-0.480
440,busca,SEARCHING,0,767,0,0,139,527,101,0,0,320,240,0,0.0000,0.480,-0.480
441,busca,SEARCHING,0,713,0,0,139,486,88,0,0,320,240,0,0.0000,0.480,-0.480
442,busca,SEARCHING,0,645,0,0,122,440,83,0,0,320,240,0,0.0000,0.480,-0.480
443,busca,SEARCHING,0,597,0,0,115,407,74,0,0,320,240,0,0.0000,0.480,-0.480
444,busca,SEARCHING,0,579,0,0,109,394,76,0,0,320,240,0,0.0000,0.480,-0.480
445,busca,SEARCHING,0,548,0,0,104,373,71,0,0,320,240,0,0.0000,0.480,-0.480
446,busca,SEARCHING,0,544,0,0,103,371,70,0,0,320,240,0,0.0000,0.480,-0.480
447,busca,SEARCHING,0,543,0,0,102,370,71,0,0,320,240,0,0.0000,0.480,-0.480
448,busca,SEARCHING,0,548,0,0,103,375,70,0,0,320,240,0,0.0000,0.480,-0.480
449,busca,SEARCHING,0,522,0,0,99,356,67,0,0,320,240,0,0.0000,0.480,-0.480
450,busca,SEARCHING,0,520,0,0,99,353,67,0,0,320,240,0,0.0000,0.480,-0.480
451,busca,SEARCHING,0,524,0,0,99,355,70,0,0,320,240,0,0.0000,0.480,-0.480
452,busca,SEARCHING,0,523,0,0,100,353,70,0,0,320,240,0,0.0000,0.480,-0.480
453,busca,SEARCHING,0,522,0,0,99,356,67,0,0,320,240,0,0.0000,0.480,-0.480
454,busca,SEARCHING,0,524,0,0,105,352,67,0,0,320,240,0,0.0000,0.480,-0.480
455,busca,SEARCHING,0,539,0,0,104,367,67,0,0,320,240,0,0.0000,0.480,-0.480
456,busca,SEARCHING,0,535,0,0,99,366,70,0,0,320,240,0,0.0000,0.480,-0.480
457,busca,SEARCHING,0,526,0,0,103,356,67,0,0,320,240,0,0.0000,0.480,-0.480
458,busca,SEARCHING,0,547,0,0,103,374,70,0,0,320,240,0,0.0000,0.480,-0.480
459,busca,SEARCHING,0,552,0,0,109,373,70,0,0,320,240,0,0.0000,0.480,-0.480
460,busca,SEARCHING,0,527,0,0,104,356,67,0,0,320,240,0,0.0000,0.480,-0.480
461,busca,SEARCHING,0,522,0,0,99,355,67,0,0,320,240,0,0.0000,0.480,-0.480
462,busca,SEARCHING,0,521,0,0,99,355,67,0,0,320,240,0,0.0000,0.480,-0.480
463,busca,SEARCHING,0,521,0,0,101,353,67,0,0,320,240,0,0.0000,0.480,-0.480
464,busca,SEARCHING,0,516,0,0,96,353,67,0,0,320,240,0,0.0000,0.480,-0.480
465,busca,SEARCHING,0,519,0,0,99,353,67,0,0,320,240,0,0.0000,0.480,-0.480
466,busca,SEARCHING,0,521,0,0,98,355,67,0,0,320,240,0,0.0000,0.480,-0.480
467,busca,SEARCHING,0,498,0,0,95,339,64,0,0,320,240,0,0.0000,0.480,-0.480
468,busca,SEARCHING,0,497,0,0,96,337,64,0,0,320,240,0,0.0000,0.480,-0.480
469,busca,SEARCHING,0,495,0,0,94,337,64,0,0,320,240,0,0.0000,0.480,-0.480
470,busca,SEARCHING,0,495,0,0,94,337,64,0,0,320,240,0,0.0000,0.480,-0.480
471,busca,SEARCHING,0,496,0,0,95,336,64,0,0,320,240,0,0.0000,0.480,-0.480
472,busca,SEARCHING,0,498,0,0,95,337,66,0,0,320,240,0,0.0000,0.480,-0.480
473,busca,SEARCHING,0,497,0,0,94,339,64,0,0,320,240,0,0.0000,0.480,-0.480
474,busca,SEARCHING,0,500,0,0,95,340,63,0,0,320,240,0,0.0000,0.480,-0.480
475,busca,SEARCHING,0,498,0,0,97,337,63,0,1,320,240,0,0.0000,0.480,-0.480
476,busca,SEARCHING,0,496,0,0,94,337,64,0,0,320,240,0,0.0000,0.480,-0.480
477,busca,SEARCHING,0,500,0,0,99,337,64,0,0,320,240,0,0.0000,0.480,-0.480
478,busca,SEARCHING,0,495,0,0,95,336,63,0,0,320,240,0,0.0000,0.480,-0.480
479,busca,SEARCHING,0,498,0,0,95,339,64,0,0,320,240,0,0.0000,0.480,-0.480
480,busca,SEARCHING,0,497,0,0,94,339,63,0,0,320,240,0,0.0000,0.480,-0.480
481,busca,SEARCHING,0,497,0,0,94,338,64,0,0,320,240,0,0.0000,0.480,-0.480
482,busca,SEARCHING,0,495,0,0,94,337,64,0,0,320,240,0,0.0000,0.480,-0.480
483,busca,SEARCHING,0,495,0,0,95,336,64,0,0,320,240,0,0.0000,0.480,-0.480
484,busca,SEARCHING,0,495,0,0,95,336,64,0,0,320,240,0,0.0000,0.480,-0.480
485,busca,SEARCHING,0,495,0,0,95,336,64,0,0,320,240,0,0.0000,0.480,-0.480
486,busca,SEARCHING,0,497,0,0,94,339,64,0,0,320,240,0,0.0000,0.480,-0.480
487,busca,SEARCHING,0,495,0,0,92,339,64,0,0,320,240,0,0.0000,0.480,-0.480
488,busca,SEARCHING,0,495,0,0,94,337,64,0,0,320,240,0,0.0000,0.480,-0.480
489,busca,SEARCHING,0,492,0,0,92,336,64,0,0,320,240,0,0.0000,0.480,-0.480
490,busca,SEARCHING,0,495,0,0,94,337,64,0,0,320,240,0,0.0000,0.480,-0.480
491,busca,SEARCHING,0,497,0,0,94,338,63,0,0,320,240,0,0.0000,0.480,-0.480
492,busca,SEARCHING,0,496,0,0,94,338,64,0,0,320,240,0,0.0000,0.480,-0.480
493,busca,SEARCHING,0,524,0,0,99,357,67,0,0,320,240,0,0.0000,0.480,-0.480
494,busca,SEARCHING,0,549,0,0,104,374,71,0,0,320,240,0,0.0000,0.480,-0.480
495,busca,SEARCHING,0,573,0,0,109,390,74,0,0,320,240,0,0.0000,0.480,-0.480
496,busca,SEARCHING,0,577,0,0,110,390,77,0,0,320,240,0,0.0000,0.480,-0.480
497,busca,SEARCHING,0,581,0,0,108,398,74,0,0,320,240,0,0.0000,0.480,-0.480
498,busca,SEARCHING,0,586,0,0,110,397,78,0,0,320,240,0,0.0000,0.480,-0.480
499,busca,SEARCHING,0,615,0,0,116,421,78,0,0,320,240,0,0.0000,0.480,-0.480
500,aquisicao,TRACKING,1,658,0,0,122,436,99,0,0,320,240,0,0.6625,0.871,-0.483
501,aquisicao,TRACKING,1,149,0,0,26,103,20,0,0,119,131,0,0.6687,0.880,-0.498
502,aquisicao,TRACKING,1,145,0,0,26,99,19,0,0,117,131,0,0.6812,0.895,-0.524
503,aquisicao,TRACKING,1,138,0,0,25,94,18,1,0,115,131,0,0.6875,0.896,-0.530
504,aquisicao,TRACKING,1,134,0,0,24,92,18,0,0,113,131,0,0.7000,0.907,-0.552
505,aquisicao,TRACKING,1,129,0,0,22,90,16,0,1,111,131,0,0.7125,0.915,-0.570
506,aquisicao,TRACKING,1,125,0,0,22,87,16,0,0,109,131,0,0.7312,0.930,-0.602
507,aquisicao,TRACKING,1,120,0,0,21,82,17,0,0,107,131,0,0.7500,0.941,-0.629
508,aquisicao,TRACKING,1,123,0,0,23,83,17,0,0,105,131,0,0.7688,0.950,-0.654
509,aquisicao,TRACKING,1,136,0,0,23,91,22,0,0,103,131,0,0.7875,0.958,-0.678
510,aquisicao,TRACKING,1,140,0,0,28,93,19,0,0,101,131,0,0.8000,0.955,-0.687
511,aquisicao,TRACKING,1,126,0,0,23,85,17,0,1,99,131,0,0.8188,0.964,-0.712
512,aquisicao,TRACKING,1,115,0,0,21,77,17,0,0,97,131,0,0.8375,0.972,-0.736
513,aquisicao,TRACKING,1,118,0,0,21,81,15,0,1,95,131,0,0.8500,0.970,-0.744
514,aquisicao,TRACKING,1,109,0,0,19,74,15,1,0,93,131,0,0.8625,0.970,-0.755
515,aquisicao,TRACKING,1,100,0,0,17,68,15,0,0,91,131,0,0.8687,0.962,-0.753
516,aquisicao,TRACKING,1,109,0,0,19,75,15,0,0,94,131,0,0.8625,0.940,-0.726
517,aquisicao,TRACKING,1,112,0,0,19,77,15,1,0,97,131,0,0.8438,0.909,-0.678
518,aquisicao,TRACKING,1,111,0,0,19,73,19,0,0,100,131,0,0.8250,0.887,-0.640
519,aquisicao,TRACKING,1,113,0,0,20,77,15,0,1,103,131,0,0.8000,0.863,-0.595
520,aquisicao,TRACKING,1,114,0,0,21,76,16,1,0,106,131,0,0.7688,0.837,-0.541
521,aquisicao,TRACKING,1,112,0,0,20,76,16,0,0,109,131,0,0.7437,0.827,-0.509
522,aquisicao,TRACKING,1,114,0,0,20,78,16,0,0,112,131,0,0.7125,0.809,-0.464
523,aquisicao,TRACKING,1,120,0,0,21,82,17,0,0,115,131,0,0.6812,0.794,-0.423
524,aquisicao,TRACKING,1,134,0,0,24,91,19,0,0,118,131,0,0.6500,0.782,-0.384
525,aquisicao,TRACKING,1,138,0,0,25,94,19,0,0,121,131,0,0.6187,0.771,-0.346
526,aquisicao,TRACKING,1,144,0,0,25,99,20,0,0,124,131,0,0.5938,0.770,-0.323
527,aquisicao,TRACKING,1,148,0,0,26,102,20,0,0,127,131,0,0.5625,0.757,-0.283
528,aquisicao,TRACKING,1,148,0,0,27,100,20,0,0,130,131,0,0.5375,0.755,-0.260
529,aquisicao,TRACKING,1,162,0,0,29,108,25,0,0,131,131,0,0.5125,0.751,-0.234
530,aquisicao,TRACKING,1,168,0,0,31,114,23,0,0,131,131,0,0.4875,0.746,-0.207
531,aquisicao,TRACKING,1,183,0,0,37,122,24,0,0,131,131,0,0.4625,0.740,0.221
532,aquisicao,TRACKING,1,191,0,0,35,130,26,0,0,131,131,0,0.4437,0.742,0.235
533,aquisicao,TRACKING,1,186,0,0,35,127,23,0,0,131,131,0,0.4187,0.732,0.266
534,aquisicao,TRACKING,1,171,0,0,30,118,21,0,0,131,131,0,0.4000,0.733,0.282
535,aquisicao,TRACKING,1,156,0,0,29,107,20,0,0,131,131,0,0.3812,0.731,0.300
536,aquisicao,TRACKING,1,147,0,0,27,101,19,0,0,131,131,0,0.3625,0.727,0.319
537,aquisicao,TRACKING,1,147,0,0,27,101,19,0,0,131,131,0,0.3438,0.723,0.340
538,aquisicao,TRACKING,1,147,0,0,27,101,19,0,0,131,131,0,0.3250,0.718,0.361
539,aquisicao,TRACKING,1,139,0,0,26,96,17,0,0,131,131,0,0.3063,0.714,0.382
540,aquisicao,TRACKING,1,139,0,0,26,96,17,0,0,131,131,0,0.2875,0.708,0.403
541,aquisicao,TRACKING,1,147,0,0,27,101,18,1,0,131,131,0,0.2688,0.703,0.425
542,aquisicao,TRACKING,1,155,0,0,29,107,19,0,0,131,131,0,0.2500,0.698,0.446
543,aquisicao,TRACKING,1,146,0,0,28,101,17,0,0,131,131,0,0.2313,0.693,0.468
544,aquisicao,TRACKING,1,146,0,0,27,101,18,0,0,131,131,0,0.2125,0.687,0.489
545,aquisicao,TRACKING,1,139,0,0,26,96,17,0,0,131,131,0,0.1937,0.682,0.511
546,aquisicao,TRACKING,1,140,0,0,26,96,18,0,0,131,131,0,0.1750,0.676,0.532
547,aquisicao,TRACKING,1,139,0,0,26,96,17,0,0,131,131,0,0.1562,0.671,0.554
548,aquisicao,TRACKING,1,138,0,0,25,96,17,0,0,131,131,0,0.1375,0.666,0.576
549,aquisicao,TRACKING,1,139,0,0,26,95,18,0,0,131,131,0,0.1187,0.660,0.597
550,aquisicao,TRACKING,1,138,0,0,26,96,16,0,0,131,131,0,0.1000,0.655,0.619
551,aquisicao,TRACKING,1,138,0,0,25,96,17,0,0,131,131,0,0.0812,0.649,0.640
552,aquisicao,TRACKING,1,138,0,0,26,96,16,0,0,131,131,0,0.0625,0.644,0.662
553,aquisicao,TRACKING,1,138,0,0,26,96,16,0,0,131,131,0,0.0437,0.639,0.684
554,aquisicao,TRACKING,1,131,0,0,24,90,16,0,0,131,131,0,0.0312,0.642,0.691
555,aquisicao,TRACKING,1,134,0,0,24,94,15,0,0,131,131,0,0.0125,0.634,0.715
556,aquisicao,TRACKING,1,135,0,0,24,96,15,0,0,131,131,0,-0.0063,0.621,0.733
557,aquisicao,TRACKING,1,124,0,0,23,87,14,0,0,131,131,0,-0.0250,0.599,0.740
558,aquisicao,TRACKING,1,125,0,0,23,87,14,1,0,131,131,0,-0.0437,0.577,0.746
559,aquisicao,TRACKING,1,124,0,0,23,87,14,0,0,131,131,0,-0.0625,0.555,0.751
560,aquisicao,TRACKING,1,125,0,0,23,87,15,0,0,131,131,0,-0.0812,0.533,0.757
561,aquisicao,TRACKING,1,125,0,0,23,87,15,0,0,131,131,0,-0.1000,0.511,0.763
562,aquisicao,TRACKING,1,124,0,0,23,87,14,0,0,131,131,0,-0.1187,0.489,0.768
563,aquisicao,TRACKING,1,119,0,0,23,82,14,0,0,131,131,0,-0.1375,0.468,0.774
564,aquisicao,TRACKING,1,121,0,0,24,83,14,0,0,131,131,0,-0.1562,0.446,0.779
565,aquisicao,TRACKING,1,118,0,0,22,82,14,0,0,131,131,0,-0.1750,0.424,0.784
566,aquisicao,TRACKING,1,124,0,0,22,86,14,0,1,131,131,0,-0.1937,0.403,0.790
567,aquisicao,TRACKING,1,131,0,0,24,91,16,0,0,131,131,0,-0.2125,0.381,0.795
568,aquisicao,TRACKING,1,131,0,0,24,91,15,0,0,131,131,0,-0.2313,0.360,0.801
569,aquisicao,TRACKING,1,131,0,0,24,91,15,1,0,131,131,0,-0.2500,0.338,0.806
570,aquisicao,TRACKING,1,132,0,0,24,91,15,1,1,131,131,0,-0.2688,0.316,0.811
571,aquisicao,TRACKING,1,124,0,0,23,87,14,0,0,131,131,0,-0.2875,0.295,0.817
572,aquisicao,TRACKING,1,125,0,0,24,86,15,0,0,131,131,0,-0.3063,0.273,0.822
573,aquisicao,TRACKING,1,125,0,0,23,87,14,1,0,131,131,0,-0.3250,0.252,0.828
574,aquisicao,TRACKING,1,119,0,0,22,83,14,0,0,131,131,0,-0.3438,0.230,0.833
575,aquisicao,TRACKING,1,121,0,0,22,85,14,0,0,131,131,0,-0.3688,-0.206,0.847
576,aquisicao,TRACKING,1,119,0,0,22,83,13,0,1,131,131,0,-0.3875,-0.225,0.850
577,aquisicao,TRACKING,1,120,0,0,22,83,13,1,0,131,131,0,-0.4062,-0.245,0.854
578,aquisicao,TRACKING,1,119,0,0,22,83,14,0,0,131,131,0,-0.4250,-0.265,0.858
579,aquisicao,TRACKING,1,119,0,0,23,82,14,0,0,131,131,0,-0.4437,-0.286,0.863
580,aquisicao,TRACKING,1,119,0,0,22,83,14,0,0,131,131,0,-0.4625,-0.307,0.868
581,aquisicao,TRACKING,1,119,0,0,22,83,14,0,0,131,131,0,-0.4812,-0.329,0.873
582,aquisicao,TRACKING,1,119,0,0,23,82,14,0,0,131,131,0,-0.5000,-0.350,0.878
583,aquisicao,TRACKING,1,122,0,0,23,84,14,0,0,131,131,0,-0.5188,-0.372,0.884
584,aquisicao,TRACKING,1,119,0,0,22,83,13,0,0,131,131,0,-0.5375,-0.393,0.889
585,aquisicao,TRACKING,1,119,0,0,22,83,13,0,0,131,131,0,-0.5562,-0.415,0.894
586,aquisicao,TRACKING,1,119,0,0,23,82,14,0,0,131,131,0,-0.5750,-0.436,0.900
587,aquisicao,TRACKING,1,119,0,0,22,83,14,0,0,131,131,0,-0.5938,-0.458,0.905
588,aquisicao,TRACKING,1,122,0,0,25,82,14,0,0,131,131,0,-0.6125,-0.480,0.910
589,aquisicao,TRACKING,1,119,0,0,22,83,13,1,0,131,131,0,-0.6313,-0.501,0.916
590,aquisicao,TRACKING,1,119,0,0,22,83,14,0,0,131,131,0,-0.6500,-0.523,0.921
591,aquisicao,TRACKING,1,119,0,0,23,82,14,0,0,131,131,0,-0.6687,-0.544,0.927
592,aquisicao,TRACKING,1,119,0,0,22,81,16,0,0,129,131,0,-0.6875,-0.566,0.932
593,aquisicao,TRACKING,1,120,0,0,22,82,16,0,0,126,131,0,-0.7063,-0.588,0.937
594,aquisicao,TRACKING,1,116,0,0,21,79,16,0,0,123,131,0,-0.7250,-0.609,0.943
595,aquisicao,TRACKING,1,114,0,0,20,78,15,0,0,120,131,0,-0.7437,-0.631,0.948
596,aquisicao,TRACKING,1,117,0,0,21,80,16,0,0,117,131,0,-0.7563,-0.638,0.945
597,aquisicao,TRACKING,1,113,0,0,20,77,16,0,0,114,131,0,-0.7750,-0.662,0.953
598,aquisicao,TRACKING,1,114,0,0,20,78,15,0,0,111,131,0,-0.7937,-0.686,0.960
599,aquisicao,TRACKING,1,110,0,0,20,75,15,0,0,108,131,0,-0.8125,-0.708,0.966
600,aquisicao,TRACKING,1,106,0,0,19,71,15,1,0,105,131,0,-0.8313,-0.731,0.972
601,aquisicao,TRACKING,1,107,0,0,19,72,15,1,0,102,131,0,-0.8500,-0.753,0.978
602,aquisicao,TRACKING,1,98,0,0,17,66,15,0,0,99,131,0,-0.8687,-0.774,0.984
603,aquisicao,TRACKING,1,93,0,0,17,62,13,0,0,96,131,0,-0.8875,-0.796,0.989
604,aquisicao,TRACKING,1,94,0,0,16,64,13,0,1,93,131,0,-0.9062,-0.818,0.995
605,aquisicao,TRACKING,1,93,0,0,16,63,13,1,0,92,131,0,-0.9125,-0.811,0.982
606,aquisicao,TRACKING,1,95,0,0,17,65,13,0,0,94,131,0,-0.9062,-0.781,0.958
607,aquisicao,TRACKING,1,93,0,0,16,63,14,0,0,96,131,0,-0.8938,-0.745,0.933
608,aquisicao,TRACKING,1,111,0,0,26,69,15,1,0,98,131,0,-0.8750,-0.704,0.908
609,aquisicao,TRACKING,1,111,0,0,18,68,15,6,3,100,131,0,-0.8500,-0.656,0.881
610,aquisicao,TRACKING,1,106,0,0,19,72,15,0,0,102,131,0,-0.8313,-0.630,0.872
611,aquisicao,TRACKING,1,110,0,0,20,74,16,0,0,104,131,0,-0.8062,-0.591,0.855
612,aquisicao,TRACKING,1,120,0,0,22,80,17,1,0,106,131,0,-0.7812,-0.557,0.842
613,aquisicao,TRACKING,1,130,0,0,23,88,18,0,1,108,131,0,-0.7563,-0.524,0.831
614,aquisicao,TRACKING,1,140,0,0,25,95,20,0,0,110,131,0,-0.7312,-0.494,0.822
615,aquisicao,TRACKING,1,131,0,0,26,86,19,0,0,112,131,0,-0.7063,-0.463,0.813
616,aquisicao,TRACKING,1,132,0,0,24,89,19,0,0,114,131,0,-0.6875,-0.448,0.814
617,aquisicao,TRACKING,1,136,0,0,25,92,19,0,0,116,131,0,-0.6687,-0.431,0.813
618,aquisicao,TRACKING,1,132,0,0,24,90,17,0,1,118,131,0,-0.6438,-0.397,0.801
619,aquisicao,TRACKING,1,129,0,0,23,88,18,0,0,120,131,0,-0.6250,-0.380,0.800
620,aquisicao,TRACKING,1,133,0,0,24,90,19,0,0,122,131,0,-0.6125,-0.375,0.806
621,aquisicao,TRACKING,1,138,0,0,25,93,18,1,0,124,131,0,-0.5938,-0.352,0.799
622,aquisicao,TRACKING,1,140,0,0,25,96,19,0,0,126,131,0,-0.5813,-0.344,0.802
623,aquisicao,TRACKING,1,144,0,0,27,97,20,0,0,128,131,0,-0.5625,-0.319,0.793
624,aquisicao,TRACKING,1,157,0,0,29,106,22,0,0,130,131,0,-0.5500,-0.310,0.795
625,aquisicao,TRACKING,1,182,0,0,31,129,22,0,0,131,131,0,-0.5375,-0.299,0.794
626,aquisicao,TRACKING,1,167,0,0,31,114,22,0,0,131,131,0,-0.5250,-0.286,0.792
627,aquisicao,TRACKING,1,167,0,0,31,114,21,0,0,131,131,0,-0.5125,-0.273,0.790
628,aquisicao,TRACKING,1,168,0,0,31,114,23,0,0,131,131,0,-0.5000,-0.259,0.787
629,aquisicao,TRACKING,1,157,0,0,29,107,20,0,1,131,131,0,-0.4875,-0.245,0.784
630,aquisicao,TRACKING,1,160,0,0,29,112,19,0,0,131,131,0,-0.4750,-0.231,0.780
631,aquisicao,TRACKING,1,161,0,0,33,108,20,0,0,131,131,0,-0.4625,-0.217,0.777
632,aquisicao,TRACKING,1,148,0,0,27,101,20,0,0,131,131,0,-0.4500,-0.202,0.773
633,aquisicao,TRACKING,1,151,0,0,31,102,18,0,0,131,131,0,-0.4375,0.212,0.770
634,aquisicao,TRACKING,1,147,0,0,27,101,19,0,0,131,131,0,-0.4250,0.226,0.766
635,aquisicao,TRACKING,1,147,0,0,28,101,17,1,0,131,131,0,-0.4125,0.241,0.763
636,aquisicao,TRACKING,1,140,0,0,26,96,18,0,0,131,131,0,-0.4000,0.255,0.759
637,aquisicao,TRACKING,1,140,0,0,26,96,18,0,0,131,131,0,-0.3875,0.270,0.756
638,aquisicao,TRACKING,1,140,0,0,27,96,17,0,0,131,131,0,-0.3750,0.284,0.752
639,aquisicao,TRACKING,1,140,0,0,26,96,17,1,0,131,131,0,-0.3625,0.298,0.748
640,aquisicao,TRACKING,1,138,0,0,26,95,17,0,0,131,131,0,-0.3500,0.313,0.745
641,aquisicao,TRACKING,1,139,0,0,26,96,17,0,0,131,131,0,-0.3375,0.327,0.741
642,aquisicao,TRACKING,1,132,0,0,25,91,16,0,0,131,131,0,-0.3250,0.342,0.738
643,aquisicao,TRACKING,1,136,0,0,28,91,16,1,0,131,131,0,-0.3187,0.342,0.743
644,aquisicao,TRACKING,1,134,0,0,25,93,16,0,0,131,131,0,-0.3063,0.359,0.737
645,aquisicao,TRACKING,1,131,0,0,25,90,15,0,0,131,131,0,-0.2937,0.375,0.731
646,aquisicao,TRACKING,1,132,0,0,25,91,16,0,0,131,131,0,-0.2812,0.390,0.727
647,aquisicao,TRACKING,1,126,0,0,24,87,14,1,0,131,131,0,-0.2688,0.405,0.722
648,aquisicao,TRACKING,1,130,0,0,23,90,17,0,0,131,131,0,-0.2562,0.420,0.718
649,aquisicao,TRACKING,1,132,0,0,25,91,15,1,0,131,131,0,-0.2438,0.435,0.715
650,aquisicao,TRACKING,1,144,0,0,26,99,19,0,0,131,131,0,-0.2313,0.449,0.711
651,aquisicao,TRACKING,1,150,0,0,27,103,19,0,0,131,131,0,-0.2188,0.464,0.707
652,aquisicao,TRACKING,1,156,0,0,29,107,20,0,0,131,131,0,-0.2062,0.478,0.703
653,aquisicao,TRACKING,1,147,0,0,27,101,18,0,0,131,131,0,-0.1937,0.493,0.700
654,aquisicao,TRACKING,1,147,0,0,28,101,17,0,0,131,131,0,-0.1813,0.507,0.696
655,aquisicao,TRACKING,1,175,0,0,28,124,22,0,0,131,131,0,-0.1688,0.522,0.693
656,aquisicao,TRACKING,1,170,0,0,35,114,21,0,0,131,131,0,-0.1562,0.536,0.689
657,aquisicao,TRACKING,1,175,0,0,32,121,20,0,1,131,131,0,-0.1437,0.550,0.685
658,aquisicao,TRACKING,1,194,0,0,35,134,25,0,0,131,131,0,-0.1312,0.565,0.682
659,aquisicao,TRACKING,1,194,0,0,35,135,23,1,0,131,131,0,-0.1187,0.579,0.678
660,aquisicao,TRACKING,1,175,0,0,33,121,21,0,0,131,131,0,-0.1063,0.594,0.675
661,aquisicao,TRACKING,1,177,0,0,33,119,24,0,0,131,131,0,-0.0938,0.608,0.671
662,aquisicao,TRACKING,1,155,0,0,28,107,20,0,0,131,131,0,-0.0812,0.622,0.667
663,aquisicao,TRACKING,1,172,0,0,31,120,21,0,0,131,131,0,-0.0688,0.637,0.664
664,aquisicao,TRACKING,1,185,0,0,32,130,22,0,0,131,131,0,-0.0500,0.666,0.651
665,aquisicao,TRACKING,1,165,0,0,30,114,21,0,0,131,131,0,-0.0375,0.677,0.650
666,aquisicao,TRACKING,1,156,0,0,29,107,20,0,0,131,131,0,-0.0250,0.690,0.649
667,aquisicao,TRACKING,1,147,0,0,27,101,19,0,0,131,131,0,-0.0125,0.703,0.646
668,aquisicao,TRACKING,1,139,0,0,26,96,17,0,0,131,131,0,0.0000,0.717,0.643
669,aquisicao,TRACKING,1,139,0,0,25,95,18,0,0,131,131,0,0.0125,0.720,0.629
670,aquisicao,TRACKING,1,139,0,0,26,96,17,0,0,131,131,0,0.0250,0.724,0.615
671,aquisicao,TRACKING,1,139,0,0,26,96,17,0,0,131,131,0,0.0375,0.727,0.601
672,aquisicao,TRACKING,1,131,0,0,24,91,16,0,0,131,131,0,0.0500,0.731,0.586
673,aquisicao,TRACKING,1,132,0,0,24,91,17,0,0,131,131,0,0.0625,0.734,0.572
674,aquisicao,TRACKING,1,126,0,0,24,86,16,0,0,131,131,0,0.0750,0.738,0.558
675,aquisicao,TRACKING,1,128,0,0,24,89,15,0,0,131,131,0,0.0875,0.741,0.543
676,aquisicao,TRACKING,1,130,0,0,24,90,16,0,0,131,131,0,0.1000,0.745,0.529
677,aquisicao,TRACKING,1,125,0,0,23,87,14,0,0,131,131,0,0.1125,0.748,0.514
678,aquisicao,TRACKING,1,126,0,0,24,86,16,0,0,131,131,0,0.1250,0.752,0.500
679,aquisicao,TRACKING,1,123,0,0,24,84,15,0,0,131,131,0,0.1375,0.756,0.486
680,aquisicao,TRACKING,1,120,0,0,22,82,15,0,0,131,131,0,0.1500,0.759,0.471
681,aquisicao,TRACKING,1,120,0,0,23,82,15,0,0,131,131,0,0.1625,0.763,0.457
682,aquisicao,TRACKING,1,119,0,0,22,83,14,0,0,131,131,0,0.1750,0.766,0.442
683,aquisicao,TRACKING,1,122,0,0,24,83,15,0,0,131,131,0,0.1875,0.770,0.428
684,aquisicao,TRACKING,1,119,0,0,22,82,14,0,0,131,131,0,0.2000,0.774,0.414
685,aquisicao,TRACKING,1,120,0,0,22,83,15,0,0,131,131,0,0.2062,0.768,0.414
686,aquisicao,TRACKING,1,118,0,0,22,82,13,0,0,131,131,0,0.2188,0.775,0.396
687,aquisicao,TRACKING,1,121,0,0,23,82,15,0,1,131,131,0,0.2313,0.780,0.380
688,aquisicao,TRACKING,1,120,0,0,22,83,15,0,0,131,131,0,0.2438,0.785,0.365
689,aquisicao,TRACKING,1,119,0,0,22,83,14,0,0,131,131,0,0.2562,0.789,0.350
690,aquisicao,TRACKING,1,128,0,0,23,89,15,0,0,131,131,0,0.2688,0.793,0.335
691,aquisicao,TRACKING,1,132,0,0,24,91,15,1,0,131,131,0,0.2812,0.797,0.320
692,aquisicao,TRACKING,1,139,0,0,26,95,18,0,0,131,131,0,0.2937,0.800,0.306
693,aquisicao,TRACKING,1,132,0,0,24,91,17,0,0,131,131,0,0.3063,0.804,0.291
694,aquisicao,TRACKING,1,127,0,0,23,87,15,0,1,131,131,0,0.3187,0.808,0.277
695,aquisicao,TRACKING,1,129,0,0,23,89,15,0,0,131,131,0,0.3313,0.811,0.262
696,aquisicao,TRACKING,1,133,0,0,25,91,16,0,0,131,131,0,0.3438,0.815,0.248
697,aquisicao,TRACKING,1,126,0,0,23,86,16,0,0,131,131,0,0.3562,0.819,0.234
698,aquisicao,TRACKING,1,119,0,0,22,83,14,0,0,131,131,0,0.3688,0.822,0.219
699,aquisicao,TRACKING,1,120,0,0,23,82,15,0,0,131,131,0,0.3812,0.826,0.205
700,aquisicao,TRACKING,1,120,0,0,22,83,15,0,0,131,131,0,0.3938,0.829,-0.210
701,aquisicao,TRACKING,1,120,0,0,23,82,15,0,0,131,131,0,0.4062,0.833,-0.224
702,aquisicao,TRACKING,1,120,0,0,22,82,15,0,0,131,131,0,0.4187,0.837,-0.238
703,aquisicao,TRACKING,1,119,0,0,22,83,14,0,0,131,131,0,0.4313,0.840,-0.253
704,aquisicao,TRACKING,1,120,0,0,23,82,15,0,0,131,131,0,0.4437,0.844,-0.267
705,aquisicao,TRACKING,1,119,0,0,22,83,14,0,0,131,131,0,0.4563,0.847,-0.282
706,aquisicao,TRACKING,1,120,0,0,22,83,15,0,0,131,131,0,0.4688,0.851,-0.296
707,aquisicao,TRACKING,1,122,0,0,22,86,14,0,0,131,131,0,0.4812,0.855,-0.310
708,aquisicao,TRACKING,1,119,0,0,22,83,14,0,0,131,131,0,0.4938,0.858,-0.325
709,aquisicao,TRACKING,1,120,0,0,23,82,14,1,0,131,131,0,0.5063,0.862,-0.339
710,aquisicao,TRACKING,1,119,0,0,22,83,14,0,0,131,131,0,0.5188,0.865,-0.354
711,aquisicao,TRACKING,1,119,0,0,23,82,14,0,0,131,131,0,0.5312,0.869,-0.368
712,aquisicao,TRACKING,1,119,0,0,22,83,14,0,0,131,131,0,0.5437,0.873,-0.382
713,aquisicao,TRACKING,1,120,0,0,23,82,14,1,0,131,131,0,0.5562,0.876,-0.397
714,aquisicao,TRACKING,1,122,0,0,22,83,17,0,0,131,131,0,0.5750,0.889,-0.426
715,aquisicao,TRACKING,1,120,0,0,22,83,14,0,0,131,131,0,0.5875,0.890,-0.437
716,aquisicao,TRACKING,1,120,0,0,22,83,15,0,0,131,131,0,0.6000,0.891,-0.450
717,aquisicao,TRACKING,1,120,0,0,22,83,15,0,0,131,131,0,0.6125,0.894,-0.463
718,aquisicao,TRACKING,1,120,0,0,22,83,14,0,0,131,131,0,0.6250,0.897,-0.477
719,aquisicao,TRACKING,1,118,0,0,22,83,13,0,0,131,131,0,0.6375,0.900,-0.491
720,aquisicao,TRACKING,1,121,0,0,24,81,16,0,0,129,131,0,0.6500,0.904,-0.505
721,aquisicao,TRACKING,1,121,0,0,21,83,17,0,0,127,131,0,0.6625,0.907,-0.519
722,aquisicao,TRACKING,1,119,0,0,21,82,16,0,0,125,131,0,0.6750,0.911,-0.534
723,aquisicao,TRACKING,1,118,0,0,20,80,17,0,0,123,131,0,0.6875,0.914,-0.548
724,aquisicao,TRACKING,1,119,0,0,22,80,17,0,0,121,131,0,0.7000,0.918,-0.562
725,aquisicao,TRACKING,1,120,0,0,22,82,16,0,0,119,131,0,0.7125,0.921,-0.577
726,aquisicao,TRACKING,1,118,0,0,21,80,17,0,0,117,131,0,0.7250,0.925,-0.591
727,aquisicao,TRACKING,1,109,0,0,19,75,14,0,0,115,131,0,0.7375,0.928,-0.606
728,aquisicao,TRACKING,1,108,0,0,19,72,17,0,0,113,131,0,0.7500,0.932,-0.620
729,aquisicao,TRACKING,1,108,0,0,19,74,15,0,0,111,131,0,0.7625,0.936,-0.634
730,aquisicao,TRACKING,1,106,0,0,19,72,15,0,0,109,131,0,0.7750,0.939,-0.649
731,aquisicao,TRACKING,1,103,0,0,18,71,14,0,0,107,131,0,0.7875,0.943,-0.663
732,aquisicao,TRACKING,1,102,0,0,19,69,14,0,0,105,131,0,0.8000,0.946,-0.678
733,aquisicao,TRACKING,1,101,0,0,18,69,14,0,0,103,131,0,0.8125,0.950,-0.692
734,aquisicao,TRACKING,1,100,0,0,18,68,14,0,0,101,131,0,0.8250,0.954,-0.706
735,aquisicao,TRACKING,1,101,0,0,18,69,14,0,0,99,131,0,0.8375,0.957,-0.721
736,aquisicao,TRACKING,1,99,0,0,18,66,14,0,0,97,131,0,0.8500,0.961,-0.735
737,aquisicao,TRACKING,1,101,0,0,18,69,14,0,0,95,131,0,0.8625,0.964,-0.750
738,aquisicao,TRACKING,1,98,0,0,17,67,13,0,1,93,131,0,0.8750,0.968,-0.764
739,aquisicao,TRACKING,1,95,0,0,17,65,13,0,0,91,131,0,0.8750,0.954,-0.750
740,aquisicao,TRACKING,1,95,0,0,17,65,13,0,0,94,131,0,0.8625,0.927,-0.712
741,aquisicao,TRACKING,1,97,0,0,17,66,13,1,0,97,131,0,0.8500,0.910,-0.684
742,aquisicao,TRACKING,1,98,0,0,17,67,14,0,0,100,131,0,0.8250,0.880,-0.632
743,aquisicao,TRACKING,1,102,0,0,18,70,14,0,0,103,131,0,0.8000,0.859,-0.590
744,aquisicao,TRACKING,1,102,0,0,19,69,14,0,0,106,131,0,0.7688,0.834,-0.539
745,aquisicao,TRACKING,1,106,0,0,19,72,15,0,0,109,131,0,0.7437,0.825,-0.508
746,aquisicao,TRACKING,1,105,0,0,19,70,15,0,0,112,131,0,0.7125,0.808,-0.463
747,aquisicao,TRACKING,1,113,0,0,20,78,15,0,0,115,131,0,0.6812,0.794,-0.422
748,aquisicao,TRACKING,1,113,0,0,20,77,16,0,0,118,131,0,0.6500,0.782,-0.383
749,aquisicao,TRACKING,1,114,0,0,21,77,15,0,1,121,131,0,0.6187,0.771,-0.346
750,aquisicao,TRACKING,1,119,0,0,22,80,17,0,0,124,131,0,0.5938,0.770,-0.323
751,aquisicao,TRACKING,1,122,0,0,22,83,17,0,0,127,131,0,0.5625,0.757,-0.283
752,aquisicao,TRACKING,1,122,0,0,23,82,17,0,0,130,131,0,0.5375,0.755,-0.260
753,aquisicao,TRACKING,1,132,0,0,31,84,16,1,0,131,131,0,0.5125,0.751,-0.234
754,aquisicao,TRACKING,1,127,0,0,22,88,17,0,0,131,131,0,0.4875,0.746,-0.207
755,aquisicao,TRACKING,1,127,0,0,23,87,17,0,0,131,131,0,0.4625,0.740,0.221
756,aquisicao,TRACKING,1,131,0,0,24,90,17,0,0,131,131,0,0.4437,0.742,0.235
757,aquisicao,TRACKING,1,139,0,0,25,96,18,0,0,131,131,0,0.4187,0.732,0.266
758,aquisicao,TRACKING,1,145,0,0,26,100,19,0,0,131,131,0,0.4000,0.733,0.282
759,aquisicao,TRACKING,1,147,0,0,27,101,18,0,0,131,131,0,0.3812,0.731,0.300
760,aquisicao,TRACKING,1,143,0,0,27,99,17,0,0,131,131,0,0.3625,0.727,0.319
761,aquisicao,TRACKING,1,139,0,0,25,96,18,0,0,131,131,0,0.3438,0.723,0.340
762,aquisicao,TRACKING,1,145,0,0,26,100,18,0,0,131,131,0,0.3250,0.718,0.361
763,aquisicao,TRACKING,1,153,0,0,28,106,19,0,0,131,131,0,0.3063,0.714,0.382
764,aquisicao,TRACKING,1,166,0,0,30,114,22,0,0,131,131,0,0.2875,0.708,0.403
765,aquisicao,TRACKING,1,169,0,0,34,114,20,1,0,131,131,0,0.2688,0.703,0.425
766,aquisicao,TRACKING,1,167,0,0,32,114,21,0,0,131,131,0,0.2500,0.698,0.446
767,aquisicao,TRACKING,1,156,0,0,29,107,19,1,0,131,131,0,0.2313,0.693,0.468
768,aquisicao,TRACKING,1,147,0,0,27,101,18,0,0,131,131,0,0.2125,0.687,0.489
769,aquisicao,TRACKING,1,146,0,0,27,101,18,0,0,131,131,0,0.1937,0.682,0.511
770,aquisicao,TRACKING,1,147,0,0,27,102,18,0,0,131,131,0,0.1750,0.676,0.532
771,aquisicao,TRACKING,1,147,0,0,27,101,19,0,0,131,131,0,0.1562,0.671,0.554
772,aquisicao,TRACKING,1,139,0,0,26,96,17,0,0,131,131,0,0.1375,0.666,0.576
773,aquisicao,TRACKING,1,146,0,0,27,101,18,0,0,131,131,0,0.1187,0.660,0.597
774,aquisicao,TRACKING,1,155,0,0,29,107,19,0,0,131,131,0,0.1000,0.655,0.619
775,aquisicao,TRACKING,1,162,0,0,31,113,18,0,0,131,131,0,0.0812,0.649,0.640
776,aquisicao,TRACKING,1,145,0,0,27,101,17,0,0,131,131,0,0.0625,0.644,0.662
777,aquisicao,TRACKING,1,145,0,0,27,101,17,0,0,131,131,0,0.0437,0.639,0.684
778,aquisicao,TRACKING,1,145,0,0,27,101,17,0,0,131,131,0,0.0312,0.642,0.691
779,aquisicao,TRACKING,1,139,0,0,26,96,16,1,0,131,131,0,0.0125,0.634,0.715
780,aquisicao,TRACKING,1,138,0,0,26,96,16,0,0,131,131,0,-0.0063,0.621,0.733
781,aquisicao,TRACKING,1,138,0,0,26,96,16,0,0,131,131,0,-0.0250,0.599,0.740
782,aquisicao,TRACKING,1,138,0,0,25,96,16,1,0,131,131,0,-0.0437,0.577,0.746
783,aquisicao,TRACKING,1,131,0,0,24,91,16,0,0,131,131,0,-0.0625,0.555,0.751
784,aquisicao,TRACKING,1,131,0,0,25,91,15,0,0,131,131,0,-0.0812,0.533,0.757
785,aquisicao,TRACKING,1,131,0,0,25,91,15,0,0,131,131,0,-0.1000,0.511,0.763
786,aquisicao,TRACKING,1,131,0,0,25,91,15,0,0,131,131,0,-0.1187,0.489,0.768
787,aquisicao,TRACKING,1,132,0,0,25,91,16,0,0,131,131,0,-0.1375,0.468,0.774
788,aquisicao,TRACKING,1,131,0,0,25,91,15,0,0,131,131,0,-0.1562,0.446,0.779
789,aquisicao,TRACKING,1,125,0,0,23,87,14,1,0,131,131,0,-0.1750,0.424,0.784
790,aquisicao,TRACKING,1,125,0,0,23,86,14,0,1,131,131,0,-0.1937,0.403,0.790
791,aquisicao,TRACKING,1,125,0,0,23,87,14,0,0,131,131,0,-0.2125,0.381,0.795
792,aquisicao,TRACKING,1,125,0,0,23,86,15,0,0,131,131,0,-0.2313,0.360,0.801
793,aquisicao,TRACKING,1,125,0,0,24,86,15,0,0,131,131,0,-0.2500,0.338,0.806
794,aquisicao,TRACKING,1,127,0,0,23,89,15,0,0,131,131,0,-0.2688,0.316,0.811
795,aquisicao,TRACKING,1,119,0,0,22,82,14,0,0,131,131,0,-0.2875,0.295,0.817
796,aquisicao,TRACKING,1,119,0,0,22,83,14,0,0,131,131,0,-0.3063,0.273,0.822
797,aquisicao,TRACKING,1,119,0,0,22,83,14,0,0,131,131,0,-0.3250,0.252,0.828
798,aquisicao,TRACKING,1,125,0,0,23,87,14,0,1,131,131,0,-0.3438,0.230,0.833
799,aquisicao,TRACKING,1,131,0,0,24,91,16,0,0,131,131,0,-0.3688,-0.206,0.847
800,aquisicao,TRACKING,1,131,0,0,25,91,15,0,0,131,131,0,-0.3875,-0.225,0.850
801,aquisicao,TRACKING,1,125,0,0,23,87,14,0,0,131,131,0,-0.4062,-0.245,0.854
802,aquisicao,TRACKING,1,125,0,0,23,87,14,0,0,131,131,0,-0.4250,-0.265,0.858
803,aquisicao,TRACKING,1,128,0,0,23,90,15,0,0,131,131,0,-0.4437,-0.286,0.863
804,aquisicao,TRACKING,1,125,0,0,23,86,14,0,0,131,131,0,-0.4625,-0.307,0.868
805,aquisicao,TRACKING,1,125,0,0,23,87,14,0,0,131,131,0,-0.4812,-0.329,0.873
806,aquisicao,TRACKING,1,124,0,0,23,86,15,0,0,131,131,0,-0.5000,-0.350,0.878
807,aquisicao,TRACKING,1,125,0,0,24,86,15,0,0,131,131,0,-0.5188,-0.372,0.884
808,aquisicao,TRACKING,1,119,0,0,22,83,13,0,0,131,131,0,-0.5375,-0.393,0.889
809,aquisicao,TRACKING,1,119,0,0,22,83,13,1,0,131,131,0,-0.5562,-0.415,0.894
810,aquisicao,TRACKING,1,119,0,0,22,83,14,0,0,131,131,0,-0.5750,-0.436,0.900
811,aquisicao,TRACKING,1,118,0,0,22,82,14,0,0,131,131,0,-0.5938,-0.458,0.905
812,aquisicao,TRACKING,1,119,0,0,22,83,14,0,0,131,131,0,-0.6125,-0.480,0.910
813,aquisicao,TRACKING,1,125,0,0,23,87,14,1,0,131,131,0,-0.6313,-0.501,0.916
814,aquisicao,TRACKING,1,127,0,0,24,87,15,0,1,131,131,0,-0.6500,-0.523,0.921
815,aquisicao,TRACKING,1,131,0,0,25,91,15,0,0,131,131,0,-0.6687,-0.544,0.927
816,aquisicao,TRACKING,1,138,0,0,25,94,19,0,0,129,131,0,-0.6875,-0.566,0.932
817,aquisicao,TRACKING,1,147,0,0,27,100,20,0,0,126,131,0,-0.7063,-0.588,0.937
818,aquisicao,TRACKING,1,150,0,0,27,102,20,0,0,123,131,0,-0.7250,-0.609,0.943
819,aquisicao,TRACKING,1,137,0,0,25,93,19,0,0,120,131,0,-0.7375,-0.616,0.939
820,aquisicao,TRACKING,1,137,0,0,25,93,19,0,0,117,131,0,-0.7563,-0.641,0.947
821,aquisicao,TRACKING,1,132,0,0,24,89,19,0,0,114,131,0,-0.7750,-0.664,0.955
822,aquisicao,TRACKING,1,126,0,0,22,86,18,0,0,111,131,0,-0.7937,-0.687,0.961
823,aquisicao,TRACKING,1,122,0,0,21,83,16,0,1,108,131,0,-0.8125,-0.709,0.967
824,aquisicao,TRACKING,1,118,0,0,21,80,17,0,0,105,131,0,-0.8313,-0.731,0.973
825,aquisicao,TRACKING,1,117,0,0,20,80,17,0,0,102,131,0,-0.8500,-0.753,0.978
826,aquisicao,TRACKING,1,112,0,0,20,76,16,0,0,99,131,0,-0.8687,-0.775,0.984
827,aquisicao,TRACKING,1,107,0,0,19,72,16,0,0,96,131,0,-0.8875,-0.796,0.989
828,aquisicao,TRACKING,1,109,0,0,19,74,16,0,0,93,131,0,-0.9062,-0.818,0.995
829,aquisicao,TRACKING,1,102,0,0,17,70,15,0,0,92,131,0,-0.9125,-0.811,0.982
830,aquisicao,TRACKING,1,110,0,0,19,75,16,0,0,94,131,0,-0.9062,-0.781,0.958
831,aquisicao,TRACKING,1,108,0,0,20,72,16,0,0,96,131,0,-0.8938,-0.745,0.933
832,aquisicao,TRACKING,1,106,0,0,19,71,16,0,0,98,131,0,-0.8750,-0.704,0.908
833,aquisicao,TRACKING,1,109,0,0,19,74,16,0,0,100,131,0,-0.8500,-0.656,0.881
834,aquisicao,TRACKING,1,121,0,0,20,85,16,0,0,102,131,0,-0.8313,-0.630,0.872
835,aquisicao,TRACKING,1,113,0,0,20,74,18,1,0,104,131,0,-0.8062,-0.591,0.855
836,aquisicao,TRACKING,1,119,0,0,21,81,17,0,0,106,131,0,-0.7812,-0.557,0.842
837,aquisicao,TRACKING,1,122,0,0,21,83,18,0,0,108,131,0,-0.7563,-0.524,0.831
838,aquisicao,TRACKING,1,133,0,0,24,90,18,0,1,110,131,0,-0.7312,-0.494,0.822
839,aquisicao,TRACKING,1,129,0,0,23,87,19,0,0,112,131,0,-0.7063,-0.463,0.813
840,aquisicao,TRACKING,1,132,0,0,24,89,18,0,0,114,131,0,-0.6875,-0.448,0.814
841,aquisicao,TRACKING,1,145,0,0,26,98,21,0,0,116,131,0,-0.6687,-0.431,0.813
842,aquisicao,TRACKING,1,148,0,0,27,100,20,0,0,118,131,0,-0.6438,-0.397,0.801
843,aquisicao,TRACKING,1,145,0,0,27,98,20,0,0,120,131,0,-0.6250,-0.380,0.800
844,aquisicao,TRACKING,1,149,0,0,27,101,20,0,1,122,131,0,-0.6125,-0.375,0.806
845,aquisicao,TRACKING,1,153,0,0,28,103,21,0,1,124,131,0,-0.5938,-0.352,0.799
846,aquisicao,TRACKING,1,156,0,0,28,106,21,0,0,126,131,0,-0.5813,-0.344,0.802
847,aquisicao,TRACKING,1,152,0,0,28,103,20,0,0,128,131,0,-0.5625,-0.319,0.793
848,aquisicao,TRACKING,1,148,0,0,27,100,20,0,0,130,131,0,-0.5500,-0.310,0.795
849,aquisicao,TRACKING,1,148,0,0,27,101,19,0,1,131,131,0,-0.5375,-0.299,0.794
850,aquisicao,TRACKING,1,148,0,0,28,101,19,0,0,131,131,0,-0.5250,-0.286,0.792
851,aquisicao,TRACKING,1,148,0,0,27,102,18,0,1,131,131,0,-0.5125,-0.273,0.790
852,aquisicao,TRACKING,1,147,0,0,27,101,18,0,0,131,131,0,-0.5000,-0.259,0.787
853,aquisicao,TRACKING,1,148,0,0,27,101,19,0,1,131,131,0,-0.4875,-0.245,0.784
854,aquisicao,TRACKING,1,149,0,0,27,104,18,0,0,131,131,0,-0.4750,-0.231,0.780
855,aquisicao,TRACKING,1,147,0,0,26,103,18,0,0,131,131,0,-0.4625,-0.217,0.777
856,aquisicao,TRACKING,1,142,0,0,26,99,17,0,0,131,131,0,-0.4500,-0.202,0.773
857,aquisicao,TRACKING,1,142,0,0,26,99,17,0,0,131,131,0,-0.4375,0.212,0.770
858,aquisicao,TRACKING,1,141,0,0,26,95,20,0,0,131,131,0,-0.4250,0.226,0.766
859,aquisicao,TRACKING,1,139,0,0,26,96,16,0,0,131,131,0,-0.4125,0.241,0.763
860,aquisicao,TRACKING,1,138,0,0,25,96,17,0,0,131,131,0,-0.4000,0.255,0.759
861,aquisicao,TRACKING,1,139,0,0,26,95,18,0,0,131,131,0,-0.3875,0.270,0.756
862,aquisicao,TRACKING,1,132,0,0,24,91,16,0,0,131,131,0,-0.3750,0.284,0.752
863,aquisicao,TRACKING,1,133,0,0,25,91,17,0,0,131,131,0,-0.3625,0.298,0.748
864,aquisicao,TRACKING,1,132,0,0,24,91,17,0,0,131,131,0,-0.3500,0.313,0.745
865,aquisicao,TRACKING,1,132,0,0,24,91,16,0,0,131,131,0,-0.3375,0.327,0.741
866,aquisicao,TRACKING,1,131,0,0,24,91,16,0,0,131,131,0,-0.3250,0.342,0.738
867,aquisicao,TRACKING,1,132,0,0,24,91,16,0,1,131,131,0,-0.3187,0.342,0.743
868,aquisicao,TRACKING,1,133,0,0,25,91,17,0,0,131,131,0,-0.3063,0.359,0.737
869,aquisicao,TRACKING,1,133,0,0,24,91,17,0,0,131,131,0,-0.2937,0.375,0.731
870,aquisicao,TRACKING,1,131,0,0,24,91,16,0,0,131,131,0,-0.2812,0.390,0.727
871,aquisicao,TRACKING,1,139,0,0,25,96,18,0,0,131,131,0,-0.2688,0.405,0.722
872,aquisicao,TRACKING,1,149,0,0,28,101,19,0,0,131,131,0,-0.2562,0.420,0.718
873,aquisicao,TRACKING,1,157,0,0,29,108,20,0,0,131,131,0,-0.2438,0.435,0.715
874,aquisicao,TRACKING,1,171,0,0,31,118,21,1,0,131,131,0,-0.2313,0.449,0.711
875,aquisicao,TRACKING,1,175,0,0,32,122,21,0,0,131,131,0,-0.2188,0.464,0.707
876,aquisicao,TRACKING,1,177,0,0,32,122,22,1,0,131,131,0,-0.2062,0.478,0.703
877,aquisicao,TRACKING,1,182,0,0,33,124,24,0,0,131,131,0,-0.1937,0.493,0.700
878,aquisicao,TRACKING,1,200,0,0,36,139,24,0,0,131,131,0,-0.1813,0.507,0.696
879,aquisicao,TRACKING,1,204,0,0,38,141,24,0,1,131,131,0,-0.1688,0.522,0.693
880,aquisicao,TRACKING,1,221,0,0,40,152,27,0,0,131,131,0,-0.1562,0.536,0.689
881,aquisicao,TRACKING,1,204,0,0,38,140,25,0,1,131,131,0,-0.1437,0.550,0.685
882,aquisicao,TRACKING,1,190,0,0,34,130,24,0,1,131,131,0,-0.1312,0.565,0.682
883,aquisicao,TRACKING,1,195,0,0,41,131,22,1,0,131,131,0,-0.1187,0.579,0.678
884,aquisicao,TRACKING,1,176,0,0,33,121,22,0,0,131,131,0,-0.1063,0.594,0.675
885,aquisicao,TRACKING,1,179,0,0,33,124,22,0,0,131,131,0,-0.0938,0.608,0.671
886,aquisicao,TRACKING,1,175,0,0,32,122,21,0,0,131,131,0,-0.0812,0.622,0.667
887,aquisicao,TRACKING,1,190,0,0,35,132,22,0,0,131,131,0,-0.0688,0.637,0.664
888,aquisicao,TRACKING,1,175,0,0,32,122,21,0,0,131,131,0,-0.0500,0.666,0.651
889,aquisicao,TRACKING,1,206,0,0,39,141,25,1,0,131,131,0,-0.0375,0.677,0.650
890,aquisicao,TRACKING,1,188,0,0,35,130,22,1,0,131,131,0,-0.0250,0.690,0.649
891,aquisicao,TRACKING,1,177,0,0,33,121,22,1,0,131,131,0,-0.0125,0.703,0.646
892,aquisicao,TRACKING,1,176,0,0,33,121,21,0,0,131,131,0,0.0000,0.717,0.643
893,aquisicao,TRACKING,1,156,0,0,28,108,19,0,0,131,131,0,0.0125,0.720,0.629
894,aquisicao,TRACKING,1,162,0,0,29,107,25,1,0,131,131,0,0.0250,0.724,0.615
895,aquisicao,TRACKING,1,162,0,0,28,114,20,0,0,131,131,0,0.0375,0.727,0.601
896,aquisicao,TRACKING,1,155,0,0,29,107,19,0,0,131,131,0,0.0500,0.731,0.586
897,aquisicao,TRACKING,1,147,0,0,27,101,19,0,0,131,131,0,0.0625,0.734,0.572
898,aquisicao,TRACKING,1,147,0,0,28,101,18,0,0,131,131,0,0.0750,0.738,0.558
899,aquisicao,TRACKING,1,147,0,0,27,101,18,0,0,131,131,0,0.0875,0.741,0.543
900,aquisicao,TRACKING,1,138,0,0,25,96,17,0,0,131,131,0,0.1000,0.745,0.529
901,aquisicao,TRACKING,1,140,0,0,26,96,17,1,0,131,131,0,0.1125,0.748,0.514
902,aquisicao,TRACKING,1,140,0,0,26,96,17,0,1,131,131,0,0.1250,0.752,0.500
903,aquisicao,TRACKING,1,138,0,0,25,96,17,0,0,131,131,0,0.1375,0.756,0.486
904,aquisicao,TRACKING,1,140,0,0,26,96,17,0,1,131,131,0,0.1500,0.759,0.471
905,aquisicao,TRACKING,1,138,0,0,26,96,16,0,0,131,131,0,0.1625,0.763,0.457
906,aquisicao,TRACKING,1,142,0,0,26,99,17,0,0,131,131,0,0.1750,0.766,0.442
907,aquisicao,TRACKING,1,140,0,0,25,96,18,0,0,131,131,0,0.1875,0.770,0.428
908,aquisicao,TRACKING,1,151,0,0,27,106,18,0,0,131,131,0,0.2000,0.774,0.414
909,aquisicao,TRACKING,1,155,0,0,29,107,19,0,0,131,131,0,0.2062,0.768,0.414
910,aquisicao,TRACKING,1,155,0,0,29,107,19,0,0,131,131,0,0.2188,0.775,0.396
911,aquisicao,TRACKING,1,147,0,0,28,101,18,0,0,131,131,0,0.2313,0.780,0.380
912,aquisicao,TRACKING,1,146,0,0,27,101,18,0,0,131,131,0,0.2438,0.785,0.365
913,aquisicao,TRACKING,1,146,0,0,27,101,17,0,0,131,131,0,0.2562,0.789,0.350
914,aquisicao,TRACKING,1,146,0,0,27,101,18,0,0,131,131,0,0.2688,0.793,0.335
915,aquisicao,TRACKING,1,138,0,0,25,96,16,0,0,131,131,0,0.2812,0.797,0.320
916,aquisicao,TRACKING,1,138,0,0,25,96,17,0,0,131,131,0,0.2937,0.800,0.306
917,aquisicao,TRACKING,1,140,0,0,26,96,17,1,0,131,131,0,0.3063,0.804,0.291
918,aquisicao,TRACKING,1,138,0,0,26,96,16,0,0,131,131,0,0.3187,0.808,0.277
919,aquisicao,TRACKING,1,138,0,0,26,96,16,0,0,131,131,0,0.3313,0.811,0.262
920,aquisicao,TRACKING,1,139,0,0,25,96,18,0,0,131,131,0,0.3438,0.815,0.248
921,aquisicao,TRACKING,1,132,0,0,25,90,17,0,0,131,131,0,0.3562,0.819,0.234
922,aquisicao,TRACKING,1,132,0,0,24,91,17,0,0,131,131,0,0.3688,0.822,0.219
923,aquisicao,TRACKING,1,132,0,0,24,91,17,0,0,131,131,0,0.3812,0.826,0.205
924,aquisicao,TRACKING,1,125,0,0,23,87,15,0,0,131,131,0,0.3938,0.829,-0.210
925,aquisicao,TRACKING,1,132,0,0,25,91,16,0,0,131,131,0,0.4062,0.833,-0.224
926,aquisicao,TRACKING,1,134,0,0,24,93,16,0,0,131,131,0,0.4187,0.837,-0.238
927,aquisicao,TRACKING,1,134,0,0,25,94,15,0,0,131,131,0,0.4313,0.840,-0.253
928,aquisicao,TRACKING,1,126,0,0,23,87,15,0,0,131,131,0,0.4437,0.844,-0.267
929,aquisicao,TRACKING,1,126,0,0,24,86,15,1,0,131,131,0,0.4563,0.847,-0.282
930,aquisicao,TRACKING,1,125,0,0,23,86,15,0,0,131,131,0,0.4688,0.851,-0.296
931,aquisicao,TRACKING,1,126,0,0,23,87,16,0,0,131,131,0,0.4812,0.855,-0.310
932,aquisicao,TRACKING,1,125,0,0,23,87,15,0,0,131,131,0,0.4938,0.858,-0.325
933,aquisicao,TRACKING,1,126,0,0,24,86,16,0,0,131,131,0,0.5063,0.862,-0.339
934,aquisicao,TRACKING,1,125,0,0,23,87,15,0,0,131,131,0,0.5188,0.865,-0.354
935,aquisicao,TRACKING,1,126,0,0,23,86,16,0,0,131,131,0,0.5312,0.869,-0.368
936,aquisicao,TRACKING,1,120,0,0,22,83,14,0,0,131,131,0,0.5437,0.873,-0.382
937,aquisicao,TRACKING,1,122,0,0,22,83,17,0,0,131,131,0,0.5562,0.876,-0.397
938,aquisicao,TRACKING,1,120,0,0,22,83,15,0,0,131,131,0,0.5750,0.889,-0.426
939,aquisicao,TRACKING,1,120,0,0,22,83,15,0,0,131,131,0,0.5875,0.890,-0.437
940,aquisicao,TRACKING,1,120,0,0,22,83,15,0,0,131,131,0,0.6000,0.891,-0.450
941,aquisicao,TRACKING,1,120,0,0,22,82,15,0,0,131,131,0,0.6125,0.894,-0.463
942,aquisicao,TRACKING,1,122,0,0,22,83,16,1,0,131,131,0,0.6250,0.897,-0.477
943,aquisicao,TRACKING,1,122,0,0,24,83,15,0,0,131,131,0,0.6375,0.900,-0.491
944,aquisicao,TRACKING,1,119,0,0,22,81,16,0,0,129,131,0,0.6500,0.904,-0.505
945,aquisicao,TRACKING,1,121,0,0,22,83,16,0,0,127,131,0,0.6625,0.907,-0.519
946,aquisicao,TRACKING,1,119,0,0,22,81,16,0,0,125,131,0,0.6750,0.911,-0.534
947,aquisicao,TRACKING,1,116,0,0,21,79,16,0,0,123,131,0,0.6875,0.914,-0.548
948,aquisicao,TRACKING,1,114,0,0,21,76,15,1,0,121,131,0,0.7000,0.918,-0.562
949,aquisicao,TRACKING,1,114,0,0,20,79,15,0,0,119,131,0,0.7125,0.921,-0.577
950,aquisicao,TRACKING,1,114,0,0,20,78,16,0,0,117,131,0,0.7250,0.925,-0.591
951,aquisicao,TRACKING,1,109,0,0,19,75,15,0,0,115,131,0,0.7375,0.928,-0.606
952,aquisicao,TRACKING,1,106,0,0,19,72,15,0,0,113,131,0,0.7500,0.932,-0.620
953,aquisicao,TRACKING,1,109,0,0,19,75,15,0,0,111,131,0,0.7625,0.936,-0.634
954,aquisicao,TRACKING,1,107,0,0,19,73,14,0,1,109,131,0,0.7750,0.939,-0.649
955,aquisicao,TRACKING,1,104,0,0,19,70,14,1,0,107,131,0,0.7875,0.943,-0.663
956,aquisicao,TRACKING,1,103,0,0,18,70,14,0,0,105,131,0,0.8000,0.946,-0.678
957,aquisicao,TRACKING,1,101,0,0,18,69,13,0,0,103,131,0,0.8125,0.950,-0.692
958,aquisicao,TRACKING,1,99,0,0,18,67,14,0,0,101,131,0,0.8250,0.954,-0.706
959,aquisicao,TRACKING,1,97,0,0,17,65,14,0,0,99,131,0,0.8375,0.957,-0.721
960,aquisicao,TRACKING,1,94,0,0,17,63,14,0,0,97,131,0,0.8500,0.961,-0.735
961,aquisicao,TRACKING,1,96,0,0,17,66,13,0,0,95,131,0,0.8625,0.964,-0.750
962,aquisicao,TRACKING,1,95,0,0,16,66,13,0,0,93,131,0,0.8750,0.968,-0.764
963,aquisicao,TRACKING,1,90,0,0,16,62,12,0,0,91,131,0,0.8750,0.954,-0.750
964,aquisicao,TRACKING,1,95,0,0,16,65,13,0,0,94,131,0,0.8625,0.927,-0.712
965,aquisicao,TRACKING,1,95,0,0,17,64,14,0,0,97,131,0,0.8500,0.910,-0.684
966,aquisicao,TRACKING,1,98,0,0,18,66,13,0,0,100,131,0,0.8250,0.880,-0.632
967,aquisicao,TRACKING,1,102,0,0,18,69,15,0,0,103,131,0,0.8000,0.859,-0.590
968,aquisicao,TRACKING,1,101,0,0,18,69,14,0,0,106,131,0,0.7688,0.834,-0.539
969,aquisicao,TRACKING,1,107,0,0,19,73,15,0,0,109,131,0,0.7437,0.825,-0.508
970,aquisicao,TRACKING,1,109,0,0,20,73,15,0,1,112,131,0,0.7125,0.808,-0.463
971,aquisicao,TRACKING,1,115,0,0,20,78,15,0,0,115,131,0,0.6812,0.794,-0.422
972,aquisicao,TRACKING,1,119,0,0,21,81,17,0,0,118,131,0,0.6500,0.782,-0.383
973,aquisicao,TRACKING,1,119,0,0,21,80,17,0,0,121,131,0,0.6187,0.771,-0.346
974,aquisicao,TRACKING,1,122,0,0,21,84,17,0,0,124,131,0,0.5938,0.770,-0.323
975,aquisicao,TRACKING,1,130,0,0,23,89,16,0,0,127,131,0,0.5625,0.757,-0.283
976,aquisicao,TRACKING,1,126,0,0,23,86,17,0,0,130,131,0,0.5375,0.755,-0.260
977,aquisicao,TRACKING,1,127,0,0,23,87,17,0,0,131,131,0,0.5125,0.751,-0.234
978,aquisicao,TRACKING,1,128,0,0,24,86,18,0,0,131,131,0,0.4875,0.746,-0.207
979,aquisicao,TRACKING,1,127,0,0,23,87,17,0,0,131,131,0,0.4625,0.740,0.221
980,aquisicao,TRACKING,1,127,0,0,23,87,17,0,0,131,131,0,0.4437,0.742,0.235
981,aquisicao,TRACKING,1,126,0,0,23,86,17,0,0,131,131,0,0.4187,0.732,0.266
982,aquisicao,TRACKING,1,127,0,0,24,87,16,0,0,131,131,0,0.4000,0.733,0.282
983,aquisicao,TRACKING,1,127,0,0,24,87,16,0,0,131,131,0,0.3812,0.731,0.300
984,aquisicao,TRACKING,1,127,0,0,24,86,16,0,1,131,131,0,0.3625,0.727,0.319
985,aquisicao,TRACKING,1,133,0,0,23,94,16,0,0,131,131,0,0.3438,0.723,0.340
986,aquisicao,TRACKING,1,133,0,0,25,91,16,1,0,131,131,0,0.3250,0.718,0.361
987,aquisicao,TRACKING,1,149,0,0,26,105,18,0,0,131,131,0,0.3063,0.714,0.382
988,aquisicao,TRACKING,1,147,0,0,27,101,19,0,0,131,131,0,0.2875,0.708,0.403
989,aquisicao,TRACKING,1,147,0,0,27,101,18,0,0,131,131,0,0.2688,0.703,0.425
990,aquisicao,TRACKING,1,151,0,0,27,101,22,0,0,131,131,0,0.2500,0.698,0.446
991,aquisicao,TRACKING,1,156,0,0,31,106,19,0,0,131,131,0,0.2313,0.693,0.468
992,aquisicao,TRACKING,1,150,0,0,27,105,18,0,0,131,131,0,0.2125,0.687,0.489
993,aquisicao,TRACKING,1,159,0,0,32,108,19,0,0,131,131,0,0.1937,0.682,0.511
994,aquisicao,TRACKING,1,164,0,0,29,115,19,1,0,131,131,0,0.1750,0.676,0.532
995,aquisicao,TRACKING,1,165,0,0,30,114,21,0,0,131,131,0,0.1562,0.671,0.554
996,aquisicao,TRACKING,1,157,0,0,30,107,19,1,0,131,131,0,0.1375,0.666,0.576
997,aquisicao,TRACKING,1,155,0,0,29,107,18,1,0,131,131,0,0.1187,0.660,0.597
998,aquisicao,TRACKING,1,146,0,0,27,101,18,0,0,131,131,0,0.1000,0.655,0.619
999,aquisicao,TRACKING,1,149,0,0,27,101,20,0,0,131,131,0,0.0812,0.649,0.640
1000,perseguicao,TRACKING,1,142,0,0,26,99,16,0,1,131,131,0,0.0625,0.644,0.662
1001,perseguicao,TRACKING,1,141,0,0,25,99,16,0,0,131,131,0,0.0437,0.639,0.684
1002,perseguicao,TRACKING,1,142,0,0,26,96,20,0,0,131,131,0,0.0312,0.642,0.691
1003,perseguicao,TRACKING,1,137,0,0,25,96,16,0,0,131,131,0,0.0125,0.634,0.715
1004,perseguicao,TRACKING,1,137,0,0,25,96,16,0,0,131,131,0,-0.0063,0.621,0.733
1005,perseguicao,TRACKING,1,138,0,0,26,96,16,0,0,131,131,0,-0.0250,0.599,0.740
1006,perseguicao,TRACKING,1,130,0,0,24,91,15,0,0,131,131,0,-0.0437,0.577,0.746
1007,perseguicao,TRACKING,1,131,0,0,25,91,15,0,0,131,131,0,-0.0625,0.555,0.751
1008,perseguicao,TRACKING,1,131,0,0,25,91,15,0,0,131,131,0,-0.0812,0.533,0.757
1009,perseguicao,TRACKING,1,132,0,0,24,91,15,0,0,131,131,0,-0.1000,0.511,0.763
1010,perseguicao,TRACKING,1,131,0,0,25,91,15,0,0,131,131,0,-0.1187,0.489,0.768
1011,perseguicao,TRACKING,1,125,0,0,23,87,15,0,0,131,131,0,-0.1375,0.468,0.774
1012,perseguicao,TRACKING,1,131,0,0,25,90,15,0,0,131,131,0,-0.1562,0.446,0.779
1013,perseguicao,TRACKING,1,137,0,0,26,96,15,0,0,131,131,0,-0.1750,0.424,0.784
1014,perseguicao,TRACKING,1,138,0,0,25,96,16,0,0,131,131,0,-0.1937,0.403,0.790
1015,perseguicao,TRACKING,1,131,0,0,24,91,15,0,1,131,131,0,-0.2125,0.381,0.795
1016,perseguicao,TRACKING,1,130,0,0,24,91,15,0,0,131,131,0,-0.2313,0.360,0.801
1017,perseguicao,TRACKING,1,125,0,0,24,86,15,0,0,131,131,0,-0.2500,0.338,0.806
1018,perseguicao,TRACKING,1,131,0,0,24,90,16,0,0,131,131,0,-0.2688,0.316,0.811
1019,perseguicao,TRACKING,1,141,0,0,26,99,16,0,0,131,131,0,-0.2875,0.295,0.817
1020,perseguicao,TRACKING,1,148,0,0,28,103,17,0,0,131,131,0,-0.3063,0.273,0.822
1021,perseguicao,TRACKING,1,140,0,0,28,96,16,0,0,131,131,0,-0.3250,0.252,0.828
1022,perseguicao,TRACKING,1,140,0,0,25,98,16,0,0,131,131,0,-0.3438,0.230,0.833
1023,perseguicao,TRACKING,1,135,0,0,25,94,15,0,1,131,131,0,-0.3688,-0.206,0.847
1024,perseguicao,TRACKING,1,134,0,0,25,91,18,0,0,131,131,0,-0.3875,-0.225,0.850
1025,perseguicao,TRACKING,1,124,0,0,23,87,14,0,0,131,131,0,-0.4062,-0.245,0.854
1026,perseguicao,TRACKING,1,125,0,0,24,86,15,0,0,131,131,0,-0.4250,-0.265,0.858
1027,perseguicao,TRACKING,1,125,0,0,23,87,14,0,0,131,131,0,-0.4437,-0.286,0.863
1028,perseguicao,TRACKING,1,125,0,0,23,87,14,1,0,131,131,0,-0.4625,-0.307,0.868
1029,perseguicao,TRACKING,1,124,0,0,23,87,14,0,0,131,131,0,-0.4812,-0.329,0.873
1030,perseguicao,TRACKING,1,127,0,0,25,88,14,0,0,131,131,0,-0.5000,-0.350,0.878
1031,perseguicao,TRACKING,1,131,0,0,24,92,15,0,0,131,131,0,-0.5188,-0.372,0.884
1032,perseguicao,TRACKING,1,138,0,0,25,96,16,0,0,131,131,0,-0.5375,-0.393,0.889
1033,perseguicao,TRACKING,1,146,0,0,28,101,17,0,0,131,131,0,-0.5562,-0.415,0.894
1034,perseguicao,TRACKING,1,138,0,0,26,96,16,0,0,131,131,0,-0.5750,-0.436,0.900
1035,perseguicao,TRACKING,1,138,0,0,26,95,16,1,0,131,131,0,-0.5938,-0.458,0.905
1036,perseguicao,TRACKING,1,139,0,0,27,95,16,0,1,131,131,0,-0.6125,-0.480,0.910
1037,perseguicao,TRACKING,1,131,0,0,25,91,14,0,1,131,131,0,-0.6313,-0.501,0.916
1038,perseguicao,TRACKING,1,131,0,0,24,92,15,0,0,131,131,0,-0.6500,-0.523,0.921
1039,perseguicao,TRACKING,1,133,0,0,25,93,14,0,1,131,131,0,-0.6687,-0.544,0.927
1040,perseguicao,TRACKING,1,127,0,0,23,84,20,0,0,129,131,0,-0.6875,-0.566,0.932
1041,perseguicao,TRACKING,1,126,0,0,22,86,16,0,0,126,131,0,-0.7063,-0.588,0.937
1042,perseguicao,TRACKING,1,122,0,0,22,83,16,0,0,123,131,0,-0.7250,-0.609,0.943
1043,perseguicao,TRACKING,1,117,0,0,21,79,17,0,0,120,131,0,-0.7375,-0.616,0.939
1044,perseguicao,TRACKING,1,117,0,0,21,80,16,0,0,117,131,0,-0.7563,-0.641,0.947
1045,perseguicao,TRACKING,1,114,0,0,21,77,15,0,0,114,131,0,-0.7750,-0.664,0.955
1046,perseguicao,TRACKING,1,109,0,0,19,75,15,0,0,111,131,0,-0.7937,-0.687,0.961
1047,perseguicao,TRACKING,1,104,0,0,18,72,14,0,0,108,131,0,-0.8125,-0.709,0.967
1048,perseguicao,TRACKING,1,112,0,0,18,80,14,0,0,105,131,0,-0.8313,-0.731,0.973
1049,perseguicao,TRACKING,1,102,0,0,18,70,14,0,0,102,131,0,-0.8500,-0.753,0.978
1050,perseguicao,TRACKING,1,97,0,0,17,66,14,0,0,99,131,0,-0.8687,-0.775,0.984
1051,perseguicao,TRACKING,1,93,0,0,17,62,14,0,0,96,131,0,-0.8875,-0.796,0.989
1052,perseguicao,TRACKING,1,94,0,0,16,64,14,0,0,93,131,0,-0.9062,-0.818,0.995
1053,perseguicao,TRACKING,1,93,0,0,16,63,14,0,0,92,131,0,-0.9125,-0.811,0.982
1054,perseguicao,TRACKING,1,98,0,0,16,65,16,0,0,94,131,0,-0.9062,-0.781,0.958
1055,perseguicao,TRACKING,1,94,0,0,17,62,15,0,0,96,131,0,-0.8938,-0.745,0.933
1056,perseguicao,TRACKING,1,96,0,0,17,64,14,0,0,98,131,0,-0.8750,-0.704,0.908
1057,perseguicao,TRACKING,1,99,0,0,18,67,14,0,0,100,131,0,-0.8500,-0.656,0.881
1058,perseguicao,TRACKING,1,101,0,0,18,68,14,1,0,102,131,0,-0.8313,-0.630,0.872
1059,perseguicao,TRACKING,1,100,0,0,18,67,14,1,0,104,131,0,-0.8062,-0.591,0.855
1060,perseguicao,TRACKING,1,102,0,0,18,69,15,0,0,106,131,0,-0.7812,-0.557,0.842
1061,perseguicao,TRACKING,1,106,0,0,19,72,14,0,0,108,131,0,-0.7563,-0.524,0.831
1062,perseguicao,TRACKING,1,108,0,0,19,73,14,0,1,110,131,0,-0.7312,-0.494,0.822
1063,perseguicao,TRACKING,1,106,0,0,20,70,16,0,0,112,131,0,-0.7063,-0.463,0.813
1064,perseguicao,TRACKING,1,108,0,0,20,73,15,0,0,114,131,0,-0.6875,-0.448,0.814
1065,perseguicao,TRACKING,1,111,0,0,20,76,15,0,0,116,131,0,-0.6687,-0.431,0.813
1066,perseguicao,TRACKING,1,115,0,0,20,77,18,0,0,118,131,0,-0.6438,-0.397,0.801
1067,perseguicao,TRACKING,1,111,0,0,20,75,15,0,0,120,131,0,-0.6250,-0.380,0.800
1068,perseguicao,TRACKING,1,115,0,0,21,78,15,0,0,122,131,0,-0.6125,-0.375,0.806
1069,perseguicao,TRACKING,1,117,0,0,21,80,16,0,0,124,131,0,-0.5938,-0.352,0.799
1070,perseguicao,TRACKING,1,120,0,0,21,83,16,0,0,126,131,0,-0.5813,-0.344,0.802
1071,perseguicao,TRACKING,1,118,0,0,21,80,16,0,0,128,131,0,-0.5625,-0.319,0.793
1072,perseguicao,TRACKING,1,124,0,0,23,84,17,0,0,130,131,0,-0.5500,-0.310,0.795
1073,perseguicao,TRACKING,1,121,0,0,22,82,16,0,1,131,131,0,-0.5375,-0.299,0.794
1074,perseguicao,TRACKING,1,122,0,0,23,83,16,0,0,131,131,0,-0.5250,-0.286,0.792
1075,perseguicao,TRACKING,1,122,0,0,23,83,15,0,0,131,131,0,-0.5125,-0.273,0.790
1076,perseguicao,TRACKING,1,122,0,0,23,83,15,1,0,131,131,0,-0.5000,-0.259,0.787
1077,perseguicao,TRACKING,1,127,0,0,24,86,16,1,0,131,131,0,-0.4875,-0.245,0.784
1078,perseguicao,TRACKING,1,135,0,0,27,91,15,0,1,131,131,0,-0.4750,-0.231,0.780
1079,perseguicao,TRACKING,1,143,0,0,26,99,18,0,0,131,131,0,-0.4625,-0.217,0.777
1080,perseguicao,TRACKING,1,150,0,0,27,104,19,0,0,131,131,0,-0.4500,-0.202,0.773
1081,perseguicao,TRACKING,1,152,0,0,32,101,18,0,0,131,131,0,-0.4375,0.212,0.770
1082,perseguicao,TRACKING,1,146,0,0,27,101,18,0,0,131,131,0,-0.4250,0.226,0.766
1083,perseguicao,TRACKING,1,147,0,0,27,101,19,0,0,131,131,0,-0.4125,0.241,0.763
1084,perseguicao,TRACKING,1,156,0,0,29,107,20,0,0,131,131,0,-0.4000,0.255,0.759
1085,perseguicao,TRACKING,1,155,0,0,29,107,18,0,1,131,131,0,-0.3875,0.270,0.756
1086,perseguicao,TRACKING,1,155,0,0,29,107,19,0,0,131,131,0,-0.3750,0.284,0.752
1087,perseguicao,TRACKING,1,156,0,0,29,107,19,0,0,131,131,0,-0.3625,0.298,0.748
1088,perseguicao,TRACKING,1,155,0,0,28,107,18,0,0,131,131,0,-0.3500,0.313,0.745
1089,perseguicao,TRACKING,1,155,0,0,28,107,19,0,0,131,131,0,-0.3375,0.327,0.741
1090,perseguicao,TRACKING,1,157,0,0,29,108,19,1,0,131,131,0,-0.3250,0.342,0.738
1091,perseguicao,TRACKING,1,163,0,0,28,114,21,0,0,131,131,0,-0.3187,0.342,0.743
1092,perseguicao,TRACKING,1,165,0,0,31,114,20,0,0,131,131,0,-0.3063,0.359,0.737
1093,perseguicao,TRACKING,1,168,0,0,30,118,19,0,0,131,131,0,-0.2937,0.375,0.731
1094,perseguicao,TRACKING,1,165,0,0,31,114,20,0,0,131,131,0,-0.2812,0.390,0.727
1095,perseguicao,TRACKING,1,165,0,0,30,114,20,0,0,131,131,0,-0.2688,0.405,0.722
1096,perseguicao,TRACKING,1,164,0,0,31,114,19,0,0,131,131,0,-0.2562,0.420,0.718
1097,perseguicao,TRACKING,1,189,0,0,35,131,23,0,0,131,131,0,-0.2438,0.435,0.715
1098,perseguicao,TRACKING,1,194,0,0,41,131,21,1,0,131,131,0,-0.2313,0.449,0.711
1099,perseguicao,TRACKING,1,201,0,0,38,140,23,0,0,131,131,0,-0.2188,0.464,0.707
1100,perseguicao,TRACKING,1,181,0,0,32,126,22,1,0,131,131,0,-0.2062,0.478,0.703
1101,perseguicao,TRACKING,1,166,0,0,31,114,20,0,1,131,131,0,-0.1937,0.493,0.700
1102,perseguicao,TRACKING,1,165,0,0,30,114,20,0,0,131,131,0,-0.1813,0.507,0.696
1103,perseguicao,TRACKING,1,155,0,0,29,107,19,0,0,131,131,0,-0.1688,0.522,0.693
1104,perseguicao,TRACKING,1,155,0,0,28,107,19,0,0,131,131,0,-0.1562,0.536,0.689
1105,perseguicao,TRACKING,1,156,0,0,29,108,19,0,0,131,131,0,-0.1437,0.550,0.685
1106,perseguicao,TRACKING,1,156,0,0,29,107,20,0,0,131,131,0,-0.1312,0.565,0.682
1107,perseguicao,TRACKING,1,159,0,0,29,107,23,0,0,131,131,0,-0.1187,0.579,0.678
1108,perseguicao,TRACKING,1,174,0,0,34,114,26,0,0,131,131,0,-0.1063,0.594,0.675
1109,perseguicao,TRACKING,1,156,0,0,29,107,19,1,0,131,131,0,-0.0938,0.608,0.671
1110,perseguicao,TRACKING,1,156,0,0,29,107,20,0,0,131,131,0,-0.0812,0.622,0.667
1111,perseguicao,TRACKING,1,160,0,0,32,109,19,0,0,131,131,0,-0.0688,0.637,0.664
1112,perseguicao,TRACKING,1,166,0,0,31,114,21,0,0,131,131,0,-0.0500,0.666,0.651
1113,perseguicao,TRACKING,1,165,0,0,30,114,21,0,0,131,131,0,-0.0375,0.677,0.650
1114,perseguicao,TRACKING,1,172,0,0,30,121,20,1,0,131,131,0,-0.0250,0.690,0.649
1115,perseguicao,TRACKING,1,183,0,0,37,125,20,1,0,131,131,0,-0.0125,0.703,0.646
1116,perseguicao,TRACKING,1,165,0,0,31,114,19,0,1,131,131,0,0.0000,0.717,0.643
1117,perseguicao,TRACKING,1,165,0,0,30,113,21,0,0,131,131,0,0.0125,0.720,0.629
1118,perseguicao,TRACKING,1,156,0,0,29,107,18,0,1,131,131,0,0.0250,0.724,0.615
1119,perseguicao,TRACKING,1,164,0,0,29,114,21,0,0,131,131,0,0.0375,0.727,0.601
1120,perseguicao,TRACKING,1,165,0,0,30,113,21,0,0,131,131,0,0.0500,0.731,0.586
1121,perseguicao,TRACKING,1,170,0,0,31,118,21,0,0,131,131,0,0.0625,0.734,0.572
1122,perseguicao,TRACKING,1,170,0,0,35,114,21,0,0,131,131,0,0.0750,0.738,0.558
1123,perseguicao,TRACKING,1,165,0,0,30,114,21,0,0,131,131,0,0.0875,0.741,0.543
1124,perseguicao,TRACKING,1,155,0,0,29,107,18,0,1,131,131,0,0.1000,0.745,0.529
1125,perseguicao,TRACKING,1,162,0,0,29,112,21,0,0,131,131,0,0.1125,0.748,0.514
1126,perseguicao,TRACKING,1,178,0,0,32,122,22,0,1,131,131,0,0.1250,0.752,0.500
1127,perseguicao,TRACKING,1,197,0,0,42,131,24,0,0,131,131,0,0.1375,0.756,0.486
1128,perseguicao,TRACKING,1,204,0,0,38,140,26,0,0,131,131,0,0.1500,0.759,0.471
1129,perseguicao,TRACKING,1,209,0,0,38,146,24,0,0,131,131,0,0.1625,0.763,0.457
1130,perseguicao,TRACKING,1,203,0,0,38,140,24,1,0,131,131,0,0.1750,0.766,0.442
1131,perseguicao,TRACKING,1,176,0,0,33,121,21,0,1,131,131,0,0.1875,0.770,0.428
1132,perseguicao,TRACKING,1,180,0,0,33,125,21,1,0,131,131,0,0.2000,0.774,0.414
1133,perseguicao,TRACKING,1,176,0,0,32,122,22,0,0,131,131,0,0.2062,0.768,0.414
1134,perseguicao,TRACKING,1,164,0,0,30,114,20,0,0,131,131,0,0.2188,0.775,0.396
1135,perseguicao,TRACKING,1,156,0,0,29,107,20,0,0,131,131,0,0.2313,0.780,0.380
1136,perseguicao,TRACKING,1,155,0,0,29,107,19,0,0,131,131,0,0.2438,0.785,0.365
1137,perseguicao,TRACKING,1,147,0,0,28,101,18,0,0,131,131,0,0.2562,0.789,0.350
1138,perseguicao,TRACKING,1,146,0,0,27,101,18,0,0,131,131,0,0.2688,0.793,0.335
1139,perseguicao,TRACKING,1,146,0,0,27,102,17,0,0,131,131,0,0.2812,0.797,0.320
1140,perseguicao,TRACKING,1,139,0,0,26,96,17,0,0,131,131,0,0.2937,0.800,0.306
1141,perseguicao,TRACKING,1,138,0,0,26,96,16,0,0,131,131,0,0.3063,0.804,0.291
1142,perseguicao,TRACKING,1,146,0,0,27,101,18,0,0,131,131,0,0.3187,0.808,0.277
1143,perseguicao,TRACKING,1,159,0,0,32,108,18,1,0,131,131,0,0.3313,0.811,0.262
1144,perseguicao,TRACKING,1,166,0,0,31,114,20,0,0,131,131,0,0.3438,0.815,0.248
1145,perseguicao,TRACKING,1,155,0,0,29,107,18,0,0,131,131,0,0.3562,0.819,0.234
1146,perseguicao,TRACKING,1,146,0,0,27,102,17,0,0,131,131,0,0.3688,0.822,0.219
1147,perseguicao,TRACKING,1,147,0,0,27,101,19,0,0,131,131,0,0.3812,0.826,0.205
1148,perseguicao,TRACKING,1,138,0,0,26,96,16,0,0,131,131,0,0.3938,0.829,-0.210
1149,perseguicao,TRACKING,1,137,0,0,26,96,15,0,0,131,131,0,0.4062,0.833,-0.224
1150,perseguicao,TRACKING,1,138,0,0,26,96,16,0,0,131,131,0,0.4187,0.837,-0.238
1151,perseguicao,TRACKING,1,138,0,0,26,96,16,0,0,131,131,0,0.4313,0.840,-0.253
1152,perseguicao,TRACKING,1,132,0,0,24,91,17,0,0,131,131,0,0.4437,0.844,-0.267
1153,perseguicao,TRACKING,1,131,0,0,24,91,14,0,0,131,131,0,0.4563,0.847,-0.282
1154,perseguicao,TRACKING,1,131,0,0,24,91,16,0,0,131,131,0,0.4688,0.851,-0.296
1155,perseguicao,TRACKING,1,131,0,0,24,91,16,0,0,131,131,0,0.4812,0.855,-0.310
1156,perseguicao,TRACKING,1,129,0,0,27,87,14,1,0,131,131,0,0.4938,0.858,-0.325
1157,perseguicao,TRACKING,1,136,0,0,25,95,15,1,0,131,131,0,0.5063,0.862,-0.339
1158,perseguicao,TRACKING,1,137,0,0,25,96,16,0,0,131,131,0,0.5188,0.865,-0.354
1159,perseguicao,TRACKING,1,146,0,0,27,101,18,0,0,131,131,0,0.5312,0.869,-0.368
1160,perseguicao,TRACKING,1,142,0,0,25,96,21,0,0,131,131,0,0.5437,0.873,-0.382
1161,perseguicao,TRACKING,1,150,0,0,27,102,20,0,0,131,131,0,0.5562,0.876,-0.397
1162,perseguicao,TRACKING,1,158,0,0,28,110,18,0,0,131,131,0,0.5750,0.889,-0.426
1163,perseguicao,TRACKING,1,154,0,0,28,108,18,0,0,131,131,0,0.5875,0.890,-0.437
1164,perseguicao,TRACKING,1,146,0,0,27,102,17,0,0,131,131,0,0.6000,0.891,-0.450
1165,perseguicao,TRACKING,1,138,0,0,26,96,16,0,0,131,131,0,0.6125,0.894,-0.463
1166,perseguicao,TRACKING,1,131,0,0,24,90,16,0,0,131,131,0,0.6250,0.897,-0.477
1167,perseguicao,TRACKING,1,131,0,0,24,90,16,0,0,131,131,0,0.6375,0.900,-0.491
1168,perseguicao,TRACKING,1,134,0,0,24,91,18,0,0,129,131,0,0.6500,0.904,-0.505
1169,perseguicao,TRACKING,1,137,0,0,24,95,18,0,0,127,131,0,0.6625,0.907,-0.519
1170,perseguicao,TRACKING,1,130,0,0,24,89,17,0,0,125,131,0,0.6750,0.911,-0.534
1171,perseguicao,TRACKING,1,128,0,0,23,87,17,1,0,123,131,0,0.6875,0.914,-0.548
1172,perseguicao,TRACKING,1,126,0,0,23,85,17,1,0,121,131,0,0.7000,0.918,-0.562
1173,perseguicao,TRACKING,1,121,0,0,21,82,16,0,0,119,131,0,0.7125,0.921,-0.577
1174,perseguicao,TRACKING,1,119,0,0,21,82,16,0,0,117,131,0,0.7250,0.925,-0.591
1175,perseguicao,TRACKING,1,121,0,0,22,82,16,0,0,115,131,0,0.7375,0.928,-0.606
1176,perseguicao,TRACKING,1,111,0,0,20,75,16,0,0,113,131,0,0.7500,0.932,-0.620
1177,perseguicao,TRACKING,1,114,0,0,20,78,15,0,0,111,131,0,0.7625,0.936,-0.634
1178,perseguicao,TRACKING,1,117,0,0,26,76,15,0,0,109,131,0,0.7750,0.939,-0.649
1179,perseguicao,TRACKING,1,110,0,0,21,74,15,0,0,107,131,0,0.7875,0.943,-0.663
1180,perseguicao,TRACKING,1,110,0,0,20,74,16,0,0,105,131,0,0.8000,0.946,-0.678
1181,perseguicao,TRACKING,1,113,0,0,20,77,15,0,0,103,131,0,0.8125,0.950,-0.692
1182,perseguicao,TRACKING,1,110,0,0,19,75,15,1,0,101,131,0,0.8250,0.954,-0.706
1183,perseguicao,TRACKING,1,107,0,0,18,72,15,0,0,99,131,0,0.8375,0.957,-0.721
1184,perseguicao,TRACKING,1,104,0,0,18,70,15,0,0,97,131,0,0.8500,0.961,-0.735
1185,perseguicao,TRACKING,1,101,0,0,17,70,13,0,1,95,131,0,0.8625,0.964,-0.750
1186,perseguicao,TRACKING,1,98,0,0,17,67,14,0,0,93,131,0,0.8750,0.968,-0.764
1187,perseguicao,TRACKING,1,95,0,0,17,64,14,0,0,91,131,0,0.8750,0.954,-0.750
1188,perseguicao,TRACKING,1,102,0,0,20,68,13,1,0,94,131,0,0.8625,0.927,-0.712
1189,perseguicao,TRACKING,1,98,0,0,17,66,14,0,0,97,131,0,0.8500,0.910,-0.684
1190,perseguicao,TRACKING,1,102,0,0,18,70,14,0,0,100,131,0,0.8250,0.880,-0.632
1191,perseguicao,TRACKING,1,107,0,0,19,73,15,0,0,103,131,0,0.8000,0.859,-0.590
1192,perseguicao,TRACKING,1,107,0,0,19,73,15,0,0,106,131,0,0.7688,0.834,-0.539
1193,perseguicao,TRACKING,1,106,0,0,19,72,15,0,0,109,131,0,0.7437,0.825,-0.508
1194,perseguicao,TRACKING,1,105,0,0,19,71,15,0,0,112,131,0,0.7125,0.808,-0.463
1195,perseguicao,TRACKING,1,112,0,0,20,77,15,0,0,115,131,0,0.6812,0.794,-0.422
1196,perseguicao,TRACKING,1,114,0,0,20,77,16,0,0,118,131,0,0.6500,0.782,-0.383
1197,perseguicao,TRACKING,1,114,0,0,20,76,15,0,1,121,131,0,0.6187,0.771,-0.346
1198,perseguicao,TRACKING,1,117,0,0,21,80,16,0,0,124,131,0,0.5938,0.770,-0.323
1199,perseguicao,TRACKING,1,121,0,0,21,84,16,0,0,127,131,0,0.5625,0.757,-0.283
1200,perseguicao,TRACKING,1,120,0,0,22,82,16,0,0,130,131,0,0.5375,0.755,-0.260
1201,perseguicao,TRACKING,1,122,0,0,22,83,16,0,0,131,131,0,0.5125,0.751,-0.234
1202,perseguicao,TRACKING,1,121,0,0,22,83,16,0,0,131,131,0,0.4875,0.746,-0.207
1203,perseguicao,TRACKING,1,120,0,0,22,83,15,0,0,131,131,0,0.4625,0.740,0.221
1204,perseguicao,TRACKING,1,121,0,0,22,83,16,0,0,131,131,0,0.4437,0.742,0.235
1205,perseguicao,TRACKING,1,121,0,0,22,83,15,1,0,131,131,0,0.4187,0.732,0.266
1206,perseguicao,TRACKING,1,120,0,0,22,83,15,0,0,131,131,0,0.4000,0.733,0.282
1207,perseguicao,TRACKING,1,121,0,0,23,82,15,0,1,131,131,0,0.3812,0.731,0.300
1208,perseguicao,TRACKING,1,120,0,0,22,83,15,0,0,131,131,0,0.3625,0.727,0.319
1209,perseguicao,TRACKING,1,122,0,0,22,85,15,0,0,131,131,0,0.3438,0.723,0.340
1210,perseguicao,TRACKING,1,119,0,0,22,83,14,0,0,131,131,0,0.3250,0.718,0.361
1211,perseguicao,TRACKING,1,119,0,0,22,83,14,0,0,131,131,0,0.3063,0.714,0.382
1212,perseguicao,TRACKING,1,120,0,0,22,82,15,0,0,131,131,0,0.2875,0.708,0.403
1213,perseguicao,TRACKING,1,119,0,0,22,83,14,0,0,131,131,0,0.2688,0.703,0.425
1214,perseguicao,TRACKING,1,119,0,0,22,83,14,0,0,131,131,0,0.2500,0.698,0.446
1215,perseguicao,TRACKING,1,120,0,0,22,83,15,0,0,131,131,0,0.2313,0.693,0.468
1216,perseguicao,TRACKING,1,123,0,0,22,86,14,0,1,131,131,0,0.2125,0.687,0.489
1217,perseguicao,TRACKING,1,120,0,0,22,82,15,0,0,131,131,0,0.1937,0.682,0.511
1218,perseguicao,TRACKING,1,120,0,0,22,83,14,1,0,131,131,0,0.1750,0.676,0.532
1219,perseguicao,TRACKING,1,127,0,0,24,87,16,0,0,131,131,0,0.1562,0.671,0.554
1220,perseguicao,TRACKING,1,131,0,0,24,91,15,0,0,131,131,0,0.1375,0.666,0.576
1221,perseguicao,TRACKING,1,138,0,0,26,96,15,0,0,131,131,0,0.1187,0.660,0.597
1222,perseguicao,TRACKING,1,148,0,0,27,101,18,0,0,131,131,0,0.1000,0.655,0.619
1223,perseguicao,TRACKING,1,138,0,0,26,96,16,0,0,131,131,0,0.0812,0.649,0.640
1224,perseguicao,TRACKING,1,138,0,0,26,96,16,0,0,131,131,0,0.0625,0.644,0.662
1225,perseguicao,TRACKING,1,146,0,0,27,101,17,0,0,131,131,0,0.0437,0.639,0.684
1226,perseguicao,TRACKING,1,155,0,0,29,107,19,0,0,131,131,0,0.0312,0.642,0.691
1227,perseguicao,TRACKING,1,158,0,0,29,109,19,0,0,131,131,0,0.0125,0.634,0.715
1228,perseguicao,TRACKING,1,164,0,0,30,113,20,0,0,131,131,0,-0.0063,0.621,0.733
1229,perseguicao,TRACKING,1,168,0,0,31,118,19,0,0,131,131,0,-0.0250,0.599,0.740
1230,perseguicao,TRACKING,1,154,0,0,29,107,18,0,0,131,131,0,-0.0437,0.577,0.746
1231,perseguicao,TRACKING,1,165,0,0,31,114,19,0,1,131,131,0,-0.0625,0.555,0.751
1232,perseguicao,TRACKING,1,175,0,0,33,121,21,0,0,131,131,0,-0.0812,0.533,0.757
1233,perseguicao,TRACKING,1,164,0,0,31,114,19,0,0,131,131,0,-0.1000,0.511,0.763
1234,perseguicao,TRACKING,1,164,0,0,31,114,18,0,0,131,131,0,-0.1187,0.489,0.768
1235,perseguicao,TRACKING,1,158,0,0,29,110,18,1,0,131,131,0,-0.1375,0.468,0.774
1236,perseguicao,TRACKING,1,154,0,0,29,107,18,0,0,131,131,0,-0.1562,0.446,0.779
1237,perseguicao,TRACKING,1,145,0,0,27,101,17,0,0,131,131,0,-0.1750,0.424,0.784
1238,perseguicao,TRACKING,1,145,0,0,27,101,17,0,0,131,131,0,-0.1937,0.403,0.790
1239,perseguicao,TRACKING,1,145,0,0,27,101,17,0,0,131,131,0,-0.2125,0.381,0.795
1240,perseguicao,TRACKING,1,138,0,0,26,96,16,0,0,131,131,0,-0.2313,0.360,0.801
1241,perseguicao,TRACKING,1,138,0,0,26,96,16,0,0,131,131,0,-0.2500,0.338,0.806
1242,perseguicao,TRACKING,1,138,0,0,26,96,16,0,0,131,131,0,-0.2688,0.316,0.811
1243,perseguicao,TRACKING,1,138,0,0,26,96,16,0,0,131,131,0,-0.2875,0.295,0.817
1244,perseguicao,TRACKING,1,131,0,0,24,91,16,0,0,131,131,0,-0.3063,0.273,0.822
1245,perseguicao,TRACKING,1,132,0,0,25,91,15,0,1,131,131,0,-0.3250,0.252,0.828
1246,perseguicao,TRACKING,1,135,0,0,28,91,16,0,0,131,131,0,-0.3438,0.230,0.833
1247,perseguicao,TRACKING,1,138,0,0,26,95,17,0,0,131,131,0,-0.3688,-0.206,0.847
1248,perseguicao,TRACKING,1,138,0,0,26,96,16,0,0,131,131,0,-0.3875,-0.225,0.850
1249,perseguicao,TRACKING,1,146,0,0,27,102,17,0,0,131,131,0,-0.4062,-0.245,0.854
1250,perseguicao,TRACKING,1,155,0,0,28,109,17,1,0,131,131,0,-0.4250,-0.265,0.858
1251,perseguicao,TRACKING,1,150,0,0,28,105,17,0,0,131,131,0,-0.4437,-0.286,0.863
1252,perseguicao,TRACKING,1,149,0,0,27,105,17,0,0,131,131,0,-0.4625,-0.307,0.868
1253,perseguicao,TRACKING,1,154,0,0,28,107,18,0,0,131,131,0,-0.4812,-0.329,0.873
1254,perseguicao,TRACKING,1,159,0,0,33,108,17,1,0,131,131,0,-0.5000,-0.350,0.878
1255,perseguicao,TRACKING,1,154,0,0,28,108,18,0,0,131,131,0,-0.5188,-0.372,0.884
1256,perseguicao,TRACKING,1,154,0,0,29,107,18,0,0,131,131,0,-0.5375,-0.393,0.889
1257,perseguicao,TRACKING,1,146,0,0,27,101,17,0,0,131,131,0,-0.5562,-0.415,0.894
1258,perseguicao,TRACKING,1,149,0,0,31,101,17,0,0,131,131,0,-0.5750,-0.436,0.900
1259,perseguicao,TRACKING,1,146,0,0,28,101,17,0,0,131,131,0,-0.5938,-0.458,0.905
1260,perseguicao,TRACKING,1,146,0,0,27,102,17,0,0,131,131,0,-0.6125,-0.480,0.910
1261,perseguicao,TRACKING,1,146,0,0,27,101,18,0,0,131,131,0,-0.6313,-0.501,0.916
1262,perseguicao,TRACKING,1,138,0,0,26,96,16,0,0,131,131,0,-0.6500,-0.523,0.921
1263,perseguicao,TRACKING,1,139,0,0,25,96,16,0,1,131,131,0,-0.6687,-0.544,0.927
1264,perseguicao,TRACKING,1,138,0,0,25,94,18,0,0,129,131,0,-0.6875,-0.566,0.932
1265,perseguicao,TRACKING,1,139,0,0,25,95,19,0,0,126,131,0,-0.7063,-0.588,0.937
1266,perseguicao,TRACKING,1,135,0,0,24,92,18,1,0,123,131,0,-0.7250,-0.609,0.943
1267,perseguicao,TRACKING,1,129,0,0,24,87,18,0,0,120,131,0,-0.7375,-0.616,0.939
1268,perseguicao,TRACKING,1,129,0,0,23,88,18,0,0,117,131,0,-0.7563,-0.641,0.947
1269,perseguicao,TRACKING,1,125,0,0,23,85,17,0,0,114,131,0,-0.7750,-0.664,0.955
1270,perseguicao,TRACKING,1,131,0,0,27,86,18,0,0,111,131,0,-0.7937,-0.687,0.961
1271,perseguicao,TRACKING,1,121,0,0,21,83,16,0,0,108,131,0,-0.8125,-0.709,0.967
1272,perseguicao,TRACKING,1,116,0,0,21,78,17,0,0,105,131,0,-0.8313,-0.731,0.973
1273,perseguicao,TRACKING,1,120,0,0,20,84,16,0,0,102,131,0,-0.8500,-0.753,0.978
1274,perseguicao,TRACKING,1,112,0,0,20,76,16,0,0,99,131,0,-0.8687,-0.775,0.984
1275,perseguicao,TRACKING,1,110,0,0,22,72,16,0,0,96,131,0,-0.8875,-0.796,0.989
1276,perseguicao,TRACKING,1,112,0,0,19,78,15,0,0,93,131,0,-0.9062,-0.818,0.995
1277,perseguicao,TRACKING,1,109,0,0,18,73,18,0,0,92,131,0,-0.9125,-0.811,0.982
1278,perseguicao,TRACKING,1,111,0,0,19,76,16,0,0,94,131,0,-0.9062,-0.781,0.958
1279,perseguicao,TRACKING,1,103,0,0,19,68,15,0,0,96,131,0,-0.8938,-0.745,0.933
1280,perseguicao,TRACKING,1,106,0,0,19,71,15,0,1,98,131,0,-0.8750,-0.704,0.908
1281,perseguicao,TRACKING,1,108,0,0,19,74,15,0,0,100,131,0,-0.8500,-0.656,0.881
1282,perseguicao,TRACKING,1,111,0,0,19,76,15,0,0,102,131,0,-0.8313,-0.630,0.872
1283,perseguicao,TRACKING,1,111,0,0,20,74,16,0,1,104,131,0,-0.8062,-0.591,0.855
1284,perseguicao,TRACKING,1,113,0,0,21,76,16,0,0,106,131,0,-0.7812,-0.557,0.842
1285,perseguicao,TRACKING,1,116,0,0,21,79,16,0,0,108,131,0,-0.7563,-0.524,0.831
1286,perseguicao,TRACKING,1,119,0,0,21,82,16,0,0,110,131,0,-0.7312,-0.494,0.822
1287,perseguicao,TRACKING,1,116,0,0,21,78,17,0,0,112,131,0,-0.7063,-0.463,0.813
1288,perseguicao,TRACKING,1,119,0,0,22,81,16,0,0,114,131,0,-0.6875,-0.448,0.814
1289,perseguicao,TRACKING,1,125,0,0,22,86,17,0,0,116,131,0,-0.6687,-0.431,0.813
1290,perseguicao,TRACKING,1,127,0,0,22,84,19,0,0,118,131,0,-0.6438,-0.397,0.801
1291,perseguicao,TRACKING,1,123,0,0,22,83,17,0,0,120,131,0,-0.6250,-0.380,0.800
1292,perseguicao,TRACKING,1,126,0,0,22,85,18,0,0,122,131,0,-0.6125,-0.375,0.806
1293,perseguicao,TRACKING,1,129,0,0,23,88,17,1,0,124,131,0,-0.5938,-0.352,0.799
1294,perseguicao,TRACKING,1,132,0,0,24,90,18,0,0,126,131,0,-0.5813,-0.344,0.802
1295,perseguicao,TRACKING,1,130,0,0,24,88,18,0,0,128,131,0,-0.5625,-0.319,0.793
1296,perseguicao,TRACKING,1,133,0,0,24,90,18,0,0,130,131,0,-0.5500,-0.310,0.795
1297,perseguicao,TRACKING,1,134,0,0,25,91,18,0,0,131,131,0,-0.5375,-0.299,0.794
1298,perseguicao,TRACKING,1,134,0,0,25,91,18,0,0,131,131,0,-0.5250,-0.286,0.792
1299,perseguicao,TRACKING,1,134,0,0,25,91,18,0,0,131,131,0,-0.5125,-0.273,0.790
1300,perseguicao,TRACKING,1,134,0,0,25,91,17,0,1,131,131,0,-0.5000,-0.259,0.787
1301,perseguicao,TRACKING,1,133,0,0,24,91,17,0,0,131,131,0,-0.4875,-0.245,0.784
1302,perseguicao,TRACKING,1,133,0,0,25,91,17,0,0,131,131,0,-0.4750,-0.231,0.780
1303,perseguicao,TRACKING,1,133,0,0,24,91,17,0,0,131,131,0,-0.4625,-0.217,0.777
1304,perseguicao,TRACKING,1,132,0,0,25,91,16,0,0,131,131,0,-0.4500,-0.202,0.773
1305,perseguicao,TRACKING,1,135,0,0,26,91,16,0,0,131,131,0,-0.4375,0.212,0.770
1306,perseguicao,TRACKING,1,147,0,0,24,105,17,0,0,131,131,0,-0.4250,0.226,0.766
1307,perseguicao,TRACKING,1,135,0,0,24,91,20,0,0,131,131,0,-0.4125,0.241,0.763
1308,perseguicao,TRACKING,1,132,0,0,25,91,16,0,0,131,131,0,-0.4000,0.255,0.759
1309,perseguicao,TRACKING,1,134,0,0,25,93,16,0,0,131,131,0,-0.3875,0.270,0.756
1310,perseguicao,TRACKING,1,132,0,0,24,91,15,0,1,131,131,0,-0.3750,0.284,0.752
1311,perseguicao,TRACKING,1,132,0,0,25,91,16,0,0,131,131,0,-0.3625,0.298,0.748
1312,perseguicao,TRACKING,1,133,0,0,25,91,16,0,1,131,131,0,-0.3500,0.313,0.745
1313,perseguicao,TRACKING,1,133,0,0,25,91,17,0,0,131,131,0,-0.3375,0.327,0.741
1314,perseguicao,TRACKING,1,132,0,0,24,91,17,0,0,131,131,0,-0.3250,0.342,0.738
1315,perseguicao,TRACKING,1,132,0,0,25,90,17,0,0,131,131,0,-0.3187,0.342,0.743
1316,perseguicao,TRACKING,1,133,0,0,25,91,16,1,0,131,131,0,-0.3063,0.359,0.737
1317,perseguicao,TRACKING,1,125,0,0,23,87,15,0,0,131,131,0,-0.2937,0.375,0.731
1318,perseguicao,TRACKING,1,125,0,0,23,87,15,0,0,131,131,0,-0.2812,0.390,0.727
1319,perseguicao,TRACKING,1,126,0,0,24,86,15,0,1,131,131,0,-0.2688,0.405,0.722
1320,perseguicao,TRACKING,1,128,0,0,24,88,16,0,0,131,131,0,-0.2562,0.420,0.718
1321,perseguicao,TRACKING,1,126,0,0,23,86,16,0,0,131,131,0,-0.2438,0.435,0.715
1322,perseguicao,TRACKING,1,126,0,0,24,86,15,0,0,131,131,0,-0.2313,0.449,0.711
1323,perseguicao,TRACKING,1,127,0,0,23,86,17,0,0,131,131,0,-0.2188,0.464,0.707
1324,perseguicao,TRACKING,1,120,0,0,22,83,15,0,0,131,131,0,-0.2062,0.478,0.703
1325,perseguicao,TRACKING,1,120,0,0,22,83,15,0,0,131,131,0,-0.1937,0.493,0.700
1326,perseguicao,TRACKING,1,120,0,0,22,83,15,0,0,131,131,0,-0.1813,0.507,0.696
1327,perseguicao,TRACKING,1,120,0,0,22,83,15,0,0,131,131,0,-0.1688,0.522,0.693
1328,perseguicao,TRACKING,1,119,0,0,22,83,14,0,0,131,131,0,-0.1562,0.536,0.689
1329,perseguicao,TRACKING,1,120,0,0,22,83,15,0,0,131,131,0,-0.1437,0.550,0.685
1330,perseguicao,TRACKING,1,119,0,0,22,83,14,0,0,131,131,0,-0.1312,0.565,0.682
1331,perseguicao,TRACKING,1,121,0,0,22,83,15,0,0,131,131,0,-0.1187,0.579,0.678
1332,perseguicao,TRACKING,1,121,0,0,23,83,15,0,0,131,131,0,-0.1063,0.594,0.675
1333,perseguicao,TRACKING,1,123,0,0,25,83,15,0,0,131,131,0,-0.0938,0.608,0.671
1334,perseguicao,TRACKING,1,129,0,0,26,87,16,0,0,131,131,0,-0.0812,0.622,0.667
1335,perseguicao,TRACKING,1,136,0,0,24,95,17,0,0,131,131,0,-0.0688,0.637,0.664
1336,perseguicao,TRACKING,1,143,0,0,26,95,21,1,0,131,131,0,-0.0500,0.666,0.651
1337,perseguicao,TRACKING,1,140,0,0,26,96,17,1,0,131,131,0,-0.0375,0.677,0.650
1338,perseguicao,TRACKING,1,146,0,0,27,101,18,0,0,131,131,0,-0.0250,0.690,0.649
1339,perseguicao,TRACKING,1,151,0,0,27,104,18,1,0,131,131,0,-0.0125,0.703,0.646
1340,perseguicao,TRACKING,1,160,0,0,28,114,18,0,0,131,131,0,0.0000,0.717,0.643
1341,perseguicao,TRACKING,1,151,0,0,30,102,18,1,0,131,131,0,0.0125,0.720,0.629
1342,perseguicao,TRACKING,1,156,0,0,29,107,20,0,0,131,131,0,0.0250,0.724,0.615
1343,perseguicao,TRACKING,1,157,0,0,29,107,19,1,0,131,131,0,0.0375,0.727,0.601
1344,perseguicao,TRACKING,1,166,0,0,31,114,21,0,0,131,131,0,0.0500,0.731,0.586
1345,perseguicao,TRACKING,1,173,0,0,33,120,20,0,0,131,131,0,0.0625,0.734,0.572
1346,perseguicao,TRACKING,1,156,0,0,29,107,20,0,0,131,131,0,0.0750,0.738,0.558
1347,perseguicao,TRACKING,1,156,0,0,29,107,19,1,0,131,131,0,0.0875,0.741,0.543
1348,perseguicao,TRACKING,1,155,0,0,29,108,17,0,1,131,131,0,0.1000,0.745,0.529
1349,perseguicao,TRACKING,1,152,0,0,27,106,19,0,0,131,131,0,0.1125,0.748,0.514
1350,perseguicao,TRACKING,1,147,0,0,27,101,19,0,0,131,131,0,0.1250,0.752,0.500
1351,perseguicao,TRACKING,1,161,0,0,29,113,19,0,0,131,131,0,0.1375,0.756,0.486
1352,perseguicao,TRACKING,1,165,0,0,31,114,20,0,0,131,131,0,0.1500,0.759,0.471
1353,perseguicao,TRACKING,1,165,0,0,30,114,21,0,0,131,131,0,0.1625,0.763,0.457
1354,perseguicao,TRACKING,1,156,0,0,29,107,20,0,0,131,131,0,0.1750,0.766,0.442
1355,perseguicao,TRACKING,1,146,0,0,27,101,17,0,0,131,131,0,0.1875,0.770,0.428
1356,perseguicao,TRACKING,1,147,0,0,27,102,17,0,0,131,131,0,0.2000,0.774,0.414
1357,perseguicao,TRACKING,1,140,0,0,26,96,17,0,0,131,131,0,0.2062,0.768,0.414
1358,perseguicao,TRACKING,1,138,0,0,25,96,17,0,0,131,131,0,0.2188,0.775,0.396
1359,perseguicao,TRACKING,1,132,0,0,25,91,15,0,1,131,131,0,0.2313,0.780,0.380
1360,perseguicao,TRACKING,1,132,0,0,24,91,17,0,0,131,131,0,0.2438,0.785,0.365
1361,perseguicao,TRACKING,1,131,0,0,24,91,16,0,0,131,131,0,0.2562,0.789,0.350
1362,perseguicao,TRACKING,1,132,0,0,25,91,15,1,0,131,131,0,0.2688,0.793,0.335
1363,perseguicao,TRACKING,1,125,0,0,24,86,15,0,0,131,131,0,0.2812,0.797,0.320
1364,perseguicao,TRACKING,1,126,0,0,24,86,16,0,0,131,131,0,0.2937,0.800,0.306
1365,perseguicao,TRACKING,1,128,0,0,25,87,15,0,0,131,131,0,0.3063,0.804,0.291
1366,perseguicao,TRACKING,1,125,0,0,24,86,14,0,1,131,131,0,0.3187,0.808,0.277
1367,perseguicao,TRACKING,1,125,0,0,23,86,15,0,0,131,131,0,0.3313,0.811,0.262
1368,perseguicao,TRACKING,1,126,0,0,23,87,15,0,0,131,131,0,0.3438,0.815,0.248
1369,perseguicao,TRACKING,1,125,0,0,23,87,14,0,0,131,131,0,0.3562,0.819,0.234
1370,perseguicao,TRACKING,1,122,0,0,24,83,15,0,0,131,131,0,0.3688,0.822,0.219
1371,perseguicao,TRACKING,1,125,0,0,23,86,16,0,0,131,131,0,0.3812,0.826,0.205
1372,perseguicao,TRACKING,1,119,0,0,22,83,13,1,0,131,131,0,0.3938,0.829,-0.210
1373,perseguicao,TRACKING,1,120,0,0,22,83,15,0,0,131,131,0,0.4062,0.833,-0.224
1374,perseguicao,TRACKING,1,120,0,0,23,82,14,0,0,131,131,0,0.4187,0.837,-0.238
1375,perseguicao,TRACKING,1,119,0,0,22,83,14,0,0,131,131,0,0.4313,0.840,-0.253
1376,perseguicao,TRACKING,1,119,0,0,22,83,14,0,0,131,131,0,0.4437,0.844,-0.267
1377,perseguicao,TRACKING,1,121,0,0,23,83,15,0,0,131,131,0,0.4563,0.847,-0.282
1378,perseguicao,TRACKING,1,129,0,0,24,86,19,0,0,131,131,0,0.4688,0.851,-0.296
1379,perseguicao,TRACKING,1,132,0,0,24,91,17,0,0,131,131,0,0.4812,0.855,-0.310
1380,perseguicao,TRACKING,1,140,0,0,26,96,17,0,0,131,131,0,0.4938,0.858,-0.325
1381,perseguicao,TRACKING,1,139,0,0,26,96,17,0,0,131,131,0,0.5063,0.862,-0.339
1382,perseguicao,TRACKING,1,134,0,0,26,93,15,0,0,131,131,0,0.5188,0.865,-0.354
1383,perseguicao,TRACKING,1,134,0,0,24,91,19,0,0,131,131,0,0.5312,0.869,-0.368
1384,perseguicao,TRACKING,1,126,0,0,23,87,15,0,1,131,131,0,0.5437,0.873,-0.382
1385,perseguicao,TRACKING,1,126,0,0,23,86,16,0,0,131,131,0,0.5562,0.876,-0.397
1386,perseguicao,TRACKING,1,126,0,0,24,86,16,0,0,131,131,0,0.5750,0.889,-0.426
1387,perseguicao,TRACKING,1,125,0,0,23,87,15,0,0,131,131,0,0.5875,0.890,-0.437
1388,perseguicao,TRACKING,1,125,0,0,23,87,15,0,0,131,131,0,0.6000,0.891,-0.450
1389,perseguicao,TRACKING,1,128,0,0,23,90,15,0,0,131,131,0,0.6125,0.894,-0.463
1390,perseguicao,TRACKING,1,126,0,0,23,87,15,1,0,131,131,0,0.6250,0.897,-0.477
1391,perseguicao,TRACKING,1,125,0,0,23,87,15,0,0,131,131,0,0.6375,0.900,-0.491
1392,perseguicao,TRACKING,1,119,0,0,22,81,16,0,0,129,131,0,0.6500,0.904,-0.505
1393,perseguicao,TRACKING,1,122,0,0,22,83,16,0,0,127,131,0,0.6625,0.907,-0.519
1394,perseguicao,TRACKING,1,118,0,0,21,81,16,0,0,125,131,0,0.6750,0.911,-0.534
1395,perseguicao,TRACKING,1,116,0,0,21,79,16,0,0,123,131,0,0.6875,0.914,-0.548
1396,perseguicao,TRACKING,1,113,0,0,20,76,16,0,0,121,131,0,0.7000,0.918,-0.562
1397,perseguicao,TRACKING,1,114,0,0,21,78,15,0,0,119,131,0,0.7125,0.921,-0.577
1398,perseguicao,TRACKING,1,111,0,0,20,76,15,0,0,117,131,0,0.7250,0.925,-0.591
1399,perseguicao,TRACKING,1,109,0,0,19,75,15,0,0,115,131,0,0.7375,0.928,-0.606
1400,perseguicao,TRACKING,1,106,0,0,19,72,15,0,0,113,131,0,0.7500,0.932,-0.620
1401,perseguicao,TRACKING,1,109,0,0,19,75,14,1,0,111,131,0,0.7625,0.936,-0.634
1402,perseguicao,TRACKING,1,106,0,0,19,73,14,0,0,109,131,0,0.7750,0.939,-0.649
1403,perseguicao,TRACKING,1,103,0,0,19,70,14,0,0,107,131,0,0.7875,0.943,-0.663
1404,perseguicao,TRACKING,1,101,0,0,18,67,15,0,0,105,131,0,0.8000,0.946,-0.678
1405,perseguicao,TRACKING,1,102,0,0,18,70,14,0,0,103,131,0,0.8125,0.950,-0.692
1406,perseguicao,TRACKING,1,99,0,0,18,67,14,0,0,101,131,0,0.8250,0.954,-0.706
1407,perseguicao,TRACKING,1,97,0,0,17,66,13,0,1,99,131,0,0.8375,0.957,-0.721
1408,perseguicao,TRACKING,1,94,0,0,17,64,13,0,0,97,131,0,0.8500,0.961,-0.735
1409,perseguicao,TRACKING,1,96,0,0,17,65,14,0,0,95,131,0,0.8625,0.964,-0.750
1410,perseguicao,TRACKING,1,93,0,0,16,64,13,0,0,93,131,0,0.8750,0.968,-0.764
1411,perseguicao,TRACKING,1,92,0,0,16,63,13,0,0,91,131,0,0.8750,0.954,-0.750
1412,perseguicao,TRACKING,1,95,0,0,17,65,13,0,0,94,131,0,0.8625,0.927,-0.712
1413,perseguicao,TRACKING,1,94,0,0,17,63,14,0,0,97,131,0,0.8500,0.910,-0.684
1414,perseguicao,TRACKING,1,98,0,0,17,67,13,1,0,100,131,0,0.8250,0.880,-0.632
1415,perseguicao,TRACKING,1,106,0,0,18,70,18,0,0,103,131,0,0.8000,0.859,-0.590
1416,perseguicao,TRACKING,1,102,0,0,18,69,14,0,0,106,131,0,0.7688,0.834,-0.539
1417,perseguicao,TRACKING,1,107,0,0,19,73,15,0,0,109,131,0,0.7437,0.825,-0.508
1418,perseguicao,TRACKING,1,106,0,0,19,71,15,0,0,112,131,0,0.7125,0.808,-0.463
1419,perseguicao,TRACKING,1,110,0,0,20,74,15,0,0,115,131,0,0.6812,0.794,-0.422
1420,perseguicao,TRACKING,1,113,0,0,20,77,15,0,0,118,131,0,0.6500,0.782,-0.383
1421,perseguicao,TRACKING,1,115,0,0,20,79,16,0,0,121,131,0,0.6187,0.771,-0.346
1422,perseguicao,TRACKING,1,118,0,0,21,80,16,0,0,124,131,0,0.5938,0.770,-0.323
1423,perseguicao,TRACKING,1,121,0,0,21,83,16,1,0,127,131,0,0.5625,0.757,-0.283
1424,perseguicao,TRACKING,1,120,0,0,22,81,17,0,0,130,131,0,0.5375,0.755,-0.260
1425,perseguicao,TRACKING,1,122,0,0,22,83,17,0,0,131,131,0,0.5125,0.751,-0.234
1426,perseguicao,TRACKING,1,122,0,0,23,82,17,0,0,131,131,0,0.4875,0.746,-0.207
1427,perseguicao,TRACKING,1,122,0,0,22,82,17,0,0,131,131,0,0.4625,0.740,0.221
1428,perseguicao,TRACKING,1,120,0,0,22,82,16,0,0,131,131,0,0.4437,0.742,0.235
1429,perseguicao,TRACKING,1,120,0,0,22,83,15,0,0,131,131,0,0.4187,0.732,0.266
1430,perseguicao,TRACKING,1,120,0,0,22,83,14,0,1,131,131,0,0.4000,0.733,0.282
1431,perseguicao,TRACKING,1,120,0,0,23,82,15,0,0,131,131,0,0.3812,0.731,0.300
1432,perseguicao,TRACKING,1,119,0,0,22,83,14,0,0,131,131,0,0.3625,0.727,0.319
1433,perseguicao,TRACKING,1,120,0,0,23,82,15,0,0,131,131,0,0.3438,0.723,0.340
1434,perseguicao,TRACKING,1,122,0,0,22,85,15,0,0,131,131,0,0.3250,0.718,0.361
1435,perseguicao,TRACKING,1,119,0,0,22,83,14,0,0,131,131,0,0.3063,0.714,0.382
1436,perseguicao,TRACKING,1,120,0,0,22,83,14,1,0,131,131,0,0.2875,0.708,0.403
1437,perseguicao,TRACKING,1,120,0,0,22,83,15,0,0,131,131,0,0.2688,0.703,0.425
1438,perseguicao,TRACKING,1,120,0,0,23,82,14,0,1,131,131,0,0.2500,0.698,0.446
1439,perseguicao,TRACKING,1,119,0,0,22,83,14,0,0,131,131,0,0.2313,0.693,0.468
1440,perseguicao,TRACKING,1,120,0,0,22,83,15,0,0,131,131,0,0.2125,0.687,0.489
1441,perseguicao,TRACKING,1,123,0,0,23,85,14,0,1,131,131,0,0.1937,0.682,0.511
1442,perseguicao,TRACKING,1,119,0,0,22,83,13,0,0,131,131,0,0.1750,0.676,0.532
1443,perseguicao,TRACKING,1,119,0,0,22,83,13,1,0,131,131,0,0.1562,0.671,0.554
1444,perseguicao,TRACKING,1,120,0,0,23,82,14,0,0,131,131,0,0.1375,0.666,0.576
1445,perseguicao,TRACKING,1,119,0,0,22,83,14,0,0,131,131,0,0.1187,0.660,0.597
1446,perseguicao,TRACKING,1,120,0,0,22,83,15,0,0,131,131,0,0.1000,0.655,0.619
1447,perseguicao,TRACKING,1,119,0,0,23,82,14,0,0,131,131,0,0.0812,0.649,0.640
1448,perseguicao,TRACKING,1,119,0,0,22,82,14,0,1,131,131,0,0.0625,0.644,0.662
1449,perseguicao,TRACKING,1,125,0,0,23,86,15,0,0,131,131,0,0.0437,0.639,0.684
1450,perseguicao,TRACKING,1,125,0,0,23,87,14,0,1,131,131,0,0.0312,0.642,0.691
1451,perseguicao,TRACKING,1,126,0,0,23,86,15,1,0,131,131,0,0.0125,0.634,0.715
1452,perseguicao,TRACKING,1,125,0,0,24,86,15,0,0,131,131,0,-0.0063,0.621,0.733
1453,perseguicao,TRACKING,1,125,0,0,23,87,14,0,0,131,131,0,-0.0250,0.599,0.740
1454,perseguicao,TRACKING,1,124,0,0,24,86,14,0,0,131,131,0,-0.0437,0.577,0.746
1455,perseguicao,TRACKING,1,125,0,0,23,87,14,1,0,131,131,0,-0.0625,0.555,0.751
1456,perseguicao,TRACKING,1,126,0,0,23,89,14,0,0,131,131,0,-0.0812,0.533,0.757
1457,perseguicao,TRACKING,1,119,0,0,22,82,14,0,0,131,131,0,-0.1000,0.511,0.763
1458,perseguicao,TRACKING,1,119,0,0,22,83,14,0,0,131,131,0,-0.1187,0.489,0.768
1459,perseguicao,TRACKING,1,120,0,0,23,83,14,0,0,131,131,0,-0.1375,0.468,0.774
1460,perseguicao,TRACKING,1,124,0,0,23,87,14,0,0,131,131,0,-0.1562,0.446,0.779
1461,perseguicao,TRACKING,1,135,0,0,24,95,16,0,0,131,131,0,-0.1750,0.424,0.784
1462,perseguicao,TRACKING,1,135,0,0,24,91,20,0,0,131,131,0,-0.1937,0.403,0.790
1463,perseguicao,TRACKING,1,138,0,0,26,96,16,0,0,131,131,0,-0.2125,0.381,0.795
1464,perseguicao,TRACKING,1,145,0,0,27,101,17,0,0,131,131,0,-0.2313,0.360,0.801
1465,perseguicao,TRACKING,1,148,0,0,27,101,20,0,0,131,131,0,-0.2500,0.338,0.806
1466,perseguicao,TRACKING,1,147,0,0,25,105,16,0,0,131,131,0,-0.2688,0.316,0.811
1467,perseguicao,TRACKING,1,140,0,0,26,98,16,0,0,131,131,0,-0.2875,0.295,0.817
1468,perseguicao,TRACKING,1,153,0,0,27,108,16,0,0,131,131,0,-0.3063,0.273,0.822
1469,perseguicao,TRACKING,1,156,0,0,29,108,17,1,0,131,131,0,-0.3250,0.252,0.828
1470,perseguicao,TRACKING,1,165,0,0,30,114,19,1,0,131,131,0,-0.3438,0.230,0.833
1471,perseguicao,TRACKING,1,163,0,0,30,114,19,0,0,131,131,0,-0.3688,-0.206,0.847
1472,perseguicao,TRACKING,1,154,0,0,28,107,18,0,0,131,131,0,-0.3875,-0.225,0.850
1473,perseguicao,TRACKING,1,148,0,0,30,101,17,0,0,131,131,0,-0.4062,-0.245,0.854
1474,perseguicao,TRACKING,1,146,0,0,27,101,17,0,0,131,131,0,-0.4250,-0.265,0.858
1475,perseguicao,TRACKING,1,140,0,0,27,97,16,0,0,131,131,0,-0.4437,-0.286,0.863
1476,perseguicao,TRACKING,1,138,0,0,25,96,16,0,1,131,131,0,-0.4625,-0.307,0.868
1477,perseguicao,TRACKING,1,137,0,0,25,96,16,0,0,131,131,0,-0.4812,-0.329,0.873
1478,perseguicao,TRACKING,1,138,0,0,26,96,16,0,0,131,131,0,-0.5000,-0.350,0.878
1479,perseguicao,TRACKING,1,137,0,0,26,96,15,0,0,131,131,0,-0.5188,-0.372,0.884
1480,perseguicao,TRACKING,1,135,0,0,26,94,15,0,0,131,131,0,-0.5375,-0.393,0.889
1481,perseguicao,TRACKING,1,131,0,0,24,91,15,0,0,131,131,0,-0.5562,-0.415,0.894
1482,perseguicao,TRACKING,1,138,0,0,26,96,16,0,0,131,131,0,-0.5750,-0.436,0.900
1483,perseguicao,TRACKING,1,145,0,0,27,101,17,0,0,131,131,0,-0.5938,-0.458,0.905
1484,perseguicao,TRACKING,1,138,0,0,25,96,16,0,1,131,131,0,-0.6125,-0.480,0.910
1485,perseguicao,TRACKING,1,138,0,0,26,96,16,0,0,131,131,0,-0.6313,-0.501,0.916
1486,perseguicao,TRACKING,1,137,0,0,25,96,15,0,0,131,131,0,-0.6500,-0.523,0.921
1487,perseguicao,TRACKING,1,132,0,0,25,91,16,0,0,131,131,0,-0.6687,-0.544,0.927
1488,perseguicao,TRACKING,1,131,0,0,24,89,18,0,0,129,131,0,-0.6875,-0.566,0.932
1489,perseguicao,TRACKING,1,134,0,0,26,90,18,0,0,126,131,0,-0.7063,-0.588,0.937
1490,perseguicao,TRACKING,1,130,0,0,23,89,18,0,0,123,131,0,-0.7250,-0.609,0.943
1491,perseguicao,TRACKING,1,123,0,0,22,83,17,0,0,120,131,0,-0.7375,-0.616,0.939
1492,perseguicao,TRACKING,1,117,0,0,21,80,16,0,0,117,131,0,-0.7563,-0.641,0.947
1493,perseguicao,TRACKING,1,113,0,0,20,77,16,0,0,114,131,0,-0.7750,-0.664,0.955
1494,perseguicao,TRACKING,1,114,0,0,20,78,16,0,0,111,131,0,-0.7937,-0.687,0.961
1495,perseguicao,TRACKING,1,109,0,0,19,75,15,0,0,108,131,0,-0.8125,-0.709,0.967
1496,perseguicao,TRACKING,1,106,0,0,19,71,16,0,0,105,131,0,-0.8313,-0.731,0.973
1497,perseguicao,TRACKING,1,106,0,0,19,72,15,0,0,102,131,0,-0.8500,-0.753,0.978
1498,perseguicao,TRACKING,1,102,0,0,18,69,15,0,0,99,131,0,-0.8687,-0.775,0.984
1499,perseguicao,TRACKING,1,97,0,0,18,65,14,0,0,96,131,0,-0.8875,-0.796,0.989
1500,oclusao,COASTING,0,97,0,0,17,67,12,0,0,93,131,0,-0.9062,-0.818,0.995
1501,oclusao,COASTING,0,521,0,0,100,353,67,0,0,320,240,0,-0.9250,-0.839,1.000
1502,oclusao,COASTING,0,522,0,0,99,356,67,0,0,320,240,0,-0.9438,-0.856,1.000
1503,oclusao,COASTING,0,551,0,0,104,377,70,0,0,320,240,0,-0.9625,-0.873,1.000
1504,oclusao,COASTING,0,574,0,0,109,390,74,0,1,320,240,0,-0.9812,-0.890,1.000
1505,oclusao,COASTING,0,578,0,0,109,390,78,0,0,320,240,0,-1.0000,-0.907,1.000
1506,oclusao,COASTING,0,609,0,0,116,414,78,0,0,320,240,0,-1.0125,-0.917,1.000
1507,oclusao,COASTING,0,605,0,0,116,411,78,0,0,320,240,0,-1.0312,-0.933,1.000
1508,oclusao,COASTING,0,576,0,0,109,393,74,0,0,320,240,0,-1.0500,-0.949,1.000
1509,oclusao,COASTING,0,548,0,0,106,371,70,0,1,320,240,0,-1.0688,-0.964,1.000
1510,oclusao,COASTING,0,545,0,0,104,370,71,0,0,320,240,0,-1.0875,-0.980,1.000
1511,oclusao,COASTING,0,545,0,0,104,370,70,1,0,320,240,0,-1.1063,-0.996,1.000
1512,oclusao,COASTING,0,524,0,0,98,358,67,0,0,320,240,0,-1.1250,-1.000,1.000
1513,oclusao,COASTING,0,522,0,0,102,352,67,0,0,320,240,0,-1.1437,-1.000,1.000
1514,oclusao,COASTING,0,517,0,0,98,352,67,0,0,320,240,0,-1.1625,-1.000,1.000
1515,oclusao,COASTING,0,506,0,0,99,343,64,0,0,320,240,0,-1.1812,-1.000,1.000
1516,oclusao,COASTING,0,495,0,0,94,337,64,0,0,320,240,0,-1.2000,-1.000,1.000
1517,oclusao,COASTING,0,498,0,0,95,339,64,0,0,320,240,0,-1.2188,-1.000,1.000
1518,oclusao,COASTING,0,498,0,0,94,339,63,0,0,320,240,0,-1.2375,-1.000,1.000
1519,oclusao,COASTING,0,498,0,0,97,337,64,0,0,320,240,0,-1.2563,-1.000,1.000
1520,oclusao,COASTING,0,496,0,0,94,337,64,0,0,320,240,0,-1.2750,-1.000,1.000
1521,oclusao,COASTING,0,500,0,0,92,340,68,0,0,320,240,0,-1.2938,-1.000,1.000
1522,oclusao,COASTING,0,519,0,0,99,352,67,0,0,320,240,0,-1.3125,-1.000,1.000
1523,oclusao,SEARCHING,0,498,0,0,95,339,64,0,0,320,240,0,0.0000,0.480,-0.480
1524,oclusao,SEARCHING,0,497,0,0,94,340,63,0,0,320,240,0,0.0000,0.480,-0.480
1525,oclusao,SEARCHING,0,500,0,0,99,336,64,0,0,320,240,0,0.0000,0.480,-0.480
1526,oclusao,SEARCHING,0,495,0,0,94,337,64,0,0,320,240,0,0.0000,0.480,-0.480
1527,oclusao,SEARCHING,0,495,0,0,95,336,64,0,0,320,240,0,0.0000,0.480,-0.480
1528,oclusao,SEARCHING,0,495,0,0,94,337,64,0,0,320,240,0,0.0000,0.480,-0.480
1529,oclusao,SEARCHING,0,498,0,0,95,336,67,0,0,320,240,0,0.0000,0.480,-0.480
1530,oclusao,SEARCHING,0,497,0,0,94,339,64,0,0,320,240,0,0.0000,0.480,-0.480
1531,oclusao,SEARCHING,0,497,0,0,95,339,63,0,0,320,240,0,0.0000,0.480,-0.480
1532,oclusao,SEARCHING,0,499,0,0,98,336,64,0,1,320,240,0,0.0000,0.480,-0.480
1533,oclusao,SEARCHING,0,496,0,0,95,337,64,0,0,320,240,0,0.0000,0.480,-0.480
1534,oclusao,SEARCHING,0,501,0,0,94,340,67,0,0,320,240,0,0.0000,0.480,-0.480
1535,oclusao,SEARCHING,0,519,0,0,99,353,67,0,0,320,240,0,0.0000,0.480,-0.480
1536,oclusao,SEARCHING,0,521,0,0,98,354,67,1,0,320,240,0,0.0000,0.480,-0.480
1537,oclusao,SEARCHING,0,521,0,0,97,357,67,0,0,320,240,0,0.0000,0.480,-0.480
1538,oclusao,SEARCHING,0,519,0,0,99,353,67,0,0,320,240,0,0.0000,0.480,-0.480
1539,oclusao,SEARCHING,0,519,0,0,99,353,67,0,0,320,240,0,0.0000,0.480,-0.480
1540,oclusao,SEARCHING,0,518,0,0,99,352,67,0,0,320,240,0,0.0000,0.480,-0.480
1541,oclusao,SEARCHING,0,500,0,0,97,339,64,0,0,320,240,0,0.0000,0.480,-0.480
1542,oclusao,SEARCHING,0,499,0,0,94,340,63,0,1,320,240,0,0.0000,0.480,-0.480
1543,oclusao,SEARCHING,0,498,0,0,97,337,64,0,0,320,240,0,0.0000,0.480,-0.480
1544,oclusao,SEARCHING,0,517,0,0,97,353,67,0,0,320,240,0,0.0000,0.480,-0.480
1545,oclusao,SEARCHING,0,518,0,0,99,352,67,0,0,320,240,0,0.0000,0.480,-0.480
1546,oclusao,SEARCHING,0,530,0,0,99,353,78,0,0,320,240,0,0.0000,0.480,-0.480
1547,oclusao,SEARCHING,0,523,0,0,99,357,67,0,0,320,240,0,0.0000,0.480,-0.480
1548,oclusao,SEARCHING,0,499,0,0,93,342,64,0,0,320,240,0,0.0000,0.480,-0.480
1549,oclusao,SEARCHING,0,519,0,0,99,353,67,0,0,320,240,0,0.0000,0.480,-0.480
1550,oclusao,SEARCHING,0,510,0,0,99,347,64,0,0,320,240,0,0.0000,0.480,-0.480
1551,oclusao,SEARCHING,0,495,0,0,94,337,64,0,0,320,240,0,0.0000,0.480,-0.480
1552,oclusao,SEARCHING,0,497,0,0,94,336,66,0,0,320,240,0,0.0000,0.480,-0.480
1553,oclusao,SEARCHING,0,495,0,0,92,339,63,1,0,320,240,0,0.0000,0.480,-0.480
1554,oclusao,SEARCHING,0,495,0,0,91,339,64,0,0,320,240,0,0.0000,0.480,-0.480
1555,oclusao,SEARCHING,0,495,0,0,95,336,64,0,0,320,240,0,0.0000,0.480,-0.480
1556,oclusao,SEARCHING,0,493,0,0,92,337,64,0,0,320,240,0,0.0000,0.480,-0.480
1557,oclusao,SEARCHING,0,495,0,0,95,336,64,0,0,320,240,0,0.0000,0.480,-0.480
1558,oclusao,SEARCHING,0,496,0,0,94,336,64,0,1,320,240,0,0.0000,0.480,-0.480
1559,oclusao,SEARCHING,0,498,0,0,95,336,67,0,0,320,240,0,0.0000,0.480,-0.480
1560,oclusao,SEARCHING,0,499,0,0,94,339,64,0,1,320,240,0,0.0000,0.480,-0.480
1561,oclusao,SEARCHING,0,499,0,0,97,338,64,0,0,320,240,0,0.0000,0.480,-0.480
1562,oclusao,SEARCHING,0,495,0,0,94,337,64,0,0,320,240,0,0.0000,0.480,-0.480
1563,oclusao,SEARCHING,0,498,0,0,94,338,65,0,1,320,240,0,0.0000,0.480,-0.480
1564,oclusao,SEARCHING,0,530,0,0,99,360,70,0,1,320,240,0,0.0000,0.480,-0.480
1565,oclusao,SEARCHING,0,577,0,0,110,393,74,0,0,320,240,0,0.0000,0.480,-0.480
1566,oclusao,SEARCHING,0,580,0,0,114,392,74,0,0,320,240,0,0.0000,0.480,-0.480
1567,oclusao,SEARCHING,0,575,0,0,110,391,74,0,0,320,240,0,0.0000,0.480,-0.480
1568,oclusao,SEARCHING,0,578,0,0,109,395,74,0,0,320,240,0,0.0000,0.480,-0.480
1569,oclusao,SEARCHING,0,610,0,0,116,415,78,0,0,320,240,0,0.0000,0.480,-0.480
1570,oclusao,SEARCHING,0,674,0,0,130,456,88,0,0,320,240,0,0.0000,0.480,-0.480
1571,oclusao,SEARCHING,0,677,0,0,129,463,84,0,0,320,240,0,0.0000,0.480,-0.480
1572,oclusao,SEARCHING,0,616,0,0,122,415,78,0,0,320,240,0,0.0000,0.480,-0.480
1573,oclusao,SEARCHING,0,609,0,0,119,412,78,0,0,320,240,0,0.0000,0.480,-0.480
1574,oclusao,SEARCHING,0,573,0,0,109,390,74,0,0,320,240,0,0.0000,0.480,-0.480
1575,oclusao,SEARCHING,0,577,0,0,109,393,74,0,0,320,240,0,0.0000,0.480,-0.480
1576,oclusao,SEARCHING,0,576,0,0,112,390,74,0,0,320,240,0,0.0000,0.480,-0.480
1577,oclusao,SEARCHING,0,573,0,0,109,390,74,0,0,320,240,0,0.0000,0.480,-0.480
1578,oclusao,SEARCHING,0,577,0,0,109,393,73,0,0,320,240,0,0.0000,0.480,-0.480
1579,oclusao,SEARCHING,0,547,0,0,106,371,70,0,0,320,240,0,0.0000,0.480,-0.480
1580,oclusao,SEARCHING,0,545,0,0,104,370,70,0,0,320,240,0,0.0000,0.480,-0.480
1581,oclusao,SEARCHING,0,564,0,0,104,382,78,0,0,320,240,0,0.0000,0.480,-0.480
1582,oclusao,SEARCHING,0,609,0,0,116,415,78,0,0,320,240,0,0.0000,0.480,-0.480
1583,oclusao,SEARCHING,0,629,0,0,122,429,78,0,0,320,240,0,0.0000,0.480,-0.480
1584,oclusao,SEARCHING,0,612,0,0,116,417,78,0,1,320,240,0,0.0000,0.480,-0.480
1585,oclusao,SEARCHING,0,574,0,0,109,390,74,0,0,320,240,0,0.0000,0.480,-0.480
1586,oclusao,SEARCHING,0,573,0,0,109,390,74,0,0,320,240,0,0.0000,0.480,-0.480
1587,oclusao,SEARCHING,0,576,0,0,109,393,74,0,0,320,240,0,0.0000,0.480,-0.480
1588,oclusao,SEARCHING,0,547,0,0,106,371,70,0,0,320,240,0,0.0000,0.480,-0.480
1589,oclusao,SEARCHING,0,545,0,0,103,371,70,0,1,320,240,0,0.0000,0.480,-0.480
1590,oclusao,SEARCHING,0,548,0,0,103,371,73,0,0,320,240,0,0.0000,0.480,-0.480
1591,oclusao,SEARCHING,0,522,0,0,99,355,66,0,0,320,240,0,0.0000,0.480,-0.480
1592,oclusao,SEARCHING,0,523,0,0,103,353,67,0,0,320,240,0,0.0000,0.480,-0.480
1593,oclusao,SEARCHING,0,519,0,0,99,353,67,0,0,320,240,0,0.0000,0.480,-0.480
1594,oclusao,SEARCHING,0,519,0,0,99,353,67,0,0,320,240,0,0.0000,0.480,-0.480
1595,oclusao,SEARCHING,0,541,0,0,99,372,70,0,0,320,240,0,0.0000,0.480,-0.480
1596,oclusao,SEARCHING,0,578,0,0,110,394,74,0,0,320,240,0,0.0000,0.480,-0.480
1597,oclusao,SEARCHING,0,615,0,0,115,416,83,0,0,320,240,0,0.0000,0.480,-0.480
1598,oclusao,SEARCHING,0,684,0,0,129,467,88,0,0,320,240,0,0.0000,0.480,-0.480
1599,oclusao,SEARCHING,0,630,0,0,123,429,78,0,0,320,240,0,0.0000,0.480,-0.480
1600,oclusao,SEARCHING,0,609,0,0,116,415,78,0,0,320,240,0,0.0000,0.480,-0.480
1601,oclusao,SEARCHING,0,573,0,0,110,389,74,0,0,320,240,0,0.0000,0.480,-0.480
1602,oclusao,SEARCHING,0,573,0,0,109,390,74,0,0,320,240,0,0.0000,0.480,-0.480
1603,oclusao,SEARCHING,0,549,0,0,105,373,71,0,0,320,240,0,0.0000,0.480,-0.480
1604,oclusao,SEARCHING,0,544,0,0,103,370,70,0,0,320,240,0,0.0000,0.480,-0.480
1605,oclusao,SEARCHING,0,519,0,0,99,353,67,0,0,320,240,0,0.0000,0.480,-0.480
1606,oclusao,SEARCHING,0,519,0,0,99,352,66,0,1,320,240,0,0.0000,0.480,-0.480
1607,oclusao,SEARCHING,0,522,0,0,99,356,67,0,0,320,240,0,0.0000,0.480,-0.480
1608,oclusao,SEARCHING,0,518,0,0,96,355,67,0,0,320,240,0,0.0000,0.480,-0.480
1609,oclusao,SEARCHING,0,519,0,0,99,353,67,0,0,320,240,0,0.0000,0.480,-0.480
1610,oclusao,SEARCHING,0,495,0,0,94,337,64,0,0,320,240,0,0.0000,0.480,-0.480
1611,oclusao,SEARCHING,0,493,0,0,91,337,64,0,0,320,240,0,0.0000,0.480,-0.480
1612,oclusao,SEARCHING,0,495,0,0,92,337,66,0,0,320,240,0,0.0000,0.480,-0.480
1613,oclusao,SEARCHING,0,498,0,0,94,338,64,0,0,320,240,0,0.0000,0.480,-0.480
1614,oclusao,SEARCHING,0,497,0,0,94,339,64,0,0,320,240,0,0.0000,0.480,-0.480
1615,oclusao,SEARCHING,0,498,0,0,97,337,64,0,0,320,240,0,0.0000,0.480,-0.480
1616,oclusao,SEARCHING,0,540,0,0,125,350,64,0,1,320,240,0,0.0000,0.480,-0.480
1617,oclusao,SEARCHING,0,496,0,0,94,337,64,0,0,320,240,0,0.0000,0.480,-0.480
1618,oclusao,SEARCHING,0,527,0,0,99,355,72,0,0,320,240,0,0.0000,0.480,-0.480
1619,oclusao,SEARCHING,0,577,0,0,109,393,74,0,0,320,240,0,0.0000,0.480,-0.480
1620,oclusao,SEARCHING,0,608,0,0,118,412,78,0,0,320,240,0,0.0000,0.480,-0.480
1621,oclusao,SEARCHING,0,589,0,0,114,401,74,0,0,320,240,0,0.0000,0.480,-0.480
1622,oclusao,SEARCHING,0,577,0,0,109,393,74,0,0,320,240,0,0.0000,0.480,-0.480
1623,oclusao,SEARCHING,0,576,0,0,112,390,74,0,0,320,240,0,0.0000,0.480,-0.480
1624,oclusao,SEARCHING,0,574,0,0,109,390,74,0,0,320,240,0,0.0000,0.480,-0.480
1625,oclusao,SEARCHING,0,582,0,0,110,398,74,0,0,320,240,0,0.0000,0.480,-0.480
1626,oclusao,SEARCHING,0,612,0,0,122,412,78,0,0,320,240,0,0.0000,0.480,-0.480
1627,oclusao,SEARCHING,0,648,0,0,123,436,87,0,0,320,240,0,0.0000,0.480,-0.480
1628,oclusao,SEARCHING,0,645,0,0,126,437,82,0,0,320,240,0,0.0000,0.480,-0.480
1629,oclusao,SEARCHING,0,643,0,0,122,436,85,0,0,320,240,0,0.0000,0.480,-0.480
1630,oclusao,SEARCHING,0,643,0,0,122,438,83,0,0,320,240,0,0.0000,0.480,-0.480
1631,oclusao,SEARCHING,0,616,0,0,122,416,78,0,0,320,240,0,0.0000,0.480,-0.480
1632,oclusao,SEARCHING,0,608,0,0,115,415,78,0,0,320,240,0,0.0000,0.480,-0.480
1633,oclusao,SEARCHING,0,573,0,0,109,390,74,0,0,320,240,0,0.0000,0.480,-0.480
1634,oclusao,SEARCHING,0,577,0,0,109,390,77,1,0,320,240,0,0.0000,0.480,-0.480
1635,oclusao,SEARCHING,0,577,0,0,109,392,74,0,0,320,240,0,0.0000,0.480,-0.480
1636,oclusao,SEARCHING,0,545,0,0,104,371,70,0,0,320,240,0,0.0000,0.480,-0.480
1637,oclusao,SEARCHING,0,531,0,0,103,360,66,0,0,320,240,0,0.0000,0.480,-0.480
1638,oclusao,SEARCHING,0,523,0,0,99,357,67,0,0,320,240,0,0.0000,0.480,-0.480
1639,oclusao,SEARCHING,0,522,0,0,99,356,67,0,0,320,240,0,0.0000,0.480,-0.480
1640,oclusao,SEARCHING,0,519,0,0,99,353,67,0,0,320,240,0,0.0000,0.480,-0.480
1641,oclusao,SEARCHING,0,520,0,0,99,353,67,0,0,320,240,0,0.0000,0.480,-0.480
1642,oclusao,SEARCHING,0,518,0,0,98,352,67,0,0,320,240,0,0.0000,0.480,-0.480
1643,oclusao,SEARCHING,0,550,0,0,104,374,71,0,0,320,240,0,0.0000,0.480,-0.480
1644,oclusao,SEARCHING,0,578,0,0,113,390,74,0,0,320,240,0,0.0000,0.480,-0.480
1645,oclusao,SEARCHING,0,605,0,0,115,412,78,0,0,320,240,0,0.0000,0.480,-0.480
1646,oclusao,SEARCHING,0,612,0,0,116,418,78,0,0,320,240,0,0.0000,0.480,-0.480
1647,oclusao,SEARCHING,0,616,0,0,116,417,83,0,0,320,240,0,0.0000,0.480,-0.480
1648,oclusao,SEARCHING,0,697,0,0,133,475,88,0,0,320,240,0,0.0000,0.480,-0.480
1649,oclusao,SEARCHING,0,749,0,0,139,504,106,0,0,320,240,0,0.0000,0.480,-0.480
1650,oclusao,SEARCHING,0,855,0,0,160,578,117,0,0,320,240,0,0.0000,0.480,-0.480
1651,oclusao,SEARCHING,0,837,0,0,160,574,102,1,0,320,240,0,0.0000,0.480,-0.480
1652,oclusao,SEARCHING,0,731,0,0,139,498,94,0,0,320,240,0,0.0000,0.480,-0.480
1653,oclusao,SEARCHING,0,664,0,0,130,451,83,0,0,320,240,0,0.0000,0.480,-0.480
1654,oclusao,SEARCHING,0,644,0,0,122,439,82,0,0,320,240,0,0.0000,0.480,-0.480
1655,oclusao,SEARCHING,0,605,0,0,115,412,78,0,0,320,240,0,0.0000,0.480,-0.480
1656,oclusao,SEARCHING,0,644,0,0,122,439,83,0,0,320,240,0,0.0000,0.480,-0.480
1657,oclusao,SEARCHING,0,681,0,0,130,463,88,0,0,320,240,0,0.0000,0.480,-0.480
1658,oclusao,SEARCHING,0,651,0,0,122,445,83,0,0,320,240,0,0.0000,0.480,-0.480
1659,oclusao,SEARCHING,0,605,0,0,116,411,78,0,0,320,240,0,0.0000,0.480,-0.480
1660,oclusao,SEARCHING,0,581,0,0,111,396,74,0,0,320,240,0,0.0000,0.480,-0.480
1661,oclusao,SEARCHING,0,578,0,0,113,390,73,0,0,320,240,0,0.0000,0.480,-0.480
1662,oclusao,SEARCHING,0,574,0,0,109,390,74,0,0,320,240,0,0.0000,0.480,-0.480
1663,oclusao,SEARCHING,0,579,0,0,110,392,76,0,0,320,240,0,0.0000,0.480,-0.480
1664,oclusao,SEARCHING,0,580,0,0,112,393,74,0,0,320,240,0,0.0000,0.480,-0.480
1665,oclusao,SEARCHING,0,573,0,0,109,390,74,0,0,320,240,0,0.0000,0.480,-0.480
1666,oclusao,SEARCHING,0,559,0,0,110,378,70,0,0,320,240,0,0.0000,0.480,-0.480
1667,oclusao,SEARCHING,0,549,0,0,104,374,70,0,1,320,240,0,0.0000,0.480,-0.480
1668,oclusao,SEARCHING,0,550,0,0,103,375,71,0,0,320,240,0,0.0000,0.480,-0.480
1669,oclusao,SEARCHING,0,545,0,0,104,371,70,0,0,320,240,0,0.0000,0.480,-0.480
1670,oclusao,SEARCHING,0,545,0,0,104,370,71,0,0,320,240,0,0.0000,0.480,-0.480
1671,oclusao,SEARCHING,0,549,0,0,104,374,71,0,0,320,240,0,0.0000,0.480,-0.480
1672,oclusao,SEARCHING,0,550,0,0,107,372,71,0,0,320,240,0,0.0000,0.480,-0.480
1673,oclusao,SEARCHING,0,574,0,0,109,390,74,0,0,320,240,0,0.0000,0.480,-0.480
1674,oclusao,SEARCHING,0,578,0,0,109,393,74,0,0,320,240,0,0.0000,0.480,-0.480
1675,oclusao,SEARCHING,0,577,0,0,113,390,74,0,0,320,240,0,0.0000,0.480,-0.480
1676,oclusao,SEARCHING,0,564,0,0,109,385,70,0,0,320,240,0,0.0000,0.480,-0.480
1677,oclusao,SEARCHING,0,547,0,0,104,373,70,0,0,320,240,0,0.0000,0.480,-0.480
1678,oclusao,SEARCHING,0,546,0,0,103,372,70,0,0,320,240,0,0.0000,0.480,-0.480
1679,oclusao,SEARCHING,0,518,0,0,99,352,67,0,0,320,240,0,0.0000,0.480,-0.480
1680,oclusao,SEARCHING,0,519,0,0,99,353,67,0,0,320,240,0,0.0000,0.480,-0.480
1681,oclusao,SEARCHING,0,521,0,0,99,353,69,0,0,320,240,0,0.0000,0.480,-0.480
1682,oclusao,SEARCHING,0,521,0,0,99,355,67,0,0,320,240,0,0.0000,0.480,-0.480
1683,oclusao,SEARCHING,0,521,0,0,99,355,67,0,0,320,240,0,0.0000,0.480,-0.480
1684,oclusao,SEARCHING,0,495,0,0,94,337,64,0,0,320,240,0,0.0000,0.480,-0.480
1685,oclusao,SEARCHING,0,495,0,0,94,337,64,0,0,320,240,0,0.0000,0.480,-0.480
1686,oclusao,SEARCHING,0,494,0,0,93,337,63,0,0,320,240,0,0.0000,0.480,-0.480
1687,oclusao,SEARCHING,0,495,0,0,94,337,64,0,0,320,240,0,0.0000,0.480,-0.480
1688,oclusao,SEARCHING,0,498,0,0,94,340,64,0,0,320,240,0,0.0000,0.480,-0.480
1689,oclusao,SEARCHING,0,501,0,0,95,342,64,0,0,320,240,0,0.0000,0.480,-0.480
1690,oclusao,SEARCHING,0,500,0,0,98,338,63,1,0,320,240,0,0.0000,0.480,-0.480
1691,oclusao,SEARCHING,0,526,0,0,102,356,67,0,0,320,240,0,0.0000,0.480,-0.480
1692,oclusao,SEARCHING,0,555,0,0,104,377,74,0,0,320,240,0,0.0000,0.480,-0.480
1693,oclusao,SEARCHING,0,604,0,0,111,415,78,0,0,320,240,0,0.0000,0.480,-0.480
1694,oclusao,SEARCHING,0,612,0,0,123,411,78,0,0,320,240,0,0.0000,0.480,-0.480
1695,oclusao,SEARCHING,0,613,0,0,116,415,82,0,0,320,240,0,0.0000,0.480,-0.480
1696,oclusao,SEARCHING,0,654,0,0,122,449,83,0,0,320,240,0,0.0000,0.480,-0.480
1697,oclusao,SEARCHING,0,714,0,0,131,484,99,0,0,320,240,0,0.0000,0.480,-0.480
1698,oclusao,SEARCHING,0,778,0,0,148,529,100,0,0,320,240,0,0.0000,0.480,-0.480
1699,oclusao,SEARCHING,0,731,0,0,144,494,93,0,0,320,240,0,0.0000,0.480,-0.480
1700,oclusao,SEARCHING,0,688,0,0,130,470,88,0,0,320,240,0,0.0000,0.480,-0.480
1701,oclusao,SEARCHING,0,642,0,0,123,435,83,0,0,320,240,0,0.0000,0.480,-0.480
1702,oclusao,SEARCHING,0,644,0,0,122,439,83,0,0,320,240,0,0.0000,0.480,-0.480
1703,oclusao,SEARCHING,0,605,0,0,115,412,78,0,0,320,240,0,0.0000,0.480,-0.480
1704,oclusao,SEARCHING,0,608,0,0,116,411,81,0,0,320,240,0,0.0000,0.480,-0.480
1705,oclusao,SEARCHING,0,581,0,0,109,397,73,1,0,320,240,0,0.0000,0.480,-0.480
1706,oclusao,SEARCHING,0,581,0,0,110,392,79,0,0,320,240,0,0.0000,0.480,-0.480
1707,oclusao,SEARCHING,0,638,0,0,116,439,82,0,0,320,240,0,0.0000,0.480,-0.480
1708,oclusao,SEARCHING,0,682,0,0,130,463,89,0,0,320,240,0,0.0000,0.480,-0.480
1709,oclusao,SEARCHING,0,619,0,0,122,419,78,0,0,320,240,0,0.0000,0.480,-0.480
1710,oclusao,SEARCHING,0,594,0,0,130,390,74,0,0,320,240,0,0.0000,0.480,-0.480
1711,oclusao,SEARCHING,0,574,0,0,110,390,74,0,0,320,240,0,0.0000,0.480,-0.480
1712,oclusao,SEARCHING,0,578,0,0,109,395,74,0,0,320,240,0,0.0000,0.480,-0.480
1713,oclusao,SEARCHING,0,574,0,0,109,390,73,0,0,320,240,0,0.0000,0.480,-0.480
1714,oclusao,SEARCHING,0,560,0,0,110,380,70,0,0,320,240,0,0.0000,0.480,-0.480
1715,oclusao,SEARCHING,0,548,0,0,103,373,70,0,1,320,240,0,0.0000,0.480,-0.480
1716,oclusao,SEARCHING,0,570,0,0,129,371,70,0,0,320,240,0,0.0000,0.480,-0.480
1717,oclusao,SEARCHING,0,545,0,0,104,371,70,0,0,320,240,0,0.0000,0.480,-0.480
1718,oclusao,SEARCHING,0,528,0,0,104,357,67,0,0,320,240,0,0.0000,0.480,-0.480
1719,oclusao,SEARCHING,0,522,0,0,99,355,67,0,1,320,240,0,0.0000,0.480,-0.480
1720,oclusao,SEARCHING,0,522,0,0,99,356,67,0,0,320,240,0,0.0000,0.480,-0.480
1721,oclusao,SEARCHING,0,522,0,0,99,356,67,0,0,320,240,0,0.0000,0.480,-0.480
1722,oclusao,SEARCHING,0,518,0,0,99,352,67,0,0,320,240,0,0.0000,0.480,-0.480
1723,oclusao,SEARCHING,0,536,0,0,99,366,71,0,0,320,240,0,0.0000,0.480,-0.480
1724,oclusao,SEARCHING,0,578,0,0,109,395,74,0,0,320,240,0,0.0000,0.480,-0.480
1725,oclusao,SEARCHING,0,606,0,0,115,413,78,0,0,320,240,0,0.0000,0.480,-0.480
1726,oclusao,SEARCHING,0,611,0,0,116,412,83,0,0,320,240,0,0.0000,0.480,-0.480
1727,oclusao,SEARCHING,0,610,0,0,115,415,78,0,0,320,240,0,0.0000,0.480,-0.480
1728,oclusao,SEARCHING,0,616,0,0,116,418,82,0,0,320,240,0,0.0000,0.480,-0.480
1729,oclusao,SEARCHING,0,644,0,0,122,439,83,0,0,320,240,0,0.0000,0.480,-0.480
1730,oclusao,SEARCHING,0,607,0,0,115,414,78,0,0,320,240,0,0.0000,0.480,-0.480
1731,oclusao,SEARCHING,0,657,0,0,124,449,83,0,0,320,240,0,0.0000,0.480,-0.480
1732,oclusao,SEARCHING,0,686,0,0,130,463,92,0,0,320,240,0,0.0000,0.480,-0.480
1733,oclusao,SEARCHING,0,783,0,0,149,534,100,0,0,320,240,0,0.0000,0.480,-0.480
1734,oclusao,SEARCHING,0,697,0,0,139,470,88,0,0,320,240,0,0.0000,0.480,-0.480
1735,oclusao,SEARCHING,0,641,0,0,123,435,83,0,0,320,240,0,0.0000,0.480,-0.480
1736,oclusao,SEARCHING,0,614,0,0,121,414,79,0,0,320,240,0,0.0000,0.480,-0.480
1737,oclusao,SEARCHING,0,612,0,0,122,412,78,0,0,320,240,0,0.0000,0.480,-0.480
1738,oclusao,SEARCHING,0,606,0,0,116,411,78,0,1,320,240,0,0.0000,0.480,-0.480
1739,oclusao,SEARCHING,0,579,0,0,109,396,74,0,0,320,240,0,0.0000,0.480,-0.480
1740,oclusao,SEARCHING,0,573,0,0,109,390,74,0,0,320,240,0,0.0000,0.480,-0.480
1741,oclusao,SEARCHING,0,581,0,0,110,394,77,0,0,320,240,0,0.0000,0.480,-0.480
1742,oclusao,SEARCHING,0,577,0,0,109,393,75,0,0,320,240,0,0.0000,0.480,-0.480
1743,oclusao,SEARCHING,0,608,0,0,115,412,80,0,0,320,240,0,0.0000,0.480,-0.480
1744,oclusao,SEARCHING,0,645,0,0,122,440,83,0,0,320,240,0,0.0000,0.480,-0.480
1745,oclusao,SEARCHING,0,639,0,0,122,438,79,0,0,320,240,0,0.0000,0.480,-0.480
1746,oclusao,SEARCHING,0,610,0,0,116,416,78,0,0,320,240,0,0.0000,0.480,-0.480
1747,oclusao,SEARCHING,0,609,0,0,115,415,78,0,0,320,240,0,0.0000,0.480,-0.480
1748,oclusao,SEARCHING,0,573,0,0,109,390,74,0,0,320,240,0,0.0000,0.480,-0.480
1749,oclusao,SEARCHING,0,573,0,0,106,392,74,0,0,320,240,0,0.0000,0.480,-0.480
1750,oclusao,SEARCHING,0,573,0,0,109,390,74,0,0,320,240,0,0.0000,0.480,-0.480
1751,oclusao,SEARCHING,0,545,0,0,104,371,70,0,0,320,240,0,0.0000,0.480,-0.480
1752,oclusao,SEARCHING,0,548,0,0,104,374,70,0,0,320,240,0,0.0000,0.480,-0.480
1753,oclusao,SEARCHING,0,522,0,0,99,356,66,1,0,320,240,0,0.0000,0.480,-0.480
1754,oclusao,SEARCHING,0,519,0,0,99,353,67,0,0,320,240,0,0.0000,0.480,-0.480
1755,oclusao,SEARCHING,0,519,0,0,99,353,67,0,0,320,240,0,0.0000,0.480,-0.480
1756,oclusao,SEARCHING,0,530,0,0,98,361,70,0,0,320,240,0,0.0000,0.480,-0.480
1757,oclusao,SEARCHING,0,579,0,0,109,394,76,0,0,320,240,0,0.0000,0.480,-0.480
1758,oclusao,SEARCHING,0,549,0,0,104,374,71,0,0,320,240,0,0.0000,0.480,-0.480
1759,oclusao,SEARCHING,0,556,0,0,104,377,74,1,0,320,240,0,0.0000,0.480,-0.480
1760,oclusao,SEARCHING,0,606,0,0,110,417,79,0,0,320,240,0,0.0000,0.480,-0.480
1761,oclusao,SEARCHING,0,646,0,0,127,436,82,0,0,320,240,0,0.0000,0.480,-0.480
1762,oclusao,SEARCHING,0,644,0,0,122,439,83,0,0,320,240,0,0.0000,0.480,-0.480
1763,oclusao,SEARCHING,0,646,0,0,125,436,85,0,0,320,240,0,0.0000,0.480,-0.480
1764,oclusao,SEARCHING,0,646,0,0,122,441,82,0,0,320,240,0,0.0000,0.480,-0.480
1765,oclusao,SEARCHING,0,642,0,0,125,436,81,0,0,320,240,0,0.0000,0.480,-0.480
1766,oclusao,SEARCHING,0,605,0,0,115,412,78,0,0,320,240,0,0.0000,0.480,-0.480
1767,oclusao,SEARCHING,0,582,0,0,109,398,75,0,0,320,240,0,0.0000,0.480,-0.480
1768,oclusao,SEARCHING,0,574,0,0,110,390,74,0,0,320,240,0,0.0000,0.480,-0.480
1769,oclusao,SEARCHING,0,609,0,0,116,411,82,0,0,320,240,0,0.0000,0.480,-0.480
1770,oclusao,SEARCHING,0,613,0,0,115,419,79,0,0,320,240,0,0.0000,0.480,-0.480
1771,oclusao,SEARCHING,0,606,0,0,116,411,79,0,0,320,240,0,0.0000,0.480,-0.480
1772,oclusao,SEARCHING,0,607,0,0,114,415,78,0,0,320,240,0,0.0000,0.480,-0.480
1773,oclusao,SEARCHING,0,617,0,0,124,413,78,0,0,320,240,0,0.0000,0.480,-0.480
1774,oclusao,SEARCHING,0,610,0,0,116,412,81,0,1,320,240,0,0.0000,0.480,-0.480
1775,oclusao,SEARCHING,0,646,0,0,127,436,83,0,0,320,240,0,0.0000,0.480,-0.480
1776,oclusao,SEARCHING,0,646,0,0,122,436,87,0,0,320,240,0,0.0000,0.480,-0.480
1777,oclusao,SEARCHING,0,645,0,0,122,440,82,0,1,320,240,0,0.0000,0.480,-0.480
1778,oclusao,SEARCHING,0,660,0,0,122,450,88,0,0,320,240,0,0.0000,0.480,-0.480
1779,oclusao,SEARCHING,0,682,0,0,127,467,88,0,0,320,240,0,0.0000,0.480,-0.480
1780,oclusao,SEARCHING,0,684,0,0,130,467,87,0,0,320,240,0,0.0000,0.480,-0.480
1781,oclusao,SEARCHING,0,682,0,0,130,464,88,0,0,320,240,0,0.0000,0.480,-0.480
1782,oclusao,SEARCHING,0,644,0,0,122,438,82,1,0,320,240,0,0.0000,0.480,-0.480
1783,oclusao,SEARCHING,0,641,0,0,122,436,82,1,0,320,240,0,0.0000,0.480,-0.480
1784,oclusao,SEARCHING,0,645,0,0,122,439,83,0,0,320,240,0,0.0000,0.480,-0.480
1785,oclusao,SEARCHING,0,641,0,0,122,436,82,1,0,320,240,0,0.0000,0.480,-0.480
1786,oclusao,SEARCHING,0,613,0,0,116,418,78,0,0,320,240,0,0.0000,0.480,-0.480
1787,oclusao,SEARCHING,0,606,0,0,116,412,78,0,0,320,240,0,0.0000,0.480,-0.480
1788,oclusao,SEARCHING,0,608,0,0,115,414,78,0,0,320,240,0,0.0000,0.480,-0.480
1789,oclusao,SEARCHING,0,613,0,0,116,418,78,0,1,320,240,0,0.0000,0.480,-0.480
1790,oclusao,SEARCHING,0,606,0,0,116,412,77,0,0,320,240,0,0.0000,0.480,-0.480
1791,oclusao,SEARCHING,0,580,0,0,113,393,74,0,0,320,240,0,0.0000,0.480,-0.480
1792,oclusao,SEARCHING,0,573,0,0,109,390,74,0,0,320,240,0,0.0000,0.480,-0.480
1793,oclusao,SEARCHING,0,573,0,0,109,390,74,0,0,320,240,0,0.0000,0.480,-0.480
1794,oclusao,SEARCHING,0,576,0,0,109,393,74,0,0,320,240,0,0.0000,0.480,-0.480
1795,oclusao,SEARCHING,0,576,0,0,112,390,74,0,0,320,240,0,0.0000,0.480,-0.480
1796,oclusao,SEARCHING,0,545,0,0,104,371,70,0,0,320,240,0,0.0000,0.480,-0.480
1797,oclusao,SEARCHING,0,548,0,0,103,375,70,0,0,320,240,0,0.0000,0.480,-0.480
1798,oclusao,SEARCHING,0,548,0,0,104,373,70,0,0,320,240,0,0.0000,0.480,-0.480
1799,oclusao,SEARCHING,0,544,0,0,104,370,70,0,0,320,240,0,0.0000,0.480,-0.480
1800,oclusao,SEARCHING,0,521,0,0,99,355,66,0,0,320,240,0,0.0000,0.480,-0.480
1801,oclusao,SEARCHING,0,524,0,0,99,354,70,0,1,320,240,0,0.0000,0.480,-0.480
1802,oclusao,SEARCHING,0,548,0,0,104,373,71,0,0,320,240,0,0.0000,0.480,-0.480
1803,oclusao,SEARCHING,0,576,0,0,112,390,74,0,0,320,240,0,0.0000,0.480,-0.480
1804,oclusao,SEARCHING,0,574,0,0,110,390,74,0,0,320,240,0,0.0000,0.480,-0.480
1805,oclusao,SEARCHING,0,580,0,0,110,395,74,0,0,320,240,0,0.0000,0.480,-0.480
1806,oclusao,SEARCHING,0,580,0,0,114,392,74,0,0,320,240,0,0.0000,0.480,-0.480
1807,oclusao,SEARCHING,0,580,0,0,110,391,79,0,0,320,240,0,0.0000,0.480,-0.480
1808,oclusao,SEARCHING,0,611,0,0,115,417,78,0,0,320,240,0,0.0000,0.480,-0.480
1809,oclusao,SEARCHING,0,640,0,0,122,436,82,0,0,320,240,0,0.0000,0.480,-0.480
1810,oclusao,SEARCHING,0,644,0,0,122,439,82,0,0,320,240,0,0.0000,0.480,-0.480
1811,oclusao,SEARCHING,0,646,0,0,122,441,83,0,0,320,240,0,0.0000,0.480,-0.480
1812,oclusao,SEARCHING,0,646,0,0,115,448,83,0,0,320,240,0,0.0000,0.480,-0.480
1813,oclusao,SEARCHING,0,692,0,0,136,465,91,0,0,320,240,0,0.0000,0.480,-0.480
1814,oclusao,SEARCHING,0,778,0,0,144,534,100,0,0,320,240,0,0.0000,0.480,-0.480
1815,oclusao,SEARCHING,0,746,0,0,148,503,93,0,0,320,240,0,0.0000,0.480,-0.480
1816,oclusao,SEARCHING,0,679,0,0,130,463,86,0,0,320,240,0,0.0000,0.480,-0.480
1817,oclusao,SEARCHING,0,647,0,0,122,442,83,0,0,320,240,0,0.0000,0.480,-0.480
1818,oclusao,SEARCHING,0,636,0,0,122,436,78,0,0,320,240,0,0.0000,0.480,-0.480
1819,oclusao,SEARCHING,0,608,0,0,115,415,78,0,0,320,240,0,0.0000,0.480,-0.480
1820,oclusao,SEARCHING,0,609,0,0,116,414,78,0,0,320,240,0,0.0000,0.480,-0.480
1821,oclusao,SEARCHING,0,594,0,0,116,404,74,0,0,320,240,0,0.0000,0.480,-0.480
1822,oclusao,SEARCHING,0,576,0,0,109,393,74,0,0,320,240,0,0.0000,0.480,-0.480
1823,oclusao,SEARCHING,0,574,0,0,109,391,74,0,0,320,240,0,0.0000,0.480,-0.480
1824,oclusao,SEARCHING,0,548,0,0,104,373,70,0,0,320,240,0,0.0000,0.480,-0.480
1825,oclusao,SEARCHING,0,580,0,0,109,397,74,0,0,320,240,0,0.0000,0.480,-0.480
1826,oclusao,SEARCHING,0,606,0,0,115,412,79,0,0,320,240,0,0.0000,0.480,-0.480
1827,oclusao,SEARCHING,0,644,0,0,122,439,83,0,0,320,240,0,0.0000,0.480,-0.480
1828,oclusao,SEARCHING,0,613,0,0,124,411,78,0,0,320,240,0,0.0000,0.480,-0.480
1829,oclusao,SEARCHING,0,606,0,0,116,411,78,0,0,320,240,0,0.0000,0.480,-0.480
1830,oclusao,SEARCHING,0,577,0,0,109,394,74,0,0,320,240,0,0.0000,0.480,-0.480
1831,oclusao,SEARCHING,0,574,0,0,109,391,74,0,0,320,240,0,0.0000,0.480,-0.480
1832,oclusao,SEARCHING,0,573,0,0,109,390,74,0,0,320,240,0,0.0000,0.480,-0.480
1833,oclusao,SEARCHING,0,577,0,0,109,393,74,0,0,320,240,0,0.0000,0.480,-0.480
1834,oclusao,SEARCHING,0,576,0,0,112,390,74,0,0,320,240,0,0.0000,0.480,-0.480
1835,oclusao,SEARCHING,0,573,0,0,109,390,74,0,0,320,240,0,0.0000,0.480,-0.480
1836,oclusao,SEARCHING,0,578,0,0,109,395,74,0,0,320,240,0,0.0000,0.480,-0.480
1837,oclusao,SEARCHING,0,545,0,0,104,371,70,0,0,320,240,0,0.0000,0.480,-0.480
1838,oclusao,SEARCHING,0,545,0,0,104,371,70,0,0,320,240,0,0.0000,0.480,-0.480
1839,oclusao,SEARCHING,0,548,0,0,104,373,70,0,1,320,240,0,0.0000,0.480,-0.480
1840,oclusao,SEARCHING,0,577,0,0,109,392,73,0,0,320,240,0,0.0000,0.480,-0.480
1841,oclusao,SEARCHING,0,603,0,0,115,412,76,0,0,320,240,0,0.0000,0.480,-0.480
1842,oclusao,SEARCHING,0,576,0,0,109,393,73,1,0,320,240,0,0.0000,0.480,-0.480
1843,oclusao,SEARCHING,0,547,0,0,104,373,70,0,0,320,240,0,0.0000,0.480,-0.480
1844,oclusao,SEARCHING,0,545,0,0,104,370,71,0,0,320,240,0,0.0000,0.480,-0.480
1845,oclusao,SEARCHING,0,526,0,0,99,356,70,0,1,320,240,0,0.0000,0.480,-0.480
1846,oclusao,SEARCHING,0,548,0,0,104,373,71,0,0,320,240,0,0.0000,0.480,-0.480
1847,oclusao,SEARCHING,0,521,0,0,99,355,67,0,0,320,240,0,0.0000,0.480,-0.480
1848,oclusao,SEARCHING,0,522,0,0,102,353,67,0,0,320,240,0,0.0000,0.480,-0.480
1849,oclusao,SEARCHING,0,519,0,0,99,352,68,0,0,320,240,0,0.0000,0.480,-0.480
1850,oclusao,SEARCHING,0,519,0,0,99,353,67,0,0,320,240,0,0.0000,0.480,-0.480
1851,oclusao,SEARCHING,0,522,0,0,99,355,67,0,1,320,240,0,0.0000,0.480,-0.480
1852,oclusao,SEARCHING,0,521,0,0,99,355,67,0,0,320,240,0,0.0000,0.480,-0.480
1853,oclusao,SEARCHING,0,519,0,0,98,353,67,0,0,320,240,0,0.0000,0.480,-0.480
1854,oclusao,SEARCHING,0,518,0,0,99,352,67,0,0,320,240,0,0.0000,0.480,-0.480
1855,oclusao,SEARCHING,0,519,0,0,99,353,67,0,0,320,240,0,0.0000,0.480,-0.480
1856,oclusao,SEARCHING,0,523,0,0,99,357,67,0,0,320,240,0,0.0000,0.480,-0.480
1857,oclusao,SEARCHING,0,497,0,0,94,339,64,0,0,320,240,0,0.0000,0.480,-0.480
1858,oclusao,SEARCHING,0,498,0,0,98,336,64,0,0,320,240,0,0.0000,0.480,-0.480
1859,oclusao,SEARCHING,0,495,0,0,94,336,64,0,0,320,240,0,0.0000,0.480,-0.480
1860,oclusao,SEARCHING,0,496,0,0,95,337,64,0,0,320,240,0,0.0000,0.480,-0.480
1861,oclusao,SEARCHING,0,496,0,0,94,337,64,0,0,320,240,0,0.0000,0.480,-0.480
1862,oclusao,SEARCHING,0,498,0,0,95,339,63,0,0,320,240,0,0.0000,0.480,-0.480
1863,oclusao,SEARCHING,0,496,0,0,93,339,64,0,0,320,240,0,0.0000,0.480,-0.480
1864,oclusao,SEARCHING,0,497,0,0,96,336,64,0,0,320,240,0,0.0000,0.480,-0.480
1865,oclusao,SEARCHING,0,496,0,0,95,336,64,0,0,320,240,0,0.0000,0.480,-0.480
1866,oclusao,SEARCHING,0,495,0,0,95,336,64,0,0,320,240,0,0.0000,0.480,-0.480
1867,oclusao,SEARCHING,0,495,0,0,95,336,64,0,0,320,240,0,0.0000,0.480,-0.480
1868,oclusao,SEARCHING,0,498,0,0,95,336,66,0,0,320,240,0,0.0000,0.480,-0.480
1869,oclusao,SEARCHING,0,498,0,0,95,338,63,0,0,320,240,0,0.0000,0.480,-0.480
1870,oclusao,SEARCHING,0,497,0,0,94,339,64,0,0,320,240,0,0.0000,0.480,-0.480
1871,oclusao,SEARCHING,0,497,0,0,97,336,64,0,0,320,240,0,0.0000,0.480,-0.480
1872,oclusao,SEARCHING,0,494,0,0,93,337,63,0,0,320,240,0,0.0000,0.480,-0.480
1873,oclusao,SEARCHING,0,496,0,0,94,336,64,0,1,320,240,0,0.0000,0.480,-0.480
1874,oclusao,SEARCHING,0,496,0,0,95,337,63,1,0,320,240,0,0.0000,0.480,-0.480
1875,oclusao,SEARCHING,0,498,0,0,95,336,66,0,0,320,240,0,0.0000,0.480,-0.480
1876,oclusao,SEARCHING,0,497,0,0,94,339,64,0,0,320,240,0,0.0000,0.480,-0.480
1877,oclusao,SEARCHING,0,497,0,0,94,339,64,0,0,320,240,0,0.0000,0.480,-0.480
1878,oclusao,SEARCHING,0,498,0,0,97,337,64,0,0,320,240,0,0.0000,0.480,-0.480
1879,oclusao,SEARCHING,0,494,0,0,94,336,64,0,0,320,240,0,0.0000,0.480,-0.480
1880,oclusao,SEARCHING,0,493,0,0,92,337,64,0,0,320,240,0,0.0000,0.480,-0.480
1881,oclusao,SEARCHING,0,495,0,0,94,336,64,0,0,320,240,0,0.0000,0.480,-0.480
1882,oclusao,SEARCHING,0,498,0,0,94,336,65,0,1,320,240,0,0.0000,0.480,-0.480
1883,oclusao,SEARCHING,0,497,0,0,95,338,64,0,0,320,240,0,0.0000,0.480,-0.480
1884,oclusao,SEARCHING,0,497,0,0,94,339,64,0,0,320,240,0,0.0000,0.480,-0.480
1885,oclusao,SEARCHING,0,497,0,0,97,336,64,0,0,320,240,0,0.0000,0.480,-0.480
1886,oclusao,SEARCHING,0,495,0,0,95,336,64,0,0,320,240,0,0.0000,0.480,-0.480
1887,oclusao,SEARCHING,0,495,0,0,95,336,64,0,0,320,240,0,0.0000,0.480,-0.480
1888,oclusao,SEARCHING,0,495,0,0,94,337,64,0,0,320,240,0,0.0000,0.480,-0.480
1889,oclusao,SEARCHING,0,502,0,0,95,338,69,0,0,320,240,0,0.0000,0.480,-0.480
1890,oclusao,SEARCHING,0,498,0,0,95,339,64,0,0,320,240,0,0.0000,0.480,-0.480
1891,oclusao,SEARCHING,0,498,0,0,94,340,64,0,0,320,240,0,0.0000,0.480,-0.480
1892,oclusao,SEARCHING,0,499,0,0,97,337,64,1,0,320,240,0,0.0000,0.480,-0.480
1893,oclusao,SEARCHING,0,498,0,0,96,337,64,0,0,320,240,0,0.0000,0.480,-0.480
1894,oclusao,SEARCHING,0,495,0,0,94,337,64,0,0,320,240,0,0.0000,0.480,-0.480
1895,oclusao,SEARCHING,0,498,0,0,95,339,63,0,1,320,240,0,0.0000,0.480,-0.480
1896,oclusao,SEARCHING,0,526,0,0,98,361,67,0,0,320,240,0,0.0000,0.480,-0.480
1897,oclusao,SEARCHING,0,553,0,0,104,378,70,0,0,320,240,0,0.0000,0.480,-0.480
1898,oclusao,SEARCHING,0,579,0,0,114,391,74,0,0,320,240,0,0.0000,0.480,-0.480
1899,oclusao,SEARCHING,0,592,0,0,109,404,78,0,0,320,240,0,0.0000,0.480,-0.480
1900,oclusao,SEARCHING,0,610,0,0,112,419,79,0,0,320,240,0,0.0000,0.480,-0.480
1901,oclusao,SEARCHING,0,575,0,0,109,390,74,1,0,320,240,0,0.0000,0.480,-0.480
1902,oclusao,SEARCHING,0,603,0,0,109,410,82,0,0,320,240,0,0.0000,0.480,-0.480
1903,oclusao,SEARCHING,0,658,0,0,130,444,84,0,0,320,240,0,0.0000,0.480,-0.480
1904,oclusao,SEARCHING,0,687,0,0,130,469,88,0,0,320,240,0,0.0000,0.480,-0.480
1905,oclusao,SEARCHING,0,671,0,0,130,456,84,0,0,320,240,0,0.0000,0.480,-0.480
1906,oclusao,SEARCHING,0,615,0,0,116,421,78,0,0,320,240,0,0.0000,0.480,-0.480
1907,oclusao,SEARCHING,0,606,0,0,116,412,78,0,0,320,240,0,0.0000,0.480,-0.480
1908,oclusao,SEARCHING,0,646,0,0,122,441,83,0,0,320,240,0,0.0000,0.480,-0.480
1909,oclusao,SEARCHING,0,650,0,0,131,435,84,0,0,320,240,0,0.0000,0.480,-0.480
1910,oclusao,SEARCHING,0,607,0,0,115,412,80,0,0,320,240,0,0.0000,0.480,-0.480
1911,oclusao,SEARCHING,0,575,0,0,109,392,74,0,0,320,240,0,0.0000,0.480,-0.480
1912,oclusao,SEARCHING,0,569,0,0,110,388,70,0,1,320,240,0,0.0000,0.480,-0.480
1913,oclusao,SEARCHING,0,545,0,0,104,370,70,0,1,320,240,0,0.0000,0.480,-0.480
1914,oclusao,SEARCHING,0,547,0,0,104,372,70,0,0,320,240,0,0.0000,0.480,-0.480
1915,oclusao,SEARCHING,0,522,0,0,102,353,66,0,0,320,240,0,0.0000,0.480,-0.480
1916,oclusao,SEARCHING,0,519,0,0,99,352,68,0,0,320,240,0,0.0000,0.480,-0.480
1917,oclusao,SEARCHING,0,519,0,0,99,352,67,0,1,320,240,0,0.0000,0.480,-0.480
1918,oclusao,SEARCHING,0,521,0,0,99,352,70,0,0,320,240,0,0.0000,0.480,-0.480
1919,oclusao,SEARCHING,0,523,0,0,99,357,67,0,0,320,240,0,0.0000,0.480,-0.480
1920,oclusao,SEARCHING,0,522,0,0,102,353,67,0,0,320,240,0,0.0000,0.480,-0.480
1921,oclusao,SEARCHING,0,518,0,0,98,353,67,0,0,320,240,0,0.0000,0.480,-0.480
1922,oclusao,SEARCHING,0,518,0,0,99,352,67,0,0,320,240,0,0.0000,0.480,-0.480
1923,oclusao,SEARCHING,0,521,0,0,99,352,70,0,0,320,240,0,0.0000,0.480,-0.480
1924,oclusao,SEARCHING,0,520,0,0,99,354,67,0,0,320,240,0,0.0000,0.480,-0.480
1925,oclusao,SEARCHING,0,497,0,0,95,338,64,0,0,320,240,0,0.0000,0.480,-0.480
1926,oclusao,SEARCHING,0,496,0,0,95,336,63,0,0,320,240,0,0.0000,0.480,-0.480
1927,oclusao,SEARCHING,0,496,0,0,95,337,64,0,0,320,240,0,0.0000,0.480,-0.480
1928,oclusao,SEARCHING,0,495,0,0,95,336,64,0,0,320,240,0,0.0000,0.480,-0.480
1929,oclusao,SEARCHING,0,495,0,0,94,337,64,0,0,320,240,0,0.0000,0.480,-0.480
1930,oclusao,SEARCHING,0,501,0,0,95,342,64,0,0,320,240,0,0.0000,0.480,-0.480
1931,oclusao,SEARCHING,0,522,0,0,99,356,67,0,0,320,240,0,0.0000,0.480,-0.480
1932,oclusao,SEARCHING,0,521,0,0,101,353,66,0,0,320,240,0,0.0000,0.480,-0.480
1933,oclusao,SEARCHING,0,495,0,0,95,336,64,0,0,320,240,0,0.0000,0.480,-0.480
1934,oclusao,SEARCHING,0,499,0,0,95,337,67,0,0,320,240,0,0.0000,0.480,-0.480
1935,oclusao,SEARCHING,0,507,0,0,99,344,64,0,0,320,240,0,0.0000,0.480,-0.480
1936,oclusao,SEARCHING,0,497,0,0,94,338,64,0,0,320,240,0,0.0000,0.480,-0.480
1937,oclusao,SEARCHING,0,498,0,0,94,339,64,0,0,320,240,0,0.0000,0.480,-0.480
1938,oclusao,SEARCHING,0,497,0,0,94,338,64,0,0,320,240,0,0.0000,0.480,-0.480
1939,oclusao,SEARCHING,0,495,0,0,95,336,64,0,0,320,240,0,0.0000,0.480,-0.480
1940,oclusao,SEARCHING,0,495,0,0,94,337,64,0,0,320,240,0,0.0000,0.480,-0.480
1941,oclusao,SEARCHING,0,495,0,0,94,337,64,0,0,320,240,0,0.0000,0.480,-0.480
1942,oclusao,SEARCHING,0,496,0,0,94,337,64,0,0,320,240,0,0.0000,0.480,-0.480
1943,oclusao,SEARCHING,0,498,0,0,94,339,65,0,0,320,240,0,0.0000,0.480,-0.480
1944,oclusao,SEARCHING,0,497,0,0,94,339,64,0,0,320,240,0,0.0000,0.480,-0.480
1945,oclusao,SEARCHING,0,498,0,0,97,337,63,0,1,320,240,0,0.0000,0.480,-0.480
1946,oclusao,SEARCHING,0,495,0,0,95,336,63,0,0,320,240,0,0.0000,0.480,-0.480
1947,oclusao,SEARCHING,0,496,0,0,95,336,64,1,0,320,240,0,0.0000,0.480,-0.480
1948,oclusao,SEARCHING,0,495,0,0,94,337,64,0,0,320,240,0,0.0000,0.480,-0.480
1949,oclusao,SEARCHING,0,498,0,0,95,339,63,0,1,320,240,0,0.0000,0.480,-0.480
1950,oclusao,SEARCHING,0,497,0,0,94,338,64,0,0,320,240,0,0.0000,0.480,-0.480
1951,oclusao,SEARCHING,0,496,0,0,93,339,64,0,0,320,240,0,0.0000,0.480,-0.480
1952,oclusao,SEARCHING,0,495,0,0,94,337,64,0,0,320,240,0,0.0000,0.480,-0.480
1953,oclusao,SEARCHING,0,495,0,0,94,337,64,0,0,320,240,0,0.0000,0.480,-0.480
1954,oclusao,SEARCHING,0,497,0,0,95,338,64,0,0,320,240,0,0.0000,0.480,-0.480
1955,oclusao,SEARCHING,0,499,0,0,95,340,64,0,0,320,240,0,0.0000,0.480,-0.480
1956,oclusao,SEARCHING,0,532,0,0,99,366,67,0,0,320,240,0,0.0000,0.480,-0.480
1957,oclusao,SEARCHING,0,549,0,0,103,375,70,0,0,320,240,0,0.0000,0.480,-0.480
1958,oclusao,SEARCHING,0,574,0,0,110,390,74,0,0,320,240,0,0.0000,0.480,-0.480
1959,oclusao,SEARCHING,0,610,0,0,116,415,79,0,0,320,240,0,0.0000,0.480,-0.480
1960,oclusao,SEARCHING,0,608,0,0,118,411,78,0,0,320,240,0,0.0000,0.480,-0.480
1961,oclusao,SEARCHING,0,621,0,0,115,422,83,1,0,320,240,0,0.0000,0.480,-0.480
1962,oclusao,SEARCHING,0,644,0,0,122,439,83,0,0,320,240,0,0.0000,0.480,-0.480
1963,oclusao,SEARCHING,0,642,0,0,122,437,83,0,0,320,240,0,0.0000,0.480,-0.480
1964,oclusao,SEARCHING,0,646,0,0,123,440,83,0,0,320,240,0,0.0000,0.480,-0.480
1965,oclusao,SEARCHING,0,683,0,0,130,464,88,1,0,320,240,0,0.0000,0.480,-0.480
1966,oclusao,SEARCHING,0,690,0,0,130,472,88,0,0,320,240,0,0.0000,0.480,-0.480
1967,oclusao,SEARCHING,0,709,0,0,130,485,93,0,0,320,240,0,0.0000,0.480,-0.480
1968,oclusao,SEARCHING,0,732,0,0,144,494,93,1,0,320,240,0,0.0000,0.480,-0.480
1969,oclusao,SEARCHING,0,686,0,0,130,468,88,0,0,320,240,0,0.0000,0.480,-0.480
1970,oclusao,SEARCHING,0,692,0,0,130,468,94,0,0,320,240,0,0.0000,0.480,-0.480
1971,oclusao,SEARCHING,0,792,0,0,159,532,101,0,0,320,240,0,0.0000,0.480,-0.480
1972,oclusao,SEARCHING,0,847,0,0,159,579,108,0,0,320,240,0,0.0000,0.480,-0.480
1973,oclusao,SEARCHING,0,783,0,0,148,534,101,0,0,320,240,0,0.0000,0.480,-0.480
1974,oclusao,SEARCHING,0,705,0,0,138,478,87,0,1,320,240,0,0.0000,0.480,-0.480
1975,oclusao,SEARCHING,0,646,0,0,127,436,82,0,0,320,240,0,0.0000,0.480,-0.480
1976,oclusao,SEARCHING,0,641,0,0,119,440,82,0,0,320,240,0,0.0000,0.480,-0.480
1977,oclusao,SEARCHING,0,633,0,0,144,411,78,0,0,320,240,0,0.0000,0.480,-0.480
1978,oclusao,SEARCHING,0,605,0,0,115,412,78,0,0,320,240,0,0.0000,0.480,-0.480
1979,oclusao,SEARCHING,0,607,0,0,115,414,78,0,0,320,240,0,0.0000,0.480,-0.480
1980,oclusao,SEARCHING,0,574,0,0,109,390,74,0,1,320,240,0,0.0000,0.480,-0.480
1981,oclusao,SEARCHING,0,575,0,0,108,390,77,0,0,320,240,0,0.0000,0.480,-0.480
1982,oclusao,SEARCHING,0,551,0,0,107,371,73,0,0,320,240,0,0.0000,0.480,-0.480
1983,oclusao,SEARCHING,0,545,0,0,104,371,70,0,0,320,240,0,0.0000,0.480,-0.480
1984,oclusao,SEARCHING,0,565,0,0,104,387,74,0,0,320,240,0,0.0000,0.480,-0.480
1985,oclusao,SEARCHING,0,606,0,0,113,414,78,0,0,320,240,0,0.0000,0.480,-0.480
1986,oclusao,SEARCHING,0,575,0,0,110,390,74,0,0,320,240,0,0.0000,0.480,-0.480
1987,oclusao,SEARCHING,0,576,0,0,109,390,77,0,0,320,240,0,0.0000,0.480,-0.480
1988,oclusao,SEARCHING,0,576,0,0,109,393,74,0,0,320,240,0,0.0000,0.480,-0.480
1989,oclusao,SEARCHING,0,574,0,0,109,390,74,0,0,320,240,0,0.0000,0.480,-0.480
1990,oclusao,SEARCHING,0,561,0,0,110,381,70,0,0,320,240,0,0.0000,0.480,-0.480
1991,oclusao,SEARCHING,0,548,0,0,104,374,70,0,0,320,240,0,0.0000,0.480,-0.480
1992,oclusao,SEARCHING,0,548,0,0,107,370,71,0,0,320,240,0,0.0000,0.480,-0.480
1993,oclusao,SEARCHING,0,545,0,0,104,371,70,0,0,320,240,0,0.0000,0.480,-0.480
1994,oclusao,SEARCHING,0,564,0,0,104,383,77,0,0,320,240,0,0.0000,0.480,-0.480
1995,oclusao,SEARCHING,0,579,0,0,109,394,76,0,0,320,240,0,0.0000,0.480,-0.480
1996,oclusao,SEARCHING,0,605,0,0,115,412,78,0,0,320,240,0,0.0000,0.480,-0.480
1997,oclusao,SEARCHING,0,686,0,0,130,467,88,0,0,320,240,0,0.0000,0.480,-0.480
1998,oclusao,SEARCHING,0,744,0,0,139,503,101,0,0,320,240,0,0.0000,0.480,-0.480
1999,oclusao,SEARCHING,0,730,0,0,142,495,93,0,0,320,240,0,0.0000,0.480,-0.480
2000,reaquisicao,TRACKING,1,659,0,0,122,450,85,0,1,320,240,0,-0.1875,0.464,0.734
2001,reaquisicao,TRACKING,1,151,0,0,27,102,20,0,1,131,131,0,-0.1813,0.478,0.725
2002,reaquisicao,TRACKING,1,141,0,0,26,96,19,0,0,131,131,0,-0.1688,0.504,0.710
2003,reaquisicao,TRACKING,1,145,0,0,26,99,20,0,0,131,131,0,-0.1625,0.511,0.708
2004,reaquisicao,TRACKING,1,144,0,0,26,99,19,0,0,131,131,0,-0.1500,0.533,0.698
2005,reaquisicao,TRACKING,1,146,0,0,25,101,19,0,0,131,131,0,-0.1375,0.551,0.690
2006,reaquisicao,TRACKING,1,144,0,0,26,99,18,0,0,131,131,0,-0.1187,0.583,0.675
2007,reaquisicao,TRACKING,1,136,0,0,25,93,17,0,0,131,131,0,-0.1000,0.610,0.664
2008,reaquisicao,TRACKING,1,133,0,0,25,91,17,0,0,131,131,0,-0.0812,0.635,0.655
2009,reaquisicao,TRACKING,1,133,0,0,25,91,17,0,0,131,131,0,-0.0625,0.659,0.647
2010,reaquisicao,TRACKING,1,133,0,0,24,91,17,0,1,131,131,0,-0.0500,0.667,0.649
2011,reaquisicao,TRACKING,1,132,0,0,24,91,17,0,0,131,131,0,-0.0312,0.693,0.640
2012,reaquisicao,TRACKING,1,127,0,0,24,86,16,0,1,131,131,0,-0.0125,0.716,0.633
2013,reaquisicao,TRACKING,1,126,0,0,23,87,16,0,0,131,131,0,0.0000,0.725,0.635
2014,reaquisicao,TRACKING,1,127,0,0,24,86,17,0,0,131,131,0,0.0125,0.725,0.624
2015,reaquisicao,TRACKING,1,128,0,0,24,87,16,0,0,131,131,0,0.0312,0.735,0.598
2016,reaquisicao,TRACKING,1,127,0,0,24,87,16,0,0,131,131,0,0.0437,0.735,0.587
2017,reaquisicao,TRACKING,1,133,0,0,25,91,17,0,0,131,131,0,0.0562,0.736,0.575
2018,reaquisicao,TRACKING,1,141,0,0,27,96,18,0,0,131,131,0,0.0688,0.738,0.563
2019,reaquisicao,TRACKING,1,147,0,0,27,101,18,0,0,131,131,0,0.0812,0.741,0.549
2020,reaquisicao,TRACKING,1,157,0,0,28,108,20,0,0,131,131,0,0.1000,0.753,0.521
2021,reaquisicao,TRACKING,1,167,0,0,31,114,21,0,0,131,131,0,0.1125,0.753,0.510
2022,reaquisicao,TRACKING,1,169,0,0,33,115,21,0,0,131,131,0,0.1250,0.755,0.497
2023,reaquisicao,TRACKING,1,156,0,0,29,107,20,0,0,131,131,0,0.1375,0.757,0.484
2024,reaquisicao,TRACKING,1,156,0,0,29,107,20,0,0,131,131,0,0.1500,0.760,0.470
2025,reaquisicao,TRACKING,1,154,0,0,27,108,18,0,0,131,131,0,0.1625,0.763,0.456
2026,reaquisicao,TRACKING,1,148,0,0,27,101,19,1,0,131,131,0,0.1750,0.767,0.442
2027,reaquisicao,TRACKING,1,162,0,0,28,113,19,0,0,131,131,0,0.1875,0.770,0.428
2028,reaquisicao,TRACKING,1,166,0,0,30,114,22,0,0,131,131,0,0.2000,0.774,0.413
2029,reaquisicao,TRACKING,1,190,0,0,34,130,24,0,0,131,131,0,0.2125,0.777,0.399
2030,reaquisicao,TRACKING,1,184,0,0,32,129,22,1,0,131,131,0,0.2250,0.781,0.385
2031,reaquisicao,TRACKING,1,166,0,0,30,114,21,0,0,131,131,0,0.2375,0.784,0.370
2032,reaquisicao,TRACKING,1,156,0,0,29,107,19,0,1,131,131,0,0.2500,0.788,0.356
2033,reaquisicao,TRACKING,1,148,0,0,27,101,18,0,0,131,131,0,0.2625,0.792,0.342
2034,reaquisicao,TRACKING,1,147,0,0,27,102,18,0,0,131,131,0,0.2750,0.795,0.327
2035,reaquisicao,TRACKING,1,148,0,0,27,101,19,0,0,131,131,0,0.2875,0.799,0.313
2036,reaquisicao,TRACKING,1,140,0,0,26,96,17,0,0,131,131,0,0.3000,0.802,0.298
2037,reaquisicao,TRACKING,1,140,0,0,26,96,18,0,0,131,131,0,0.3125,0.806,0.284
2038,reaquisicao,TRACKING,1,139,0,0,26,96,17,0,0,131,131,0,0.3250,0.810,0.270
2039,reaquisicao,TRACKING,1,140,0,0,25,96,18,0,0,131,131,0,0.3375,0.813,0.255
2040,reaquisicao,TRACKING,1,138,0,0,25,96,17,0,0,131,131,0,0.3438,0.808,0.255
2041,reaquisicao,TRACKING,1,149,0,0,29,99,20,0,0,131,131,0,0.3562,0.814,0.238
2042,reaquisicao,TRACKING,1,133,0,0,24,92,16,0,1,131,131,0,0.3688,0.820,0.222
2043,reaquisicao,TRACKING,1,131,0,0,24,91,16,0,0,131,131,0,0.3812,0.824,0.206
2044,reaquisicao,TRACKING,1,139,0,0,26,96,17,0,0,131,131,0,0.3938,0.828,-0.209
2045,reaquisicao,TRACKING,1,147,0,0,28,101,17,0,0,131,131,0,0.4062,0.832,-0.223
2046,reaquisicao,TRACKING,1,155,0,0,29,107,19,0,0,131,131,0,0.4187,0.836,-0.238
2047,reaquisicao,TRACKING,1,146,0,0,27,101,18,0,0,131,131,0,0.4313,0.840,-0.253
2048,reaquisicao,TRACKING,1,139,0,0,26,96,16,0,1,131,131,0,0.4437,0.844,-0.267
2049,reaquisicao,TRACKING,1,140,0,0,26,96,18,0,0,131,131,0,0.4563,0.847,-0.282
2050,reaquisicao,TRACKING,1,132,0,0,25,91,16,0,0,131,131,0,0.4688,0.851,-0.296
2051,reaquisicao,TRACKING,1,132,0,0,24,91,16,1,0,131,131,0,0.4812,0.855,-0.310
2052,reaquisicao,TRACKING,1,126,0,0,23,87,15,0,0,131,131,0,0.4938,0.858,-0.325
2053,reaquisicao,TRACKING,1,128,0,0,25,87,16,0,0,131,131,0,0.5063,0.862,-0.339
2054,reaquisicao,TRACKING,1,128,0,0,23,87,17,0,0,131,131,0,0.5188,0.865,-0.354
2055,reaquisicao,TRACKING,1,125,0,0,24,86,15,0,0,131,131,0,0.5312,0.869,-0.368
2056,reaquisicao,TRACKING,1,126,0,0,23,86,16,0,0,131,131,0,0.5437,0.873,-0.382
2057,reaquisicao,TRACKING,1,125,0,0,23,87,14,1,0,131,131,0,0.5562,0.876,-0.397
2058,reaquisicao,TRACKING,1,125,0,0,23,87,15,0,0,131,131,0,0.5688,0.880,-0.411
2059,reaquisicao,TRACKING,1,128,0,0,27,85,15,0,0,131,131,0,0.5813,0.883,-0.426
2060,reaquisicao,TRACKING,1,125,0,0,26,84,14,0,0,131,131,0,0.5938,0.887,-0.440
2061,reaquisicao,TRACKING,1,124,0,0,23,86,15,0,0,131,131,0,0.6125,0.900,-0.469
2062,reaquisicao,TRACKING,1,133,0,0,24,91,17,0,0,131,131,0,0.6250,0.900,-0.480
2063,reaquisicao,TRACKING,1,134,0,0,25,93,16,0,0,131,131,0,0.6375,0.902,-0.493
2064,reaquisicao,TRACKING,1,138,0,0,25,94,19,0,0,129,131,0,0.6500,0.905,-0.506
2065,reaquisicao,TRACKING,1,140,0,0,25,96,19,0,0,127,131,0,0.6625,0.908,-0.520
2066,reaquisicao,TRACKING,1,131,0,0,24,89,18,0,0,125,131,0,0.6750,0.911,-0.534
2067,reaquisicao,TRACKING,1,128,0,0,23,87,18,0,0,123,131,0,0.6875,0.914,-0.548
2068,reaquisicao,TRACKING,1,125,0,0,23,84,18,0,0,121,131,0,0.7000,0.918,-0.563
2069,reaquisicao,TRACKING,1,120,0,0,22,82,16,0,0,119,131,0,0.7125,0.921,-0.577
2070,reaquisicao,TRACKING,1,118,0,0,21,80,16,0,0,117,131,0,0.7250,0.925,-0.591
2071,reaquisicao,TRACKING,1,114,0,0,20,78,16,0,0,115,131,0,0.7375,0.928,-0.606
2072,reaquisicao,TRACKING,1,120,0,0,21,82,16,1,0,113,131,0,0.7500,0.932,-0.620
2073,reaquisicao,TRACKING,1,115,0,0,21,78,15,1,0,111,131,0,0.7625,0.936,-0.634
2074,reaquisicao,TRACKING,1,111,0,0,20,76,15,0,0,109,131,0,0.7750,0.939,-0.649
2075,reaquisicao,TRACKING,1,109,0,0,20,74,15,0,0,107,131,0,0.7875,0.943,-0.663
2076,reaquisicao,TRACKING,1,105,0,0,19,71,15,0,0,105,131,0,0.8000,0.946,-0.678
2077,reaquisicao,TRACKING,1,108,0,0,19,74,14,0,1,103,131,0,0.8125,0.950,-0.692
2078,reaquisicao,TRACKING,1,105,0,0,18,71,15,0,0,101,131,0,0.8250,0.954,-0.706
2079,reaquisicao,TRACKING,1,101,0,0,18,69,14,0,0,99,131,0,0.8375,0.957,-0.721
2080,reaquisicao,TRACKING,1,107,0,0,26,67,14,0,0,97,131,0,0.8500,0.961,-0.735
2081,reaquisicao,TRACKING,1,106,0,0,18,73,15,0,0,95,131,0,0.8625,0.964,-0.750
2082,reaquisicao,TRACKING,1,108,0,0,18,75,15,0,0,93,131,0,0.8750,0.968,-0.764
2083,reaquisicao,TRACKING,1,110,0,0,18,75,16,0,0,91,131,0,0.8750,0.954,-0.750
2084,reaquisicao,TRACKING,1,112,0,0,21,75,15,0,0,94,131,0,0.8625,0.927,-0.712
2085,reaquisicao,TRACKING,1,107,0,0,19,72,15,0,0,97,131,0,0.8500,0.910,-0.684
2086,reaquisicao,TRACKING,1,109,0,0,19,73,15,0,0,100,131,0,0.8250,0.880,-0.632
2087,reaquisicao,TRACKING,1,113,0,0,20,77,16,0,0,103,131,0,0.8000,0.859,-0.590
2088,reaquisicao,TRACKING,1,107,0,0,19,73,15,0,0,106,131,0,0.7688,0.834,-0.539
2089,reaquisicao,TRACKING,1,111,0,0,20,75,15,0,0,109,131,0,0.7437,0.825,-0.508
2090,reaquisicao,TRACKING,1,112,0,0,22,75,15,0,0,112,131,0,0.7125,0.808,-0.463
2091,reaquisicao,TRACKING,1,110,0,0,20,75,15,0,0,115,131,0,0.6812,0.794,-0.422
2092,reaquisicao,TRACKING,1,113,0,0,20,78,15,0,0,118,131,0,0.6500,0.782,-0.383
2093,reaquisicao,TRACKING,1,113,0,0,20,77,16,0,0,121,131,0,0.6187,0.771,-0.346
2094,reaquisicao,TRACKING,1,119,0,0,22,80,17,0,0,124,131,0,0.5938,0.770,-0.323
2095,reaquisicao,TRACKING,1,122,0,0,22,83,16,1,0,127,131,0,0.5625,0.757,-0.283
2096,reaquisicao,TRACKING,1,121,0,0,22,83,16,0,0,130,131,0,0.5375,0.755,-0.260
2097,reaquisicao,TRACKING,1,125,0,0,22,86,16,1,0,131,131,0,0.5125,0.751,-0.234
2098,reaquisicao,TRACKING,1,122,0,0,22,83,16,1,0,131,131,0,0.4875,0.746,-0.207
2099,reaquisicao,TRACKING,1,128,0,0,23,87,17,1,0,131,131,0,0.4625,0.740,0.221
2100,reaquisicao,TRACKING,1,127,0,0,23,87,17,0,0,131,131,0,0.4437,0.742,0.235
2101,reaquisicao,TRACKING,1,133,0,0,24,91,17,0,0,131,131,0,0.4187,0.732,0.266
2102,reaquisicao,TRACKING,1,133,0,0,24,91,17,1,0,131,131,0,0.4000,0.733,0.282
2103,reaquisicao,TRACKING,1,140,0,0,25,96,18,0,0,131,131,0,0.3812,0.731,0.300
2104,reaquisicao,TRACKING,1,150,0,0,27,104,19,0,0,131,131,0,0.3625,0.727,0.319
2105,reaquisicao,TRACKING,1,152,0,0,28,105,19,0,0,131,131,0,0.3438,0.723,0.340
2106,reaquisicao,TRACKING,1,151,0,0,31,102,18,0,0,131,131,0,0.3250,0.718,0.361
2107,reaquisicao,TRACKING,1,140,0,0,26,96,18,0,0,131,131,0,0.3063,0.714,0.382
2108,reaquisicao,TRACKING,1,155,0,0,27,108,19,0,0,131,131,0,0.2875,0.708,0.403
2109,reaquisicao,TRACKING,1,155,0,0,29,107,19,0,0,131,131,0,0.2688,0.703,0.425
2110,reaquisicao,TRACKING,1,173,0,0,30,122,20,1,0,131,131,0,0.2500,0.698,0.446
2111,reaquisicao,TRACKING,1,177,0,0,33,122,22,0,0,131,131,0,0.2313,0.693,0.468
2112,reaquisicao,TRACKING,1,189,0,0,35,130,23,0,0,131,131,0,0.2125,0.687,0.489
2113,reaquisicao,TRACKING,1,177,0,0,33,121,23,0,0,131,131,0,0.1937,0.682,0.511
2114,reaquisicao,TRACKING,1,189,0,0,35,130,24,0,0,131,131,0,0.1750,0.676,0.532
2115,reaquisicao,TRACKING,1,220,0,0,40,151,27,0,0,131,131,0,0.1562,0.671,0.554
2116,reaquisicao,TRACKING,1,204,0,0,38,141,25,0,0,131,131,0,0.1375,0.666,0.576
2117,reaquisicao,TRACKING,1,175,0,0,32,122,20,1,0,131,131,0,0.1187,0.660,0.597
2118,reaquisicao,TRACKING,1,173,0,0,30,121,20,1,0,131,131,0,0.1000,0.655,0.619
2119,reaquisicao,TRACKING,1,160,0,0,28,111,20,0,0,131,131,0,0.0812,0.649,0.640
2120,reaquisicao,TRACKING,1,146,0,0,27,101,18,0,0,131,131,0,0.0625,0.644,0.662
2121,reaquisicao,TRACKING,1,146,0,0,27,101,17,1,0,131,131,0,0.0437,0.639,0.684
2122,reaquisicao,TRACKING,1,138,0,0,26,96,16,0,0,131,131,0,0.0312,0.642,0.691
2123,reaquisicao,TRACKING,1,138,0,0,25,96,17,0,0,131,131,0,0.0125,0.634,0.715
2124,reaquisicao,TRACKING,1,138,0,0,26,96,16,0,0,131,131,0,-0.0063,0.621,0.733
2125,reaquisicao,TRACKING,1,131,0,0,24,91,15,0,0,131,131,0,-0.0250,0.599,0.740
2126,reaquisicao,TRACKING,1,131,0,0,25,90,15,0,0,131,131,0,-0.0437,0.577,0.746
2127,reaquisicao,TRACKING,1,134,0,0,28,90,15,0,0,131,131,0,-0.0625,0.555,0.751
2128,reaquisicao,TRACKING,1,129,0,0,23,91,14,0,0,131,131,0,-0.0812,0.533,0.757
2129,reaquisicao,TRACKING,1,128,0,0,24,90,14,0,0,131,131,0,-0.1000,0.511,0.763
2130,reaquisicao,TRACKING,1,125,0,0,24,86,14,1,0,131,131,0,-0.1187,0.489,0.768
2131,reaquisicao,TRACKING,1,124,0,0,23,87,14,0,0,131,131,0,-0.1375,0.468,0.774
2132,reaquisicao,TRACKING,1,125,0,0,24,86,15,0,0,131,131,0,-0.1562,0.446,0.779
2133,reaquisicao,TRACKING,1,124,0,0,23,87,14,0,0,131,131,0,-0.1750,0.424,0.784
2134,reaquisicao,TRACKING,1,125,0,0,23,86,15,0,0,131,131,0,-0.1937,0.403,0.790
2135,reaquisicao,TRACKING,1,120,0,0,23,82,14,0,1,131,131,0,-0.2125,0.381,0.795
2136,reaquisicao,TRACKING,1,119,0,0,23,82,14,0,0,131,131,0,-0.2313,0.360,0.801
2137,reaquisicao,TRACKING,1,122,0,0,22,85,14,0,0,131,131,0,-0.2500,0.338,0.806
2138,reaquisicao,TRACKING,1,118,0,0,22,83,13,0,0,131,131,0,-0.2688,0.316,0.811
2139,reaquisicao,TRACKING,1,119,0,0,22,83,13,0,0,131,131,0,-0.2875,0.295,0.817
2140,reaquisicao,TRACKING,1,119,0,0,22,83,14,0,0,131,131,0,-0.3063,0.273,0.822
2141,reaquisicao,TRACKING,1,119,0,0,22,83,14,0,0,131,131,0,-0.3250,0.252,0.828
2142,reaquisicao,TRACKING,1,119,0,0,22,83,14,0,0,131,131,0,-0.3438,0.230,0.833
2143,reaquisicao,TRACKING,1,125,0,0,23,87,14,0,1,131,131,0,-0.3688,-0.206,0.847
2144,reaquisicao,TRACKING,1,135,0,0,28,91,16,0,0,131,131,0,-0.3875,-0.225,0.850
2145,reaquisicao,TRACKING,1,133,0,0,24,94,15,0,0,131,131,0,-0.4062,-0.245,0.854
2146,reaquisicao,TRACKING,1,125,0,0,24,86,15,0,0,131,131,0,-0.4250,-0.265,0.858
2147,reaquisicao,TRACKING,1,124,0,0,23,87,14,0,0,131,131,0,-0.4437,-0.286,0.863
2148,reaquisicao,TRACKING,1,125,0,0,23,87,14,1,0,131,131,0,-0.4625,-0.307,0.868
2149,reaquisicao,TRACKING,1,125,0,0,23,87,15,0,0,131,131,0,-0.4812,-0.329,0.873
2150,reaquisicao,TRACKING,1,125,0,0,23,86,15,0,0,131,131,0,-0.5000,-0.350,0.878
2151,reaquisicao,TRACKING,1,125,0,0,24,86,15,0,0,131,131,0,-0.5188,-0.372,0.884
2152,reaquisicao,TRACKING,1,119,0,0,22,82,14,0,0,131,131,0,-0.5375,-0.393,0.889
2153,reaquisicao,TRACKING,1,119,0,0,22,83,14,0,0,131,131,0,-0.5562,-0.415,0.894
2154,reaquisicao,TRACKING,1,119,0,0,22,83,14,0,0,131,131,0,-0.5750,-0.436,0.900
2155,reaquisicao,TRACKING,1,119,0,0,23,82,14,0,0,131,131,0,-0.5938,-0.458,0.905
2156,reaquisicao,TRACKING,1,119,0,0,22,83,14,0,0,131,131,0,-0.6125,-0.480,0.910
2157,reaquisicao,TRACKING,1,119,0,0,22,83,14,0,0,131,131,0,-0.6313,-0.501,0.916
2158,reaquisicao,TRACKING,1,118,0,0,22,82,14,0,0,131,131,0,-0.6500,-0.523,0.921
2159,reaquisicao,TRACKING,1,119,0,0,23,82,14,0,0,131,131,0,-0.6687,-0.544,0.927
2160,reaquisicao,TRACKING,1,122,0,0,22,83,16,0,1,129,131,0,-0.6875,-0.566,0.932
2161,reaquisicao,TRACKING,1,119,0,0,21,82,16,0,0,126,131,0,-0.7063,-0.588,0.937
2162,reaquisicao,TRACKING,1,116,0,0,21,80,15,0,0,123,131,0,-0.7250,-0.609,0.943
2163,reaquisicao,TRACKING,1,112,0,0,21,75,16,0,0,120,131,0,-0.7375,-0.616,0.939
2164,reaquisicao,TRACKING,1,112,0,0,20,76,15,1,0,117,131,0,-0.7563,-0.641,0.947
2165,reaquisicao,TRACKING,1,108,0,0,20,73,15,0,0,114,131,0,-0.7750,-0.664,0.955
2166,reaquisicao,TRACKING,1,108,0,0,19,74,15,0,0,111,131,0,-0.7937,-0.687,0.961
2167,reaquisicao,TRACKING,1,105,0,0,19,71,15,0,0,108,131,0,-0.8125,-0.709,0.967
2168,reaquisicao,TRACKING,1,102,0,0,18,68,14,0,1,105,131,0,-0.8313,-0.731,0.973
2169,reaquisicao,TRACKING,1,102,0,0,17,69,15,0,0,102,131,0,-0.8500,-0.753,0.978
2170,reaquisicao,TRACKING,1,98,0,0,17,66,14,0,1,99,131,0,-0.8687,-0.775,0.984
2171,reaquisicao,TRACKING,1,93,0,0,17,62,14,0,0,96,131,0,-0.8875,-0.796,0.989
2172,reaquisicao,TRACKING,1,94,0,0,16,65,13,0,0,93,131,0,-0.9062,-0.818,0.995
2173,reaquisicao,TRACKING,1,91,0,0,16,62,13,0,0,92,131,0,-0.9125,-0.811,0.982
2174,reaquisicao,TRACKING,1,96,0,0,16,66,14,0,0,94,131,0,-0.9062,-0.781,0.958
2175,reaquisicao,TRACKING,1,93,0,0,17,62,14,0,0,96,131,0,-0.8938,-0.745,0.933
2176,reaquisicao,TRACKING,1,96,0,0,17,64,14,0,0,98,131,0,-0.8750,-0.704,0.908
2177,reaquisicao,TRACKING,1,98,0,0,17,67,14,0,0,100,131,0,-0.8500,-0.656,0.881
2178,reaquisicao,TRACKING,1,107,0,0,22,70,14,1,0,102,131,0,-0.8313,-0.630,0.872
2179,reaquisicao,TRACKING,1,99,0,0,18,66,14,0,0,104,131,0,-0.8062,-0.591,0.855
2180,reaquisicao,TRACKING,1,103,0,0,19,69,15,0,0,106,131,0,-0.7812,-0.557,0.842
2181,reaquisicao,TRACKING,1,105,0,0,19,71,15,0,0,108,131,0,-0.7563,-0.524,0.831
2182,reaquisicao,TRACKING,1,107,0,0,19,73,15,0,0,110,131,0,-0.7312,-0.494,0.822
2183,reaquisicao,TRACKING,1,106,0,0,19,71,15,1,0,112,131,0,-0.7063,-0.463,0.813
2184,reaquisicao,TRACKING,1,110,0,0,22,73,15,0,0,114,131,0,-0.6875,-0.448,0.814
2185,reaquisicao,TRACKING,1,111,0,0,20,75,14,1,0,116,131,0,-0.6687,-0.431,0.813
2186,reaquisicao,TRACKING,1,113,0,0,20,78,15,0,0,118,131,0,-0.6438,-0.397,0.801
2187,reaquisicao,TRACKING,1,111,0,0,20,76,15,0,0,120,131,0,-0.6250,-0.380,0.800
2188,reaquisicao,TRACKING,1,115,0,0,21,78,16,0,0,122,131,0,-0.6125,-0.375,0.806
2189,reaquisicao,TRACKING,1,118,0,0,21,80,16,0,0,124,131,0,-0.5938,-0.352,0.799
2190,reaquisicao,TRACKING,1,120,0,0,21,82,17,0,0,126,131,0,-0.5813,-0.344,0.802
2191,reaquisicao,TRACKING,1,120,0,0,24,80,16,0,0,128,131,0,-0.5625,-0.319,0.793
2192,reaquisicao,TRACKING,1,120,0,0,22,82,16,0,0,130,131,0,-0.5500,-0.310,0.795
2193,reaquisicao,TRACKING,1,122,0,0,22,83,16,1,0,131,131,0,-0.5375,-0.299,0.794
2194,reaquisicao,TRACKING,1,122,0,0,23,82,17,0,0,131,131,0,-0.5250,-0.286,0.792
2195,reaquisicao,TRACKING,1,121,0,0,22,83,16,0,0,131,131,0,-0.5125,-0.273,0.790
2196,reaquisicao,TRACKING,1,122,0,0,22,82,15,0,0,131,131,0,-0.5000,-0.259,0.787
2197,reaquisicao,TRACKING,1,120,0,0,22,83,15,0,0,131,131,0,-0.4875,-0.245,0.784
2198,reaquisicao,TRACKING,1,123,0,0,23,84,16,0,0,131,131,0,-0.4750,-0.231,0.780
2199,reaquisicao,TRACKING,1,121,0,0,23,82,16,0,0,131,131,0,-0.4625,-0.217,0.777
2200,reaquisicao,TRACKING,1,122,0,0,22,83,16,0,0,131,131,0,-0.4500,-0.202,0.773
2201,reaquisicao,TRACKING,1,121,0,0,22,83,16,0,0,131,131,0,-0.4375,0.212,0.770
2202,reaquisicao,TRACKING,1,121,0,0,23,82,16,0,0,131,131,0,-0.4250,0.226,0.766
2203,reaquisicao,TRACKING,1,119,0,0,22,83,14,0,0,131,131,0,-0.4125,0.241,0.763
2204,reaquisicao,TRACKING,1,121,0,0,23,82,16,0,0,131,131,0,-0.4000,0.255,0.759
2205,reaquisicao,TRACKING,1,133,0,0,22,94,16,0,0,131,131,0,-0.3875,0.270,0.756
2206,reaquisicao,TRACKING,1,120,0,0,22,83,15,0,0,131,131,0,-0.3750,0.284,0.752
2207,reaquisicao,TRACKING,1,120,0,0,22,83,15,0,0,131,131,0,-0.3625,0.298,0.748
2208,reaquisicao,TRACKING,1,120,0,0,22,83,15,0,0,131,131,0,-0.3500,0.313,0.745
2209,reaquisicao,TRACKING,1,121,0,0,22,83,15,0,1,131,131,0,-0.3375,0.327,0.741
2210,reaquisicao,TRACKING,1,126,0,0,23,87,16,0,0,131,131,0,-0.3250,0.342,0.738
2211,reaquisicao,TRACKING,1,126,0,0,23,87,16,0,0,131,131,0,-0.3187,0.342,0.743
2212,reaquisicao,TRACKING,1,129,0,0,26,86,17,0,0,131,131,0,-0.3063,0.359,0.737
2213,reaquisicao,TRACKING,1,120,0,0,22,82,15,0,0,131,131,0,-0.2937,0.375,0.731
2214,reaquisicao,TRACKING,1,120,0,0,22,83,14,0,1,131,131,0,-0.2812,0.390,0.727
2215,reaquisicao,TRACKING,1,120,0,0,22,83,15,0,0,131,131,0,-0.2688,0.405,0.722
2216,reaquisicao,TRACKING,1,120,0,0,22,83,15,0,0,131,131,0,-0.2562,0.420,0.718
2217,reaquisicao,TRACKING,1,119,0,0,22,83,14,0,0,131,131,0,-0.2438,0.435,0.715
2218,reaquisicao,TRACKING,1,120,0,0,22,83,15,0,0,131,131,0,-0.2313,0.449,0.711
2219,reaquisicao,TRACKING,1,123,0,0,23,84,16,0,0,131,131,0,-0.2188,0.464,0.707
2220,reaquisicao,TRACKING,1,120,0,0,23,82,14,0,0,131,131,0,-0.2062,0.478,0.703
2221,reaquisicao,TRACKING,1,120,0,0,22,83,15,0,0,131,131,0,-0.1937,0.493,0.700
2222,reaquisicao,TRACKING,1,120,0,0,22,83,15,0,0,131,131,0,-0.1813,0.507,0.696
2223,reaquisicao,TRACKING,1,122,0,0,23,83,15,1,0,131,131,0,-0.1688,0.522,0.693
2224,reaquisicao,TRACKING,1,126,0,0,23,84,18,0,1,131,131,0,-0.1562,0.536,0.689
2225,reaquisicao,TRACKING,1,124,0,0,23,85,16,0,0,131,131,0,-0.1437,0.550,0.685
2226,reaquisicao,TRACKING,1,133,0,0,24,92,16,0,1,131,131,0,-0.1312,0.565,0.682
2227,reaquisicao,TRACKING,1,133,0,0,24,92,17,0,0,131,131,0,-0.1187,0.579,0.678
2228,reaquisicao,TRACKING,1,140,0,0,26,96,17,1,0,131,131,0,-0.1063,0.594,0.675
2229,reaquisicao,TRACKING,1,144,0,0,25,100,19,0,0,131,131,0,-0.0938,0.608,0.671
2230,reaquisicao,TRACKING,1,143,0,0,27,98,17,1,0,131,131,0,-0.0812,0.622,0.667
2231,reaquisicao,TRACKING,1,139,0,0,26,95,18,0,0,131,131,0,-0.0688,0.637,0.664
2232,reaquisicao,TRACKING,1,140,0,0,26,96,17,0,0,131,131,0,-0.0500,0.666,0.651
2233,reaquisicao,TRACKING,1,139,0,0,26,96,17,0,0,131,131,0,-0.0375,0.677,0.650
2234,reaquisicao,TRACKING,1,149,0,0,27,101,21,0,0,131,131,0,-0.0250,0.690,0.649
2235,reaquisicao,TRACKING,1,157,0,0,29,108,20,0,0,131,131,0,-0.0125,0.703,0.646
2236,reaquisicao,TRACKING,1,166,0,0,31,114,21,0,0,131,131,0,0.0000,0.717,0.643
2237,reaquisicao,TRACKING,1,158,0,0,28,111,18,0,0,131,131,0,0.0125,0.720,0.629
2238,reaquisicao,TRACKING,1,155,0,0,29,107,19,0,0,131,131,0,0.0250,0.724,0.615
2239,reaquisicao,TRACKING,1,147,0,0,27,102,18,0,0,131,131,0,0.0375,0.727,0.601
2240,reaquisicao,TRACKING,1,139,0,0,26,95,17,0,0,131,131,0,0.0500,0.731,0.586
2241,reaquisicao,TRACKING,1,139,0,0,25,96,18,0,0,131,131,0,0.0625,0.734,0.572
2242,reaquisicao,TRACKING,1,147,0,0,33,96,17,0,1,131,131,0,0.0750,0.738,0.558
2243,reaquisicao,TRACKING,1,145,0,0,26,101,17,0,1,131,131,0,0.0875,0.741,0.543
2244,reaquisicao,TRACKING,1,147,0,0,27,101,18,0,0,131,131,0,0.1000,0.745,0.529
2245,reaquisicao,TRACKING,1,148,0,0,27,102,19,0,0,131,131,0,0.1125,0.748,0.514
2246,reaquisicao,TRACKING,1,140,0,0,26,96,17,0,0,131,131,0,0.1250,0.752,0.500
2247,reaquisicao,TRACKING,1,139,0,0,25,96,18,0,0,131,131,0,0.1375,0.756,0.486
2248,reaquisicao,TRACKING,1,132,0,0,24,91,17,0,0,131,131,0,0.1500,0.759,0.471
2249,reaquisicao,TRACKING,1,132,0,0,24,91,16,0,0,131,131,0,0.1625,0.763,0.457
2250,reaquisicao,TRACKING,1,127,0,0,23,89,15,0,0,131,131,0,0.1750,0.766,0.442
2251,reaquisicao,TRACKING,1,126,0,0,24,86,16,0,0,131,131,0,0.1875,0.770,0.428
2252,reaquisicao,TRACKING,1,126,0,0,23,86,16,0,0,131,131,0,0.2000,0.774,0.414
2253,reaquisicao,TRACKING,1,126,0,0,23,87,15,0,0,131,131,0,0.2062,0.768,0.414
2254,reaquisicao,TRACKING,1,123,0,0,24,83,16,0,0,131,131,0,0.2188,0.775,0.396
2255,reaquisicao,TRACKING,1,120,0,0,23,82,15,0,0,131,131,0,0.2313,0.780,0.380
2256,reaquisicao,TRACKING,1,120,0,0,22,83,15,0,0,131,131,0,0.2438,0.785,0.365
2257,reaquisicao,TRACKING,1,120,0,0,22,83,15,0,0,131,131,0,0.2562,0.789,0.350
2258,reaquisicao,TRACKING,1,128,0,0,24,88,16,0,0,131,131,0,0.2688,0.793,0.335
2259,reaquisicao,TRACKING,1,120,0,0,23,82,15,0,0,131,131,0,0.2812,0.797,0.320
2260,reaquisicao,TRACKING,1,120,0,0,22,83,15,0,0,131,131,0,0.2937,0.800,0.306
2261,reaquisicao,TRACKING,1,121,0,0,22,83,15,0,0,131,131,0,0.3063,0.804,0.291
2262,reaquisicao,TRACKING,1,121,0,0,22,82,15,0,1,131,131,0,0.3187,0.808,0.277
2263,reaquisicao,TRACKING,1,120,0,0,22,83,15,0,0,131,131,0,0.3313,0.811,0.262
2264,reaquisicao,TRACKING,1,120,0,0,22,83,15,0,0,131,131,0,0.3438,0.815,0.248
2265,reaquisicao,TRACKING,1,121,0,0,22,85,14,0,0,131,131,0,0.3562,0.819,0.234
2266,reaquisicao,TRACKING,1,120,0,0,22,83,14,1,0,131,131,0,0.3688,0.822,0.219
2267,reaquisicao,TRACKING,1,120,0,0,23,82,15,0,0,131,131,0,0.3812,0.826,0.205
2268,reaquisicao,TRACKING,1,120,0,0,22,83,14,1,0,131,131,0,0.3938,0.829,-0.210
2269,reaquisicao,TRACKING,1,121,0,0,23,82,15,1,0,131,131,0,0.4062,0.833,-0.224
2270,reaquisicao,TRACKING,1,124,0,0,26,83,15,0,0,131,131,0,0.4187,0.837,-0.238
2271,reaquisicao,TRACKING,1,126,0,0,23,87,15,0,1,131,131,0,0.4313,0.840,-0.253
2272,reaquisicao,TRACKING,1,138,0,0,24,97,16,0,1,131,131,0,0.4437,0.844,-0.267
2273,reaquisicao,TRACKING,1,143,0,0,26,99,17,0,0,131,131,0,0.4563,0.847,-0.282
2274,reaquisicao,TRACKING,1,135,0,0,25,93,17,0,0,131,131,0,0.4688,0.851,-0.296
2275,reaquisicao,TRACKING,1,126,0,0,23,87,15,0,0,131,131,0,0.4812,0.855,-0.310
2276,reaquisicao,TRACKING,1,126,0,0,23,87,16,0,0,131,131,0,0.4938,0.858,-0.325
2277,reaquisicao,TRACKING,1,125,0,0,23,86,16,0,0,131,131,0,0.5063,0.862,-0.339
2278,reaquisicao,TRACKING,1,126,0,0,23,87,16,0,0,131,131,0,0.5188,0.865,-0.354
2279,reaquisicao,TRACKING,1,126,0,0,24,86,16,0,0,131,131,0,0.5312,0.869,-0.368
2280,reaquisicao,TRACKING,1,125,0,0,23,87,15,0,0,131,131,0,0.5437,0.873,-0.382
2281,reaquisicao,TRACKING,1,121,0,0,22,82,15,0,0,131,131,0,0.5562,0.876,-0.397
2282,reaquisicao,TRACKING,1,120,0,0,22,82,14,0,0,131,131,0,0.5750,0.889,-0.426
2283,reaquisicao,TRACKING,1,120,0,0,22,83,15,0,0,131,131,0,0.5875,0.890,-0.437
2284,reaquisicao,TRACKING,1,121,0,0,23,82,15,1,0,131,131,0,0.6000,0.891,-0.450
2285,reaquisicao,TRACKING,1,120,0,0,22,83,15,0,0,131,131,0,0.6125,0.894,-0.463
2286,reaquisicao,TRACKING,1,120,0,0,22,83,15,0,0,131,131,0,0.6250,0.897,-0.477
2287,reaquisicao,TRACKING,1,120,0,0,22,83,15,0,0,131,131,0,0.6375,0.900,-0.491
2288,reaquisicao,TRACKING,1,119,0,0,22,81,16,0,0,129,131,0,0.6500,0.904,-0.505
2289,reaquisicao,TRACKING,1,128,0,0,28,83,17,0,0,127,131,0,0.6625,0.907,-0.519
2290,reaquisicao,TRACKING,1,119,0,0,22,81,15,1,0,125,131,0,0.6750,0.911,-0.534
2291,reaquisicao,TRACKING,1,116,0,0,21,79,16,0,0,123,131,0,0.6875,0.914,-0.548
2292,reaquisicao,TRACKING,1,114,0,0,21,77,16,0,0,121,131,0,0.7000,0.918,-0.562
2293,reaquisicao,TRACKING,1,115,0,0,21,78,15,0,0,119,131,0,0.7125,0.921,-0.577
2294,reaquisicao,TRACKING,1,112,0,0,20,76,15,0,0,117,131,0,0.7250,0.925,-0.591
2295,reaquisicao,TRACKING,1,109,0,0,20,74,15,0,0,115,131,0,0.7375,0.928,-0.606
2296,reaquisicao,TRACKING,1,108,0,0,19,72,17,0,0,113,131,0,0.7500,0.932,-0.620
2297,reaquisicao,TRACKING,1,108,0,0,19,74,15,0,0,111,131,0,0.7625,0.936,-0.634
2298,reaquisicao,TRACKING,1,106,0,0,19,72,15,0,0,109,131,0,0.7750,0.939,-0.649
2299,reaquisicao,TRACKING,1,104,0,0,19,70,15,0,0,107,131,0,0.7875,0.943,-0.663
2300,reaquisicao,TRACKING,1,101,0,0,18,68,14,0,0,105,131,0,0.8000,0.946,-0.678
2301,reaquisicao,TRACKING,1,102,0,0,17,70,14,0,0,103,131,0,0.8125,0.950,-0.692
2302,reaquisicao,TRACKING,1,102,0,0,20,68,14,0,0,101,131,0,0.8250,0.954,-0.706
2303,reaquisicao,TRACKING,1,97,0,0,18,65,14,0,0,99,131,0,0.8375,0.957,-0.721
2304,reaquisicao,TRACKING,1,94,0,0,17,63,13,0,0,97,131,0,0.8500,0.961,-0.735
2305,reaquisicao,TRACKING,1,96,0,0,17,66,13,0,0,95,131,0,0.8625,0.964,-0.750
2306,reaquisicao,TRACKING,1,94,0,0,17,64,13,0,0,93,131,0,0.8750,0.968,-0.764
2307,reaquisicao,TRACKING,1,92,0,0,16,61,13,0,1,91,131,0,0.8750,0.954,-0.750
2308,reaquisicao,TRACKING,1,97,0,0,17,67,13,0,0,94,131,0,0.8625,0.927,-0.712
2309,reaquisicao,TRACKING,1,94,0,0,17,63,14,0,0,97,131,0,0.8500,0.910,-0.684
2310,reaquisicao,TRACKING,1,99,0,0,18,67,14,0,0,100,131,0,0.8250,0.880,-0.632
2311,reaquisicao,TRACKING,1,103,0,0,18,70,14,0,1,103,131,0,0.8000,0.859,-0.590
2312,reaquisicao,TRACKING,1,103,0,0,19,70,14,0,0,106,131,0,0.7688,0.834,-0.539
2313,reaquisicao,TRACKING,1,107,0,0,19,72,14,0,0,109,131,0,0.7437,0.825,-0.508
2314,reaquisicao,TRACKING,1,108,0,0,19,73,15,0,1,112,131,0,0.7125,0.808,-0.463
2315,reaquisicao,TRACKING,1,110,0,0,20,74,15,0,1,115,131,0,0.6812,0.794,-0.422
2316,reaquisicao,TRACKING,1,114,0,0,21,77,16,0,0,118,131,0,0.6500,0.782,-0.383
2317,reaquisicao,TRACKING,1,114,0,0,21,77,16,0,0,121,131,0,0.6187,0.771,-0.346
2318,reaquisicao,TRACKING,1,118,0,0,21,81,16,0,0,124,131,0,0.5938,0.770,-0.323
2319,reaquisicao,TRACKING,1,127,0,0,22,87,17,1,0,127,131,0,0.5625,0.757,-0.283
2320,reaquisicao,TRACKING,1,127,0,0,23,86,17,0,0,130,131,0,0.5375,0.755,-0.260
2321,reaquisicao,TRACKING,1,137,0,0,25,93,18,0,0,131,131,0,0.5125,0.751,-0.234
2322,reaquisicao,TRACKING,1,137,0,0,24,94,18,0,1,131,131,0,0.4875,0.746,-0.207
2323,reaquisicao,TRACKING,1,128,0,0,24,86,17,0,0,131,131,0,0.4625,0.740,0.221
2324,reaquisicao,TRACKING,1,126,0,0,23,87,16,0,0,131,131,0,0.4437,0.742,0.235
2325,reaquisicao,TRACKING,1,126,0,0,23,87,16,0,0,131,131,0,0.4187,0.732,0.266
2326,reaquisicao,TRACKING,1,125,0,0,23,86,16,0,0,131,131,0,0.4000,0.733,0.282
2327,reaquisicao,TRACKING,1,120,0,0,22,83,15,0,0,131,131,0,0.3812,0.731,0.300
2328,reaquisicao,TRACKING,1,120,0,0,22,83,15,0,0,131,131,0,0.3625,0.727,0.319
2329,reaquisicao,TRACKING,1,119,0,0,22,82,15,0,0,131,131,0,0.3438,0.723,0.340
2330,reaquisicao,TRACKING,1,122,0,0,22,85,15,0,0,131,131,0,0.3250,0.718,0.361
2331,reaquisicao,TRACKING,1,122,0,0,23,84,15,0,0,131,131,0,0.3063,0.714,0.382
2332,reaquisicao,TRACKING,1,120,0,0,23,82,15,0,0,131,131,0,0.2875,0.708,0.403
2333,reaquisicao,TRACKING,1,121,0,0,23,83,15,0,0,131,131,0,0.2688,0.703,0.425
2334,reaquisicao,TRACKING,1,127,0,0,23,87,15,1,0,131,131,0,0.2500,0.698,0.446
2335,reaquisicao,TRACKING,1,131,0,0,24,91,16,0,0,131,131,0,0.2313,0.693,0.468
2336,reaquisicao,TRACKING,1,139,0,0,26,95,17,0,0,131,131,0,0.2125,0.687,0.489
2337,reaquisicao,TRACKING,1,138,0,0,25,96,17,0,0,131,131,0,0.1937,0.682,0.511
2338,reaquisicao,TRACKING,1,139,0,0,26,95,18,0,0,131,131,0,0.1750,0.676,0.532
2339,reaquisicao,TRACKING,1,141,0,0,26,98,17,0,0,131,131,0,0.1562,0.671,0.554
2340,reaquisicao,TRACKING,1,138,0,0,26,96,16,0,0,131,131,0,0.1375,0.666,0.576
2341,reaquisicao,TRACKING,1,147,0,0,27,102,18,0,0,131,131,0,0.1187,0.660,0.597
2342,reaquisicao,TRACKING,1,156,0,0,29,107,19,0,0,131,131,0,0.1000,0.655,0.619
2343,reaquisicao,TRACKING,1,165,0,0,31,113,21,0,0,131,131,0,0.0812,0.649,0.640
2344,reaquisicao,TRACKING,1,164,0,0,30,115,17,0,0,131,131,0,0.0625,0.644,0.662
2345,reaquisicao,TRACKING,1,155,0,0,28,107,19,0,1,131,131,0,0.0437,0.639,0.684
2346,reaquisicao,TRACKING,1,147,0,0,27,101,18,1,0,131,131,0,0.0312,0.642,0.691
2347,reaquisicao,TRACKING,1,147,0,0,27,101,18,0,0,131,131,0,0.0125,0.634,0.715
2348,reaquisicao,TRACKING,1,140,0,0,27,96,17,0,0,131,131,0,-0.0063,0.621,0.733
2349,reaquisicao,TRACKING,1,139,0,0,25,96,17,0,0,131,131,0,-0.0250,0.599,0.740
2350,reaquisicao,TRACKING,1,139,0,0,25,96,17,0,0,131,131,0,-0.0437,0.577,0.746
2351,reaquisicao,TRACKING,1,139,0,0,25,95,17,0,1,131,131,0,-0.0625,0.555,0.751
2352,reaquisicao,TRACKING,1,132,0,0,25,91,15,0,0,131,131,0,-0.0812,0.533,0.757
2353,reaquisicao,TRACKING,1,132,0,0,24,91,16,0,0,131,131,0,-0.1000,0.511,0.763
2354,reaquisicao,TRACKING,1,132,0,0,25,91,16,0,0,131,131,0,-0.1187,0.489,0.768
2355,reaquisicao,TRACKING,1,135,0,0,24,94,17,0,0,131,131,0,-0.1375,0.468,0.774
2356,reaquisicao,TRACKING,1,147,0,0,27,101,18,0,0,131,131,0,-0.1562,0.446,0.779
2357,reaquisicao,TRACKING,1,139,0,0,26,96,17,0,0,131,131,0,-0.1750,0.424,0.784
2358,reaquisicao,TRACKING,1,132,0,0,24,91,16,1,0,131,131,0,-0.1937,0.403,0.790
2359,reaquisicao,TRACKING,1,132,0,0,25,91,16,0,0,131,131,0,-0.2125,0.381,0.795
2360,reaquisicao,TRACKING,1,127,0,0,24,88,15,0,0,131,131,0,-0.2313,0.360,0.801
2361,reaquisicao,TRACKING,1,126,0,0,23,87,16,0,0,131,131,0,-0.2500,0.338,0.806
2362,reaquisicao,TRACKING,1,127,0,0,23,87,17,0,0,131,131,0,-0.2688,0.316,0.811
2363,reaquisicao,TRACKING,1,125,0,0,23,87,15,0,0,131,131,0,-0.2875,0.295,0.817
2364,reaquisicao,TRACKING,1,125,0,0,23,87,15,0,0,131,131,0,-0.3063,0.273,0.822
2365,reaquisicao,TRACKING,1,125,0,0,23,87,15,0,0,131,131,0,-0.3250,0.252,0.828
2366,reaquisicao,TRACKING,1,128,0,0,23,90,15,0,0,131,131,0,-0.3438,0.230,0.833
2367,reaquisicao,TRACKING,1,126,0,0,23,86,16,0,0,131,131,0,-0.3688,-0.206,0.847
2368,reaquisicao,TRACKING,1,126,0,0,23,87,15,0,1,131,131,0,-0.3875,-0.225,0.850
2369,reaquisicao,TRACKING,1,125,0,0,23,87,15,0,0,131,131,0,-0.4062,-0.245,0.854
2370,reaquisicao,TRACKING,1,126,0,0,23,86,15,0,0,131,131,0,-0.4250,-0.265,0.858
2371,reaquisicao,TRACKING,1,125,0,0,23,87,15,0,0,131,131,0,-0.4437,-0.286,0.863
2372,reaquisicao,TRACKING,1,126,0,0,23,87,15,0,0,131,131,0,-0.4625,-0.307,0.868
2373,reaquisicao,TRACKING,1,126,0,0,24,86,15,0,1,131,131,0,-0.4812,-0.329,0.873
2374,reaquisicao,TRACKING,1,120,0,0,22,83,15,0,0,131,131,0,-0.5000,-0.350,0.878
2375,reaquisicao,TRACKING,1,119,0,0,22,82,15,0,0,131,131,0,-0.5188,-0.372,0.884
2376,reaquisicao,TRACKING,1,120,0,0,22,83,15,0,0,131,131,0,-0.5375,-0.393,0.889
2377,reaquisicao,TRACKING,1,120,0,0,22,83,14,0,0,131,131,0,-0.5562,-0.415,0.894
2378,reaquisicao,TRACKING,1,127,0,0,24,87,16,0,0,131,131,0,-0.5750,-0.436,0.900
2379,reaquisicao,TRACKING,1,132,0,0,25,91,16,0,0,131,131,0,-0.5938,-0.458,0.905
2380,reaquisicao,TRACKING,1,139,0,0,25,96,17,0,0,131,131,0,-0.6125,-0.480,0.910
2381,reaquisicao,TRACKING,1,132,0,0,24,91,16,0,1,131,131,0,-0.6313,-0.501,0.916
2382,reaquisicao,TRACKING,1,132,0,0,25,91,16,0,0,131,131,0,-0.6500,-0.523,0.921
2383,reaquisicao,TRACKING,1,125,0,0,23,87,15,0,0,131,131,0,-0.6687,-0.544,0.927
2384,reaquisicao,TRACKING,1,125,0,0,23,85,17,0,0,129,131,0,-0.6875,-0.566,0.932
2385,reaquisicao,TRACKING,1,129,0,0,23,89,17,0,0,126,131,0,-0.7063,-0.588,0.937
2386,reaquisicao,TRACKING,1,121,0,0,22,82,17,0,0,123,131,0,-0.7250,-0.609,0.943
2387,reaquisicao,TRACKING,1,118,0,0,22,79,17,0,0,120,131,0,-0.7375,-0.616,0.939
2388,reaquisicao,TRACKING,1,117,0,0,21,79,16,0,1,117,131,0,-0.7563,-0.641,0.947
2389,reaquisicao,TRACKING,1,113,0,0,20,77,16,0,0,114,131,0,-0.7750,-0.664,0.955
2390,reaquisicao,TRACKING,1,114,0,0,20,78,16,0,0,111,131,0,-0.7937,-0.687,0.961
2391,reaquisicao,TRACKING,1,105,0,0,18,72,15,0,0,108,131,0,-0.8125,-0.709,0.967
2392,reaquisicao,TRACKING,1,101,0,0,18,68,14,0,0,105,131,0,-0.8313,-0.731,0.973
2393,reaquisicao,TRACKING,1,101,0,0,18,69,14,0,0,102,131,0,-0.8500,-0.753,0.978
2394,reaquisicao,TRACKING,1,97,0,0,17,66,14,0,0,99,131,0,-0.8687,-0.775,0.984
2395,reaquisicao,TRACKING,1,93,0,0,17,63,13,0,0,96,131,0,-0.8875,-0.796,0.989
2396,reaquisicao,TRACKING,1,94,0,0,16,64,13,1,0,93,131,0,-0.9062,-0.818,0.995
2397,reaquisicao,TRACKING,1,92,0,0,16,63,13,0,0,92,131,0,-0.9125,-0.811,0.982
2398,reaquisicao,TRACKING,1,98,0,0,16,67,14,0,0,94,131,0,-0.9062,-0.781,0.958
2399,reaquisicao,TRACKING,1,93,0,0,17,62,14,0,0,96,131,0,-0.8938,-0.745,0.933
2400,reaquisicao,TRACKING,1,96,0,0,17,64,14,0,0,98,131,0,-0.8750,-0.704,0.908
2401,reaquisicao,TRACKING,1,98,0,0,18,66,14,0,0,100,131,0,-0.8500,-0.656,0.881
2402,reaquisicao,TRACKING,1,100,0,0,17,68,14,0,0,102,131,0,-0.8313,-0.630,0.872
2403,reaquisicao,TRACKING,1,99,0,0,18,67,14,0,0,104,131,0,-0.8062,-0.591,0.855
2404,reaquisicao,TRACKING,1,105,0,0,18,72,14,1,0,106,131,0,-0.7812,-0.557,0.842
2405,reaquisicao,TRACKING,1,105,0,0,18,72,14,1,0,108,131,0,-0.7563,-0.524,0.831
2406,reaquisicao,TRACKING,1,108,0,0,19,74,15,0,0,110,131,0,-0.7312,-0.494,0.822
2407,reaquisicao,TRACKING,1,105,0,0,19,71,15,0,0,112,131,0,-0.7063,-0.463,0.813
2408,reaquisicao,TRACKING,1,108,0,0,19,74,15,0,0,114,131,0,-0.6875,-0.448,0.814
2409,reaquisicao,TRACKING,1,111,0,0,20,76,15,0,0,116,131,0,-0.6687,-0.431,0.813
2410,reaquisicao,TRACKING,1,115,0,0,20,79,16,0,0,118,131,0,-0.6438,-0.397,0.801
2411,reaquisicao,TRACKING,1,112,0,0,21,75,16,0,0,120,131,0,-0.6250,-0.380,0.800
2412,reaquisicao,TRACKING,1,115,0,0,21,78,16,0,0,122,131,0,-0.6125,-0.375,0.806
2413,reaquisicao,TRACKING,1,118,0,0,21,81,15,1,0,124,131,0,-0.5938,-0.352,0.799
2414,reaquisicao,TRACKING,1,120,0,0,21,83,16,0,0,126,131,0,-0.5813,-0.344,0.802
2415,reaquisicao,TRACKING,1,118,0,0,22,80,16,0,0,128,131,0,-0.5625,-0.319,0.793
2416,reaquisicao,TRACKING,1,121,0,0,22,82,16,0,0,130,131,0,-0.5500,-0.310,0.795
2417,reaquisicao,TRACKING,1,125,0,0,22,86,17,0,0,131,131,0,-0.5375,-0.299,0.794
2418,reaquisicao,TRACKING,1,121,0,0,22,83,16,0,0,131,131,0,-0.5250,-0.286,0.792
2419,reaquisicao,TRACKING,1,121,0,0,22,83,16,0,0,131,131,0,-0.5125,-0.273,0.790
2420,reaquisicao,TRACKING,1,121,0,0,23,82,16,0,0,131,131,0,-0.5000,-0.259,0.787
2421,reaquisicao,TRACKING,1,120,0,0,22,83,14,0,1,131,131,0,-0.4875,-0.245,0.784
2422,reaquisicao,TRACKING,1,119,0,0,22,83,14,0,0,131,131,0,-0.4750,-0.231,0.780
2423,reaquisicao,TRACKING,1,120,0,0,22,83,15,0,0,131,131,0,-0.4625,-0.217,0.777
2424,reaquisicao,TRACKING,1,123,0,0,22,85,15,0,1,131,131,0,-0.4500,-0.202,0.773
2425,reaquisicao,TRACKING,1,120,0,0,22,83,15,0,0,131,131,0,-0.4375,0.212,0.770
2426,reaquisicao,TRACKING,1,120,0,0,22,83,15,0,0,131,131,0,-0.4250,0.226,0.766
2427,reaquisicao,TRACKING,1,121,0,0,23,82,15,0,0,131,131,0,-0.4125,0.241,0.763
2428,reaquisicao,TRACKING,1,120,0,0,22,83,15,0,0,131,131,0,-0.4000,0.255,0.759
2429,reaquisicao,TRACKING,1,120,0,0,22,83,15,0,0,131,131,0,-0.3875,0.270,0.756
2430,reaquisicao,TRACKING,1,120,0,0,22,83,15,0,0,131,131,0,-0.3750,0.284,0.752
2431,reaquisicao,TRACKING,1,121,0,0,22,82,16,0,0,131,131,0,-0.3625,0.298,0.748
2432,reaquisicao,TRACKING,1,119,0,0,22,83,14,0,0,131,131,0,-0.3500,0.313,0.745
2433,reaquisicao,TRACKING,1,120,0,0,22,82,15,1,0,131,131,0,-0.3375,0.327,0.741
2434,reaquisicao,TRACKING,1,121,0,0,23,82,15,0,1,131,131,0,-0.3250,0.342,0.738
2435,reaquisicao,TRACKING,1,120,0,0,22,82,15,0,0,131,131,0,-0.3187,0.342,0.743
2436,reaquisicao,TRACKING,1,120,0,0,23,82,15,0,0,131,131,0,-0.3063,0.359,0.737
2437,reaquisicao,TRACKING,1,124,0,0,25,83,16,0,0,131,131,0,-0.2937,0.375,0.731
2438,reaquisicao,TRACKING,1,121,0,0,22,83,16,0,0,131,131,0,-0.2812,0.390,0.727
2439,reaquisicao,TRACKING,1,121,0,0,22,82,15,0,0,131,131,0,-0.2688,0.405,0.722
2440,reaquisicao,TRACKING,1,121,0,0,22,82,15,0,0,131,131,0,-0.2562,0.420,0.718
2441,reaquisicao,TRACKING,1,119,0,0,22,82,15,0,0,131,131,0,-0.2438,0.435,0.715
2442,reaquisicao,TRACKING,1,120,0,0,23,82,14,0,0,131,131,0,-0.2313,0.449,0.711
2443,reaquisicao,TRACKING,1,119,0,0,22,83,14,0,0,131,131,0,-0.2188,0.464,0.707
2444,reaquisicao,TRACKING,1,122,0,0,22,85,15,0,0,131,131,0,-0.2062,0.478,0.703
2445,reaquisicao,TRACKING,1,120,0,0,23,82,15,0,0,131,131,0,-0.1937,0.493,0.700
2446,reaquisicao,TRACKING,1,120,0,0,23,82,15,0,0,131,131,0,-0.1813,0.507,0.696
2447,reaquisicao,TRACKING,1,121,0,0,23,82,15,0,0,131,131,0,-0.1688,0.522,0.693
2448,reaquisicao,TRACKING,1,121,0,0,23,82,14,0,1,131,131,0,-0.1562,0.536,0.689
2449,reaquisicao,TRACKING,1,120,0,0,22,83,14,1,0,131,131,0,-0.1437,0.550,0.685
2450,reaquisicao,TRACKING,1,119,0,0,22,83,14,0,0,131,131,0,-0.1312,0.565,0.682
2451,reaquisicao,TRACKING,1,120,0,0,22,83,14,1,0,131,131,0,-0.1187,0.579,0.678
2452,reaquisicao,TRACKING,1,120,0,0,22,83,15,0,0,131,131,0,-0.1063,0.594,0.675
2453,reaquisicao,TRACKING,1,120,0,0,22,83,15,0,0,131,131,0,-0.0938,0.608,0.671
2454,reaquisicao,TRACKING,1,120,0,0,22,82,15,0,0,131,131,0,-0.0812,0.622,0.667
2455,reaquisicao,TRACKING,1,120,0,0,22,83,15,0,0,131,131,0,-0.0688,0.637,0.664
2456,reaquisicao,TRACKING,1,120,0,0,22,83,14,0,0,131,131,0,-0.0500,0.666,0.651
2457,reaquisicao,TRACKING,1,122,0,0,24,83,15,0,0,131,131,0,-0.0375,0.677,0.650
2458,reaquisicao,TRACKING,1,121,0,0,23,83,15,0,0,131,131,0,-0.0250,0.690,0.649
2459,reaquisicao,TRACKING,1,120,0,0,23,82,15,0,0,131,131,0,-0.0125,0.703,0.646
2460,reaquisicao,TRACKING,1,120,0,0,23,82,15,0,0,131,131,0,0.0000,0.717,0.643
2461,reaquisicao,TRACKING,1,126,0,0,23,87,16,0,0,131,131,0,0.0125,0.720,0.629
2462,reaquisicao,TRACKING,1,131,0,0,25,91,15,0,0,131,131,0,0.0250,0.724,0.615
2463,reaquisicao,TRACKING,1,139,0,0,26,96,17,0,0,131,131,0,0.0375,0.727,0.601
2464,reaquisicao,TRACKING,1,147,0,0,27,101,18,0,0,131,131,0,0.0500,0.731,0.586
2465,reaquisicao,TRACKING,1,140,0,0,26,96,17,0,1,131,131,0,0.0625,0.734,0.572
2466,reaquisicao,TRACKING,1,139,0,0,26,96,16,1,0,131,131,0,0.0750,0.738,0.558
2467,reaquisicao,TRACKING,1,146,0,0,27,101,17,1,0,131,131,0,0.0875,0.741,0.543
2468,reaquisicao,TRACKING,1,160,0,0,29,108,22,1,0,131,131,0,0.1000,0.745,0.529
2469,reaquisicao,TRACKING,1,177,0,0,30,116,30,0,0,131,131,0,0.1125,0.748,0.514
2470,reaquisicao,TRACKING,1,176,0,0,33,122,21,0,0,131,131,0,0.1250,0.752,0.500
2471,reaquisicao,TRACKING,1,164,0,0,31,114,19,0,0,131,131,0,0.1375,0.756,0.486
2472,reaquisicao,TRACKING,1,155,0,0,29,107,18,1,0,131,131,0,0.1500,0.759,0.471
2473,reaquisicao,TRACKING,1,147,0,0,27,101,19,0,0,131,131,0,0.1625,0.763,0.457
2474,reaquisicao,TRACKING,1,147,0,0,28,101,18,0,0,131,131,0,0.1750,0.766,0.442
2475,reaquisicao,TRACKING,1,139,0,0,26,96,16,0,0,131,131,0,0.1875,0.770,0.428
2476,reaquisicao,TRACKING,1,139,0,0,26,95,18,0,0,131,131,0,0.2000,0.774,0.414
2477,reaquisicao,TRACKING,1,138,0,0,25,96,17,0,0,131,131,0,0.2062,0.768,0.414
2478,reaquisicao,TRACKING,1,138,0,0,25,96,16,1,0,131,131,0,0.2188,0.775,0.396
2479,reaquisicao,TRACKING,1,139,0,0,25,96,16,0,1,131,131,0,0.2313,0.780,0.380
2480,reaquisicao,TRACKING,1,139,0,0,26,95,17,0,0,131,131,0,0.2438,0.785,0.365
2481,reaquisicao,TRACKING,1,132,0,0,25,91,16,0,0,131,131,0,0.2562,0.789,0.350
2482,reaquisicao,TRACKING,1,132,0,0,24,91,16,0,0,131,131,0,0.2688,0.793,0.335
2483,reaquisicao,TRACKING,1,135,0,0,25,93,17,0,0,131,131,0,0.2812,0.797,0.320
2484,reaquisicao,TRACKING,1,137,0,0,24,96,17,0,0,131,131,0,0.2937,0.800,0.306
2485,reaquisicao,TRACKING,1,138,0,0,26,96,16,0,0,131,131,0,0.3063,0.804,0.291
2486,reaquisicao,TRACKING,1,146,0,0,27,101,18,0,0,131,131,0,0.3187,0.808,0.277
2487,reaquisicao,TRACKING,1,160,0,0,29,112,19,0,0,131,131,0,0.3313,0.811,0.262
2488,reaquisicao,TRACKING,1,154,0,0,34,102,18,0,0,131,131,0,0.3438,0.815,0.248
2489,reaquisicao,TRACKING,1,138,0,0,26,96,16,0,0,131,131,0,0.3562,0.819,0.234
2490,reaquisicao,TRACKING,1,139,0,0,26,96,16,0,0,131,131,0,0.3688,0.822,0.219
2491,reaquisicao,TRACKING,1,135,0,0,27,91,17,0,0,131,131,0,0.3812,0.826,0.205
2492,reaquisicao,TRACKING,1,134,0,0,24,93,17,0,0,131,131,0,0.3938,0.829,-0.210
2493,reaquisicao,TRACKING,1,132,0,0,24,91,17,0,0,131,131,0,0.4062,0.833,-0.224
2494,reaquisicao,TRACKING,1,125,0,0,23,86,15,0,0,131,131,0,0.4187,0.837,-0.238
2495,reaquisicao,TRACKING,1,126,0,0,23,87,15,0,0,131,131,0,0.4313,0.840,-0.253
2496,reaquisicao,TRACKING,1,126,0,0,23,87,15,0,0,131,131,0,0.4437,0.844,-0.267
2497,reaquisicao,TRACKING,1,125,0,0,23,86,15,0,1,131,131,0,0.4563,0.847,-0.282
2498,reaquisicao,TRACKING,1,125,0,0,23,87,14,0,1,131,131,0,0.4688,0.851,-0.296
2499,reaquisicao,TRACKING,1,120,0,0,22,83,15,0,0,131,131,0,0.4812,0.855,-0.310
2500,borda,TRACKING,1,143,0,24,22,83,14,0,0,131,131,1,0.4938,-1.000,-0.467
2501,borda,TRACKING,1,143,0,23,22,83,14,0,0,131,131,1,0.5063,-1.000,-0.467
2502,borda,TRACKING,1,147,0,27,22,83,15,0,0,131,131,1,0.5188,-1.000,-0.467
2503,borda,TRACKING,1,153,0,24,23,90,15,1,0,131,131,1,0.5312,-1.000,-0.467
2504,borda,TRACKING,1,164,0,26,24,97,16,0,0,131,131,1,0.5437,-1.000,-0.467
2505,borda,TRACKING,1,152,0,24,23,89,16,0,0,131,131,1,0.5562,-1.000,-0.467
2506,borda,TRACKING,1,151,0,24,23,89,15,0,0,131,131,1,0.5750,-1.000,-0.467
2507,borda,TRACKING,1,144,0,22,22,85,15,0,0,131,131,1,0.5875,-1.000,-0.467
2508,borda,TRACKING,1,142,0,22,22,83,15,0,0,131,131,1,0.6000,-1.000,-0.467
2509,borda,TRACKING,1,141,0,22,22,83,14,0,0,131,131,1,0.6125,-1.000,-0.467
2510,borda,TRACKING,1,143,0,22,22,83,15,0,0,131,131,1,0.6250,-1.000,-0.467
2511,borda,TRACKING,1,143,0,22,23,82,15,0,1,131,131,1,0.6375,-1.000,-0.467
2512,borda,TRACKING,1,142,0,22,22,81,17,0,0,129,131,1,0.6500,-1.000,-0.467
2513,borda,TRACKING,1,144,0,23,21,84,16,0,0,127,131,1,0.6625,-1.000,-0.467
2514,borda,TRACKING,1,142,0,23,21,82,16,0,0,125,131,1,0.6750,-1.000,-0.467
2515,borda,TRACKING,1,139,0,23,21,79,16,0,0,123,131,1,0.6875,-1.000,-0.467
2516,borda,TRACKING,1,137,0,24,20,76,16,0,0,121,131,1,0.7000,-1.000,-0.467
2517,borda,TRACKING,1,137,0,22,21,78,16,0,0,119,131,1,0.7125,-1.000,-0.467
2518,borda,TRACKING,1,135,0,23,20,76,15,0,1,117,131,1,0.7250,-1.000,-0.467
2519,borda,TRACKING,1,132,0,22,20,75,15,0,0,115,131,1,0.7375,-1.000,-0.467
2520,borda,TRACKING,1,135,0,22,20,77,15,0,0,113,131,1,0.7500,-1.000,-0.467
2521,borda,TRACKING,1,130,0,22,19,75,14,0,0,111,131,1,0.7625,-1.000,-0.467
2522,borda,TRACKING,1,138,0,24,19,80,15,0,0,109,131,1,0.7750,-1.000,-0.467
2523,borda,TRACKING,1,127,0,23,19,70,14,0,0,107,131,1,0.7875,-1.000,-0.467
2524,borda,TRACKING,1,124,0,24,18,68,14,0,0,105,131,1,0.8000,-1.000,-0.467
2525,borda,TRACKING,1,124,0,22,18,70,14,0,0,103,131,1,0.8125,-1.000,-0.467
2526,borda,TRACKING,1,122,0,23,17,68,14,0,0,101,131,1,0.8250,-1.000,-0.467
2527,borda,TRACKING,1,120,0,22,17,65,14,0,0,99,131,1,0.8375,-1.000,-0.467
2528,borda,TRACKING,1,117,0,23,17,63,13,1,0,97,131,1,0.8500,-1.000,-0.467
2529,borda,TRACKING,1,119,0,23,16,67,13,0,0,95,131,1,0.8625,-1.000,-0.467
2530,borda,TRACKING,1,122,0,21,17,70,13,0,0,93,131,1,0.8750,-1.000,-0.467
2531,borda,TRACKING,1,114,0,22,16,62,13,0,1,91,131,1,0.8750,-1.000,-0.467
2532,borda,TRACKING,1,132,0,32,19,66,13,1,0,94,131,1,0.8625,-1.000,-0.467
2533,borda,TRACKING,1,118,0,22,17,63,14,0,1,97,131,1,0.8500,-1.000,-0.467
2534,borda,TRACKING,1,122,0,22,18,68,14,0,0,100,131,1,0.8250,-1.000,-0.467
2535,borda,TRACKING,1,136,0,23,20,77,16,0,0,103,131,1,0.8000,-1.000,-0.467
2536,borda,TRACKING,1,142,0,24,20,81,17,0,0,106,131,1,0.7688,-1.000,-0.467
2537,borda,TRACKING,1,154,0,26,22,88,18,0,0,109,131,1,0.7437,-1.000,-0.467
2538,borda,TRACKING,1,166,0,29,25,92,19,0,1,112,131,1,0.7125,-1.000,-0.467
2539,borda,TRACKING,1,165,0,31,24,91,19,0,0,115,131,1,0.6812,-1.000,-0.467
2540,borda,TRACKING,1,166,0,27,25,95,19,0,0,118,131,1,0.6500,-1.000,-0.467
2541,borda,TRACKING,1,165,0,26,26,94,19,0,0,121,131,1,0.6187,-1.000,-0.467
2542,borda,TRACKING,1,163,0,26,25,93,19,0,0,124,131,1,0.5938,-1.000,-0.467
2543,borda,TRACKING,1,169,0,26,26,97,20,0,0,127,131,1,0.5625,-1.000,-0.467
2544,borda,TRACKING,1,167,0,26,26,96,19,0,0,130,131,1,0.5375,-1.000,-0.467
2545,borda,TRACKING,1,188,0,29,29,108,22,0,0,131,131,1,0.5125,-1.000,-0.467
2546,borda,TRACKING,1,191,0,29,28,112,21,0,0,131,131,1,0.4875,-1.000,-0.467
2547,borda,TRACKING,1,197,0,30,31,114,22,0,0,131,131,1,0.4625,-1.000,-0.467
2548,borda,TRACKING,1,198,0,31,31,114,22,0,0,131,131,1,0.4437,-1.000,-0.467
2549,borda,TRACKING,1,186,0,29,29,107,21,0,0,131,131,1,0.4187,-1.000,-0.467
2550,borda,TRACKING,1,188,0,29,28,110,21,0,0,131,131,1,0.4000,-1.000,-0.467
2551,borda,TRACKING,1,177,0,29,27,102,19,0,0,131,131,1,0.3812,-1.000,-0.467
2552,borda,TRACKING,1,176,0,27,27,102,19,0,0,131,131,1,0.3625,-1.000,-0.467
2553,borda,TRACKING,1,174,0,26,28,101,19,0,0,131,131,1,0.3438,-1.000,-0.467
2554,borda,TRACKING,1,166,0,26,26,96,18,0,0,131,131,1,0.3250,-1.000,-0.467
2555,borda,TRACKING,1,166,0,26,26,96,18,0,0,131,131,1,0.3063,-1.000,-0.467
2556,borda,TRACKING,1,166,0,26,26,96,18,0,0,131,131,1,0.2875,-1.000,-0.467
2557,borda,TRACKING,1,165,0,25,25,96,18,0,0,131,131,1,0.2688,-1.000,-0.467
2558,borda,TRACKING,1,157,0,25,24,90,16,0,0,131,131,1,0.2500,-1.000,-0.467
2559,borda,TRACKING,1,158,0,24,25,90,17,0,1,131,131,1,0.2313,-1.000,-0.467
2560,borda,TRACKING,1,156,0,24,25,90,16,0,0,131,131,1,0.2125,-1.000,-0.467
2561,borda,TRACKING,1,150,0,24,23,87,16,0,0,131,131,1,0.1937,-1.000,-0.467
2562,borda,TRACKING,1,149,0,22,24,86,16,0,0,131,131,1,0.1750,-1.000,-0.467
2563,borda,TRACKING,1,150,0,24,24,86,16,0,0,131,131,1,0.1562,-1.000,-0.467
2564,borda,TRACKING,1,149,0,23,23,87,16,0,0,131,131,1,0.1375,-1.000,-0.467
2565,borda,TRACKING,1,149,0,23,23,87,16,0,0,131,131,1,0.1187,-1.000,-0.467
2566,borda,TRACKING,1,149,0,24,23,87,15,0,0,131,131,1,0.1000,-1.000,-0.467
2567,borda,TRACKING,1,150,0,23,23,87,16,1,0,131,131,1,0.0812,-1.000,-0.467
2568,borda,TRACKING,1,149,0,23,22,86,16,0,0,131,131,1,0.0625,-1.000,-0.467
2569,borda,TRACKING,1,142,0,21,23,83,14,1,0,131,131,1,0.0437,-1.000,-0.467
2570,borda,TRACKING,1,143,0,23,22,82,15,0,1,131,131,1,0.0312,-1.000,-0.467
2571,borda,TRACKING,1,142,0,22,22,83,15,0,0,131,131,1,0.0125,-1.000,-0.467
2572,borda,TRACKING,1,141,0,22,23,82,14,0,0,131,131,1,-0.0063,-1.000,-0.467
2573,borda,TRACKING,1,143,0,22,23,83,15,0,0,131,131,1,-0.0250,-1.000,-0.467
2574,borda,TRACKING,1,143,0,22,23,83,14,1,0,131,131,1,-0.0437,-1.000,-0.467
2575,borda,TRACKING,1,142,0,22,22,82,15,0,0,131,131,1,-0.0625,-1.000,-0.467
2576,borda,TRACKING,1,142,0,22,22,83,15,0,0,131,131,1,-0.0812,-1.000,-0.467
2577,borda,TRACKING,1,141,0,21,23,82,15,0,0,131,131,1,-0.1000,-1.000,-0.467
2578,borda,TRACKING,1,143,0,23,22,83,15,0,0,131,131,1,-0.1187,-1.000,-0.467
2579,borda,TRACKING,1,142,0,23,22,83,14,0,0,131,131,1,-0.1375,-1.000,-0.467
2580,borda,TRACKING,1,142,0,22,23,83,14,0,0,131,131,1,-0.1562,-1.000,-0.467
2581,borda,TRACKING,1,141,0,22,23,82,14,0,0,131,131,1,-0.1750,-1.000,-0.467
2582,borda,TRACKING,1,149,0,23,24,87,15,0,0,131,131,1,-0.1937,-1.000,-0.467
2583,borda,TRACKING,1,156,0,25,24,91,16,0,0,131,131,1,-0.2125,-1.000,-0.467
2584,borda,TRACKING,1,164,0,26,25,96,16,0,0,131,131,1,-0.2313,-1.000,-0.467
2585,borda,TRACKING,1,164,0,26,26,96,16,0,0,131,131,1,-0.2500,-1.000,-0.467
2586,borda,TRACKING,1,173,0,27,27,102,17,0,0,131,131,1,-0.2688,-1.000,-0.467
2587,borda,TRACKING,1,173,0,27,27,103,16,0,0,131,131,1,-0.2875,-1.000,-0.467
2588,borda,TRACKING,1,164,0,26,26,96,16,0,0,131,131,1,-0.3063,-1.000,-0.467
2589,borda,TRACKING,1,167,0,25,26,98,17,0,0,131,131,1,-0.3250,-1.000,-0.467
2590,borda,TRACKING,1,181,0,28,27,108,18,0,0,131,131,1,-0.3438,-1.000,-0.467
2591,borda,TRACKING,1,203,0,30,30,123,19,0,0,131,131,1,-0.3688,-1.000,-0.467
2592,borda,TRACKING,1,195,0,31,31,114,19,0,0,131,131,1,-0.3875,-1.000,-0.467
2593,borda,TRACKING,1,183,0,29,29,107,18,0,0,131,131,1,-0.4062,-1.000,-0.467
2594,borda,TRACKING,1,173,0,27,27,102,17,0,0,131,131,1,-0.4250,-1.000,-0.467
2595,borda,TRACKING,1,173,0,27,27,102,17,0,0,131,131,1,-0.4437,-1.000,-0.467
2596,borda,TRACKING,1,177,0,27,28,105,17,0,0,131,131,1,-0.4625,-1.000,-0.467
2597,borda,TRACKING,1,173,0,27,28,101,17,0,0,131,131,1,-0.4812,-1.000,-0.467
2598,borda,TRACKING,1,163,0,25,26,96,16,0,0,131,131,1,-0.5000,-1.000,-0.467
2599,borda,TRACKING,1,164,0,26,26,96,16,0,0,131,131,1,-0.5188,-1.000,-0.467
2600,borda,TRACKING,1,164,0,25,26,96,16,0,0,131,131,1,-0.5375,-1.000,-0.467
2601,borda,TRACKING,1,164,0,26,26,96,16,0,0,131,131,1,-0.5562,-1.000,-0.467
2602,borda,TRACKING,1,173,0,27,27,101,17,1,0,131,131,1,-0.5750,-1.000,-0.467
2603,borda,TRACKING,1,192,0,29,30,114,19,0,0,131,131,1,-0.5938,-1.000,-0.467
2604,borda,TRACKING,1,185,0,27,29,111,17,0,0,131,131,1,-0.6125,-1.000,-0.467
2605,borda,TRACKING,1,172,0,27,27,101,17,0,0,131,131,1,-0.6313,-1.000,-0.467
2606,borda,TRACKING,1,163,0,25,26,96,16,0,0,131,131,1,-0.6500,-1.000,-0.467
2607,borda,TRACKING,1,165,0,26,26,96,16,0,0,131,131,1,-0.6687,-1.000,-0.467
2608,borda,TRACKING,1,163,0,25,25,94,19,0,0,129,131,1,-0.6875,-1.000,-0.467
2609,borda,TRACKING,1,157,0,25,24,90,18,0,0,126,131,1,-0.7063,-1.000,-0.467
2610,borda,TRACKING,1,152,0,24,24,87,17,0,0,123,131,1,-0.7250,-1.000,-0.467
2611,borda,TRACKING,1,155,0,25,24,87,18,0,1,120,131,1,-0.7375,-1.000,-0.467
2612,borda,TRACKING,1,157,0,26,23,89,18,0,0,117,131,1,-0.7563,-1.000,-0.467
2613,borda,TRACKING,1,144,0,24,22,81,16,1,0,114,131,1,-0.7750,-1.000,-0.467
2614,borda,TRACKING,1,144,0,24,21,83,16,0,0,111,131,1,-0.7937,-1.000,-0.467
2615,borda,TRACKING,1,140,0,24,21,79,16,0,0,108,131,1,-0.8125,-1.000,-0.467
2616,borda,TRACKING,1,135,0,24,20,75,16,0,0,105,131,1,-0.8313,-1.000,-0.467
2617,borda,TRACKING,1,136,0,24,20,76,15,0,0,102,131,1,-0.8500,-1.000,-0.467
2618,borda,TRACKING,1,131,0,24,19,73,15,0,0,99,131,1,-0.8687,-1.000,-0.467
2619,borda,TRACKING,1,121,0,24,17,66,14,0,0,96,131,1,-0.8875,-1.000,-0.467
2620,borda,TRACKING,1,122,0,23,18,67,14,0,0,93,131,1,-0.9062,-1.000,-0.467
2621,borda,TRACKING,1,122,0,23,16,67,15,0,0,92,131,1,-0.9125,-1.000,-0.467
2622,borda,TRACKING,1,133,0,25,18,74,15,0,0,94,131,1,-0.9062,-1.000,-0.467
2623,borda,TRACKING,1,137,0,26,20,74,17,0,0,96,131,1,-0.8938,-1.000,-0.467
2624,borda,TRACKING,1,137,0,25,19,75,17,0,0,98,131,1,-0.8750,-1.000,-0.467
2625,borda,TRACKING,1,141,0,27,20,77,16,0,1,100,131,1,-0.8500,-1.000,-0.467
2626,borda,TRACKING,1,146,0,26,20,80,19,1,0,102,131,1,-0.8313,-1.000,-0.467
2627,borda,TRACKING,1,138,0,25,20,77,15,1,0,104,131,1,-0.8062,-1.000,-0.467
2628,borda,TRACKING,1,140,0,25,20,78,15,0,1,106,131,1,-0.7812,-1.000,-0.467
2629,borda,TRACKING,1,136,0,23,20,77,15,0,0,108,131,1,-0.7563,-1.000,-0.467
2630,borda,TRACKING,1,135,0,23,20,76,16,0,0,110,131,1,-0.7312,-1.000,-0.467
2631,borda,TRACKING,1,134,0,23,21,74,16,0,0,112,131,1,-0.7063,-1.000,-0.467
2632,borda,TRACKING,1,137,0,24,20,77,16,0,0,114,131,1,-0.6875,-1.000,-0.467
2633,borda,TRACKING,1,139,0,23,20,80,16,0,0,116,131,1,-0.6687,-1.000,-0.467
2634,borda,TRACKING,1,142,0,23,21,82,15,1,0,118,131,1,-0.6438,-1.000,-0.467
2635,borda,TRACKING,1,148,0,25,22,83,17,1,0,120,131,1,-0.6250,-1.000,-0.467
2636,borda,TRACKING,1,159,0,26,24,90,18,0,0,122,131,1,-0.6125,-1.000,-0.467
2637,borda,TRACKING,1,153,0,24,23,88,18,0,0,124,131,1,-0.5938,-1.000,-0.467
2638,borda,TRACKING,1,157,0,24,23,90,18,0,0,126,131,1,-0.5813,-1.000,-0.467
2639,borda,TRACKING,1,157,0,25,24,87,20,0,0,128,131,1,-0.5625,-1.000,-0.467
2640,borda,TRACKING,1,153,0,24,23,86,20,0,0,130,131,1,-0.5500,-1.000,-0.467
2641,borda,TRACKING,1,151,0,23,23,87,18,0,0,131,131,1,-0.5375,-1.000,-0.467
2642,borda,TRACKING,1,152,0,25,23,87,17,0,0,131,131,1,-0.5250,-1.000,-0.467
2643,borda,TRACKING,1,151,0,23,24,87,17,0,0,131,131,1,-0.5125,-1.000,-0.467
2644,borda,TRACKING,1,151,0,23,24,87,16,0,0,131,131,1,-0.5000,-1.000,-0.467
2645,borda,TRACKING,1,151,0,24,23,87,16,0,0,131,131,1,-0.4875,-1.000,-0.467
2646,borda,TRACKING,1,150,0,24,23,87,16,0,0,131,131,1,-0.4750,-1.000,-0.467
2647,borda,TRACKING,1,150,0,24,23,87,16,0,0,131,131,1,-0.4625,-1.000,-0.467
2648,borda,TRACKING,1,150,0,23,24,86,17,0,0,131,131,1,-0.4500,-1.000,-0.467
2649,borda,TRACKING,1,150,0,23,24,86,16,1,0,131,131,1,-0.4375,-1.000,-0.467
2650,borda,TRACKING,1,150,0,24,23,87,15,0,0,131,131,1,-0.4250,-1.000,-0.467
2651,borda,TRACKING,1,143,0,22,22,83,16,0,0,131,131,1,-0.4125,-1.000,-0.467
2652,borda,TRACKING,1,148,0,22,22,88,16,0,0,131,131,1,-0.4000,-1.000,-0.467
2653,borda,TRACKING,1,148,0,23,23,87,15,0,0,131,131,1,-0.3875,-1.000,-0.467
2654,borda,TRACKING,1,143,0,23,22,83,15,0,0,131,131,1,-0.3750,-1.000,-0.467
2655,borda,TRACKING,1,143,0,22,23,83,15,0,0,131,131,1,-0.3625,-1.000,-0.467
2656,borda,TRACKING,1,143,0,23,22,83,15,0,0,131,131,1,-0.3500,-1.000,-0.467
2657,borda,TRACKING,1,142,0,21,23,82,15,0,0,131,131,1,-0.3375,-1.000,-0.467
2658,borda,TRACKING,1,143,0,22,23,82,16,0,0,131,131,1,-0.3250,-1.000,-0.467
2659,borda,TRACKING,1,143,0,22,23,82,16,0,0,131,131,1,-0.3187,-1.000,-0.467
2660,borda,TRACKING,1,149,0,23,23,87,16,0,0,131,131,1,-0.3063,-1.000,-0.467
2661,borda,TRACKING,1,151,0,25,23,87,16,0,0,131,131,1,-0.2937,-1.000,-0.467
2662,borda,TRACKING,1,145,0,22,22,85,15,0,0,131,131,1,-0.2812,-1.000,-0.467
2663,borda,TRACKING,1,144,0,22,22,85,15,0,0,131,131,1,-0.2688,-1.000,-0.467
2664,borda,TRACKING,1,142,0,22,23,82,15,0,0,131,131,1,-0.2562,-1.000,-0.467
2665,borda,TRACKING,1,142,0,22,22,83,15,0,0,131,131,1,-0.2438,-1.000,-0.467
2666,borda,TRACKING,1,142,0,21,23,82,15,0,0,131,131,1,-0.2313,-1.000,-0.467
2667,borda,TRACKING,1,143,0,23,22,83,15,0,0,131,131,1,-0.2188,-1.000,-0.467
2668,borda,TRACKING,1,143,0,23,22,82,15,0,0,131,131,1,-0.2062,-1.000,-0.467
2669,borda,TRACKING,1,143,0,22,23,82,15,1,0,131,131,1,-0.1937,-1.000,-0.467
2670,borda,TRACKING,1,142,0,22,22,83,15,0,0,131,131,1,-0.1813,-1.000,-0.467
2671,borda,TRACKING,1,142,0,21,23,83,15,0,0,131,131,1,-0.1688,-1.000,-0.467
2672,borda,TRACKING,1,144,0,23,22,83,15,0,0,131,131,1,-0.1562,-1.000,-0.467
2673,borda,TRACKING,1,143,0,22,23,82,15,0,0,131,131,1,-0.1437,-1.000,-0.467
2674,borda,TRACKING,1,143,0,22,22,83,16,0,0,131,131,1,-0.1312,-1.000,-0.467
2675,borda,TRACKING,1,143,0,22,22,83,16,0,0,131,131,1,-0.1187,-1.000,-0.467
2676,borda,TRACKING,1,143,0,22,23,82,16,0,0,131,131,1,-0.1063,-1.000,-0.467
2677,borda,TRACKING,1,143,0,23,22,83,15,0,0,131,131,1,-0.0938,-1.000,-0.467
2678,borda,TRACKING,1,144,0,22,22,85,15,0,0,131,131,1,-0.0812,-1.000,-0.467
2679,borda,TRACKING,1,145,0,23,22,82,18,0,0,131,131,1,-0.0688,-1.000,-0.467
2680,borda,TRACKING,1,143,0,23,22,83,15,0,0,131,131,1,-0.0500,-1.000,-0.467
2681,borda,TRACKING,1,143,0,23,22,83,15,0,0,131,131,1,-0.0375,-1.000,-0.467
2682,borda,TRACKING,1,143,0,23,22,83,15,0,0,131,131,1,-0.0250,-1.000,-0.467
2683,borda,TRACKING,1,143,0,22,22,83,15,0,0,131,131,1,-0.0125,-1.000,-0.467
2684,borda,TRACKING,1,143,0,23,22,83,15,0,0,131,131,1,0.0000,-1.000,-0.467
2685,borda,TRACKING,1,143,0,23,22,83,15,0,0,131,131,1,0.0125,-1.000,-0.467
2686,borda,TRACKING,1,142,0,22,22,83,15,0,0,131,131,1,0.0250,-1.000,-0.467
2687,borda,TRACKING,1,143,0,23,22,83,15,0,0,131,131,1,0.0375,-1.000,-0.467
2688,borda,TRACKING,1,142,0,21,22,82,15,0,0,131,131,1,0.0500,-1.000,-0.467
2689,borda,TRACKING,1,142,0,22,22,83,15,0,0,131,131,1,0.0625,-1.000,-0.467
2690,borda,TRACKING,1,142,0,22,22,83,15,0,0,131,131,1,0.0750,-1.000,-0.467
2691,borda,TRACKING,1,142,0,22,22,83,15,0,0,131,131,1,0.0875,-1.000,-0.467
2692,borda,TRACKING,1,171,0,50,22,83,16,0,0,131,131,1,0.1000,-1.000,-0.467
2693,borda,TRACKING,1,147,0,23,22,87,15,0,0,131,131,1,0.1125,-1.000,-0.467
2694,borda,TRACKING,1,150,0,23,24,87,16,0,0,131,131,1,0.1250,-1.000,-0.467
2695,borda,TRACKING,1,158,0,25,24,92,16,0,0,131,131,1,0.1375,-1.000,-0.467
2696,borda,TRACKING,1,157,0,24,25,91,16,0,0,131,131,1,0.1500,-1.000,-0.467
2697,borda,TRACKING,1,169,0,26,26,100,17,0,0,131,131,1,0.1625,-1.000,-0.467
2698,borda,TRACKING,1,172,0,26,26,102,17,1,0,131,131,1,0.1750,-1.000,-0.467
2699,borda,TRACKING,1,165,0,25,26,96,18,0,0,131,131,1,0.1875,-1.000,-0.467
2700,borda,TRACKING,1,166,0,26,26,96,18,0,0,131,131,1,0.2000,-1.000,-0.467
2701,borda,TRACKING,1,175,0,27,27,102,18,0,0,131,131,1,0.2062,-1.000,-0.467
2702,borda,TRACKING,1,186,0,29,29,108,20,0,0,131,131,1,0.2188,-1.000,-0.467
2703,borda,TRACKING,1,208,0,31,32,121,23,0,0,131,131,1,0.2313,-1.000,-0.467
2704,borda,TRACKING,1,224,0,35,35,130,24,0,0,131,131,1,0.2438,-1.000,-0.467
2705,borda,TRACKING,1,210,0,34,32,122,22,0,0,131,131,1,0.2562,-1.000,-0.467
2706,borda,TRACKING,1,185,0,29,29,107,19,0,1,131,131,1,0.2688,-1.000,-0.467
2707,borda,TRACKING,1,178,0,27,27,106,18,0,0,131,131,1,0.2812,-1.000,-0.467
2708,borda,TRACKING,1,165,0,26,25,96,18,0,0,131,131,1,0.2937,-1.000,-0.467
2709,borda,TRACKING,1,165,0,26,26,96,17,0,0,131,131,1,0.3063,-1.000,-0.467
2710,borda,TRACKING,1,165,0,26,26,95,18,0,0,131,131,1,0.3187,-1.000,-0.467
2711,borda,TRACKING,1,166,0,26,26,96,17,0,0,131,131,1,0.3313,-1.000,-0.467
2712,borda,TRACKING,1,157,0,25,25,91,16,0,0,131,131,1,0.3438,-1.000,-0.467
2713,borda,TRACKING,1,158,0,25,25,91,16,0,1,131,131,1,0.3562,-1.000,-0.467
2714,borda,TRACKING,1,156,0,24,24,91,17,0,0,131,131,1,0.3688,-1.000,-0.467
2715,borda,TRACKING,1,163,0,25,29,92,16,0,1,131,131,1,0.3812,-1.000,-0.467
2716,borda,TRACKING,1,149,0,23,24,87,15,0,0,131,131,1,0.3938,-1.000,-0.467
2717,borda,TRACKING,1,159,0,25,24,92,16,0,1,131,131,1,0.4062,-1.000,-0.467
2718,borda,TRACKING,1,166,0,27,26,95,18,0,0,131,131,1,0.4187,-1.000,-0.467
2719,borda,TRACKING,1,175,0,28,27,102,18,0,0,131,131,1,0.4313,-1.000,-0.467
2720,borda,TRACKING,1,169,0,27,26,97,18,0,0,131,131,1,0.4437,-1.000,-0.467
2721,borda,TRACKING,1,168,0,27,26,96,18,1,0,131,131,1,0.4563,-1.000,-0.467
2722,borda,TRACKING,1,186,0,27,28,111,19,1,0,131,131,1,0.4688,-1.000,-0.467
2723,borda,TRACKING,1,187,0,29,30,107,20,0,0,131,131,1,0.4812,-1.000,-0.467
2724,borda,TRACKING,1,198,0,32,31,114,21,0,0,131,131,1,0.4938,-1.000,-0.467
2725,borda,TRACKING,1,197,0,31,30,114,21,0,0,131,131,1,0.5063,-1.000,-0.467
2726,borda,TRACKING,1,202,0,31,30,118,21,0,1,131,131,1,0.5188,-1.000,-0.467
2727,borda,TRACKING,1,185,0,28,29,107,20,0,1,131,131,1,0.5312,-1.000,-0.467
2728,borda,TRACKING,1,184,0,29,29,107,19,0,0,131,131,1,0.5437,-1.000,-0.467
2729,borda,TRACKING,1,174,0,27,27,102,17,1,0,131,131,1,0.5562,-1.000,-0.467
2730,borda,TRACKING,1,175,0,28,27,101,18,0,1,131,131,1,0.5750,-1.000,-0.467
2731,borda,TRACKING,1,175,0,27,27,101,19,1,0,131,131,1,0.5875,-1.000,-0.467
2732,borda,TRACKING,1,178,0,27,27,105,18,1,0,131,131,1,0.6000,-1.000,-0.467
2733,borda,TRACKING,1,165,0,26,26,96,17,0,0,131,131,1,0.6125,-1.000,-0.467
2734,borda,TRACKING,1,174,0,27,27,101,18,0,1,131,131,1,0.6250,-1.000,-0.467
2735,borda,TRACKING,1,184,0,28,29,107,20,0,0,131,131,1,0.6375,-1.000,-0.467
2736,borda,TRACKING,1,184,0,29,29,104,22,0,0,129,131,1,0.6500,-1.000,-0.467
2737,borda,TRACKING,1,176,0,26,27,102,20,1,0,127,131,1,0.6625,-1.000,-0.467
2738,borda,TRACKING,1,177,0,26,26,100,24,0,0,125,131,1,0.6750,-1.000,-0.467
2739,borda,TRACKING,1,166,0,27,28,92,18,0,0,123,131,1,0.6875,-1.000,-0.467
2740,borda,TRACKING,1,169,0,27,28,94,19,0,0,121,131,1,0.7000,-1.000,-0.467
2741,borda,TRACKING,1,168,0,27,25,97,19,0,0,119,131,1,0.7125,-1.000,-0.467
2742,borda,TRACKING,1,164,0,27,25,94,18,0,0,117,131,1,0.7250,-1.000,-0.467
2743,borda,TRACKING,1,172,0,30,26,96,20,0,0,115,131,1,0.7375,-1.000,-0.467
2744,borda,TRACKING,1,168,0,29,25,94,19,0,0,113,131,1,0.7500,-1.000,-0.467
2745,borda,TRACKING,1,179,0,29,25,106,19,0,0,111,131,1,0.7625,-1.000,-0.467
2746,borda,TRACKING,1,168,0,30,24,95,18,0,0,109,131,1,0.7750,-1.000,-0.467
2747,borda,TRACKING,1,164,0,30,24,91,19,0,0,107,131,1,0.7875,-1.000,-0.467
2748,borda,TRACKING,1,159,0,28,24,88,18,0,0,105,131,1,0.8000,-1.000,-0.467
2749,borda,TRACKING,1,162,0,30,23,91,18,0,0,103,131,1,0.8125,-1.000,-0.467
2750,borda,TRACKING,1,157,0,28,23,88,18,0,0,101,131,1,0.8250,-1.000,-0.467
2751,borda,TRACKING,1,149,0,31,21,80,17,0,0,99,131,1,0.8375,-1.000,-0.467
2752,borda,TRACKING,1,142,0,26,21,78,17,0,0,97,131,1,0.8500,-1.000,-0.467
2753,borda,TRACKING,1,145,0,27,20,81,17,0,0,95,131,1,0.8625,-1.000,-0.467
2754,borda,TRACKING,1,142,0,27,20,78,16,0,1,93,131,1,0.8750,-1.000,-0.467
2755,borda,TRACKING,1,138,0,27,19,76,16,0,0,91,131,1,0.8750,-1.000,-0.467
2756,borda,TRACKING,1,144,0,28,20,80,16,0,0,94,131,1,0.8625,-1.000,-0.467
2757,borda,TRACKING,1,139,0,27,20,76,16,0,0,97,131,1,0.8500,-1.000,-0.467
2758,borda,TRACKING,1,139,0,25,20,78,16,0,0,100,131,1,0.8250,-1.000,-0.467
2759,borda,TRACKING,1,145,0,27,20,81,17,0,0,103,131,1,0.8000,-1.000,-0.467
2760,borda,TRACKING,1,146,0,27,21,81,17,0,0,106,131,1,0.7688,-1.000,-0.467
2761,borda,TRACKING,1,149,0,26,21,85,17,0,0,109,131,1,0.7437,-1.000,-0.467
2762,borda,TRACKING,1,147,0,25,21,84,16,1,0,112,131,1,0.7125,-1.000,-0.467
2763,borda,TRACKING,1,149,0,24,22,86,17,0,0,115,131,1,0.6812,-1.000,-0.467
2764,borda,TRACKING,1,150,0,25,22,86,17,0,0,118,131,1,0.6500,-1.000,-0.467
2765,borda,TRACKING,1,150,0,25,22,85,17,1,0,121,131,1,0.6187,-1.000,-0.467
2766,borda,TRACKING,1,155,0,24,23,89,17,0,0,124,131,1,0.5938,-1.000,-0.467
2767,borda,TRACKING,1,151,0,23,23,87,17,0,0,127,131,1,0.5625,-1.000,-0.467
2768,borda,TRACKING,1,151,0,24,23,86,18,0,0,130,131,1,0.5375,-1.000,-0.467
2769,borda,TRACKING,1,153,0,23,24,87,17,0,1,131,131,1,0.5125,-1.000,-0.467
2770,borda,TRACKING,1,151,0,23,23,87,17,0,1,131,131,1,0.4875,-1.000,-0.467
2771,borda,TRACKING,1,153,0,26,23,87,17,0,0,131,131,1,0.4625,-1.000,-0.467
2772,borda,TRACKING,1,154,0,23,26,87,17,0,0,131,131,1,0.4437,-1.000,-0.467
2773,borda,TRACKING,1,149,0,22,22,89,16,0,0,131,131,1,0.4187,-1.000,-0.467
2774,borda,TRACKING,1,144,0,22,23,83,16,0,0,131,131,1,0.4000,-1.000,-0.467
2775,borda,TRACKING,1,156,0,24,24,92,16,0,0,131,131,1,0.3812,-1.000,-0.467
2776,borda,TRACKING,1,169,0,25,26,96,22,0,0,131,131,1,0.3625,-1.000,-0.467
2777,borda,TRACKING,1,173,0,26,26,102,17,0,0,131,131,1,0.3438,-1.000,-0.467
2778,borda,TRACKING,1,167,0,26,25,96,18,0,0,131,131,1,0.3250,-1.000,-0.467
2779,borda,TRACKING,1,166,0,27,26,96,17,0,0,131,131,1,0.3063,-1.000,-0.467
2780,borda,TRACKING,1,158,0,25,25,91,17,0,0,131,131,1,0.2875,-1.000,-0.467
2781,borda,TRACKING,1,157,0,24,25,91,16,0,1,131,131,1,0.2688,-1.000,-0.467
2782,borda,TRACKING,1,155,0,24,24,91,15,0,0,131,131,1,0.2500,-1.000,-0.467
2783,borda,TRACKING,1,156,0,24,24,91,16,0,0,131,131,1,0.2313,-1.000,-0.467
2784,borda,TRACKING,1,157,0,25,24,91,17,0,0,131,131,1,0.2125,-1.000,-0.467
2785,borda,TRACKING,1,156,0,24,24,91,16,0,0,131,131,1,0.1937,-1.000,-0.467
2786,borda,TRACKING,1,156,0,24,25,91,16,0,0,131,131,1,0.1750,-1.000,-0.467
2787,borda,TRACKING,1,157,0,25,24,91,16,0,0,131,131,1,0.1562,-1.000,-0.467
2788,borda,TRACKING,1,156,0,24,24,91,17,0,0,131,131,1,0.1375,-1.000,-0.467
2789,borda,TRACKING,1,149,0,24,23,87,15,0,0,131,131,1,0.1187,-1.000,-0.467
2790,borda,TRACKING,1,150,0,24,23,87,15,0,1,131,131,1,0.1000,-1.000,-0.467
2791,borda,TRACKING,1,150,0,24,23,87,16,0,0,131,131,1,0.0812,-1.000,-0.467
2792,borda,TRACKING,1,150,0,24,23,87,16,0,0,131,131,1,0.0625,-1.000,-0.467
2793,borda,TRACKING,1,143,0,22,22,82,15,0,0,131,131,1,0.0437,-1.000,-0.467
2794,borda,TRACKING,1,142,0,22,22,83,14,1,0,131,131,1,0.0312,-1.000,-0.467
2795,borda,TRACKING,1,142,0,22,22,83,15,0,0,131,131,1,0.0125,-1.000,-0.467
2796,borda,TRACKING,1,147,0,26,23,83,15,0,0,131,131,1,-0.0063,-1.000,-0.467
2797,borda,TRACKING,1,150,0,22,22,90,15,0,1,131,131,1,-0.0250,-1.000,-0.467
2798,borda,TRACKING,1,154,0,23,23,88,19,0,1,131,131,1,-0.0437,-1.000,-0.467
2799,borda,TRACKING,1,156,0,24,24,91,16,0,0,131,131,1,-0.0625,-1.000,-0.467
2800,borda,TRACKING,1,168,0,26,26,99,17,0,0,131,131,1,-0.0812,-1.000,-0.467
2801,borda,TRACKING,1,172,0,26,31,97,17,0,0,131,131,1,-0.1000,-1.000,-0.467
2802,borda,TRACKING,1,165,0,26,26,96,16,0,1,131,131,1,-0.1187,-1.000,-0.467
2803,borda,TRACKING,1,166,0,26,27,96,17,0,0,131,131,1,-0.1375,-1.000,-0.467
2804,borda,TRACKING,1,166,0,26,26,96,18,0,0,131,131,1,-0.1562,-1.000,-0.467
2805,borda,TRACKING,1,175,0,26,27,101,19,0,0,131,131,1,-0.1750,-1.000,-0.467
2806,borda,TRACKING,1,193,0,29,29,114,21,0,0,131,131,1,-0.1937,-1.000,-0.467
2807,borda,TRACKING,1,212,0,32,33,121,24,0,0,131,131,1,-0.2125,-1.000,-0.467
2808,borda,TRACKING,1,210,0,32,33,122,23,0,0,131,131,1,-0.2313,-1.000,-0.467
2809,borda,TRACKING,1,235,0,34,36,140,25,0,0,131,131,1,-0.2500,-1.000,-0.467
2810,borda,TRACKING,1,262,0,41,41,152,27,1,0,131,131,1,-0.2688,-1.000,-0.467
2811,borda,TRACKING,1,228,0,34,35,135,24,0,0,131,131,1,-0.2875,-1.000,-0.467
2812,borda,TRACKING,1,211,0,33,32,121,22,0,1,131,131,1,-0.3063,-1.000,-0.467
2813,borda,TRACKING,1,187,0,31,29,107,19,0,0,131,131,1,-0.3250,-1.000,-0.467
2814,borda,TRACKING,1,183,0,27,28,109,18,0,0,131,131,1,-0.3438,-1.000,-0.467
2815,borda,TRACKING,1,174,0,27,27,101,19,0,0,131,131,1,-0.3688,-1.000,-0.467
2816,borda,TRACKING,1,175,0,27,27,101,18,0,0,131,131,1,-0.3875,-1.000,-0.467
2817,borda,TRACKING,1,173,0,26,28,101,17,1,0,131,131,1,-0.4062,-1.000,-0.467
2818,borda,TRACKING,1,174,0,28,27,101,18,0,0,131,131,1,-0.4250,-1.000,-0.467
2819,borda,TRACKING,1,169,0,27,28,96,18,0,0,131,131,1,-0.4437,-1.000,-0.467
2820,borda,TRACKING,1,166,0,25,26,96,17,0,1,131,131,1,-0.4625,-1.000,-0.467
2821,borda,TRACKING,1,165,0,26,25,96,17,0,0,131,131,1,-0.4812,-1.000,-0.467
2822,borda,TRACKING,1,168,0,25,26,100,17,0,0,131,131,1,-0.5000,-1.000,-0.467
2823,borda,TRACKING,1,169,0,26,29,96,17,0,0,131,131,1,-0.5188,-1.000,-0.467
2824,borda,TRACKING,1,165,0,26,25,95,17,1,0,131,131,1,-0.5375,-1.000,-0.467
2825,borda,TRACKING,1,164,0,25,25,96,17,0,1,131,131,1,-0.5562,-1.000,-0.467
2826,borda,TRACKING,1,165,0,26,25,96,18,0,0,131,131,1,-0.5750,-1.000,-0.467
2827,borda,TRACKING,1,157,0,24,25,91,16,0,0,131,131,1,-0.5938,-1.000,-0.467
2828,borda,TRACKING,1,157,0,25,24,91,16,0,0,131,131,1,-0.6125,-1.000,-0.467
2829,borda,TRACKING,1,157,0,25,24,91,16,1,0,131,131,1,-0.6313,-1.000,-0.467
2830,borda,TRACKING,1,150,0,24,23,87,16,0,0,131,131,1,-0.6500,-1.000,-0.467
2831,borda,TRACKING,1,149,0,23,24,86,16,0,0,131,131,1,-0.6687,-1.000,-0.467
2832,borda,TRACKING,1,149,0,23,23,84,16,0,0,129,131,1,-0.6875,-1.000,-0.467
2833,borda,TRACKING,1,149,0,23,23,86,17,0,0,126,131,1,-0.7063,-1.000,-0.467
2834,borda,TRACKING,1,146,0,23,22,84,16,0,1,123,131,1,-0.7250,-1.000,-0.467
2835,borda,TRACKING,1,141,0,23,22,79,16,1,0,120,131,1,-0.7375,-1.000,-0.467
2836,borda,TRACKING,1,140,0,23,21,80,16,0,0,117,131,1,-0.7563,-1.000,-0.467
2837,borda,TRACKING,1,131,0,23,19,74,15,0,0,114,131,1,-0.7750,-1.000,-0.467
2838,borda,TRACKING,1,133,0,22,19,77,15,0,0,111,131,1,-0.7937,-1.000,-0.467
2839,borda,TRACKING,1,128,0,22,20,71,15,0,0,108,131,1,-0.8125,-1.000,-0.467
2840,borda,TRACKING,1,126,0,23,19,69,15,0,0,105,131,1,-0.8313,-1.000,-0.467
2841,borda,TRACKING,1,128,0,23,18,72,15,0,0,102,131,1,-0.8500,-1.000,-0.467
2842,borda,TRACKING,1,132,0,24,20,72,16,0,0,99,131,1,-0.8687,-1.000,-0.467
2843,borda,TRACKING,1,129,0,24,19,70,16,0,0,96,131,1,-0.8875,-1.000,-0.467
2844,borda,TRACKING,1,142,0,28,20,78,16,0,0,93,131,1,-0.9062,-1.000,-0.467
2845,borda,TRACKING,1,141,0,28,20,77,16,0,0,92,131,1,-0.9125,-1.000,-0.467
2846,borda,TRACKING,1,149,0,28,20,84,17,0,0,94,131,1,-0.9062,-1.000,-0.467
2847,borda,TRACKING,1,133,0,25,20,72,16,0,0,96,131,1,-0.8938,-1.000,-0.467
2848,borda,TRACKING,1,149,0,29,21,80,17,0,0,98,131,1,-0.8750,-1.000,-0.467
2849,borda,TRACKING,1,158,0,30,22,86,19,0,0,100,131,1,-0.8500,-1.000,-0.467
2850,borda,TRACKING,1,171,0,31,24,95,20,0,0,102,131,1,-0.8313,-1.000,-0.467
2851,borda,TRACKING,1,180,0,33,27,98,22,0,0,104,131,1,-0.8062,-1.000,-0.467
2852,borda,TRACKING,1,176,0,34,25,96,20,0,1,106,131,1,-0.7812,-1.000,-0.467
2853,borda,TRACKING,1,166,0,30,24,93,19,0,0,108,131,1,-0.7563,-1.000,-0.467
2854,borda,TRACKING,1,160,0,28,23,91,18,0,0,110,131,1,-0.7312,-1.000,-0.467
2855,borda,TRACKING,1,166,0,30,25,91,20,0,0,112,131,1,-0.7063,-1.000,-0.467
2856,borda,TRACKING,1,169,0,28,26,95,19,1,0,114,131,1,-0.6875,-1.000,-0.467
2857,borda,TRACKING,1,169,0,27,31,92,19,0,0,116,131,1,-0.6687,-1.000,-0.467
2858,borda,TRACKING,1,183,0,33,31,99,20,0,0,118,131,1,-0.6438,-1.000,-0.467
2859,borda,TRACKING,1,156,0,26,23,88,19,0,0,120,131,1,-0.6250,-1.000,-0.467
2860,borda,TRACKING,1,171,0,25,33,96,17,0,0,122,131,1,-0.6125,-1.000,-0.467
2861,borda,TRACKING,1,157,0,25,23,89,20,0,0,124,131,1,-0.5938,-1.000,-0.467
2862,borda,TRACKING,1,160,0,24,24,94,18,0,0,126,131,1,-0.5813,-1.000,-0.467
2863,borda,TRACKING,1,157,0,25,24,90,18,0,0,128,131,1,-0.5625,-1.000,-0.467
2864,borda,TRACKING,1,152,0,23,23,88,18,0,0,130,131,1,-0.5500,-1.000,-0.467
2865,borda,TRACKING,1,152,0,22,23,89,17,0,0,131,131,1,-0.5375,-1.000,-0.467
2866,borda,TRACKING,1,153,0,23,23,87,20,0,0,131,131,1,-0.5250,-1.000,-0.467
2867,borda,TRACKING,1,149,0,24,23,87,15,0,0,131,131,1,-0.5125,-1.000,-0.467
2868,borda,TRACKING,1,150,0,23,24,86,17,0,0,131,131,1,-0.5000,-1.000,-0.467
2869,borda,TRACKING,1,143,0,22,22,83,15,0,1,131,131,1,-0.4875,-1.000,-0.467
2870,borda,TRACKING,1,144,0,23,22,83,16,0,0,131,131,1,-0.4750,-1.000,-0.467
2871,borda,TRACKING,1,147,0,22,22,87,16,0,0,131,131,1,-0.4625,-1.000,-0.467
2872,borda,TRACKING,1,147,0,23,24,85,15,0,0,131,131,1,-0.4500,-1.000,-0.467
2873,borda,TRACKING,1,144,0,23,22,83,15,1,0,131,131,1,-0.4375,-1.000,-0.467
2874,borda,TRACKING,1,143,0,22,22,83,16,0,0,131,131,1,-0.4250,-1.000,-0.467
2875,borda,TRACKING,1,143,0,22,22,83,16,0,0,131,131,1,-0.4125,-1.000,-0.467
2876,borda,TRACKING,1,143,0,22,22,83,15,0,0,131,131,1,-0.4000,-1.000,-0.467
2877,borda,TRACKING,1,142,0,22,23,82,15,0,0,131,131,1,-0.3875,-1.000,-0.467
2878,borda,TRACKING,1,143,0,22,22,83,16,0,0,131,131,1,-0.3750,-1.000,-0.467
2879,borda,TRACKING,1,143,0,23,22,83,15,0,0,131,131,1,-0.3625,-1.000,-0.467
2880,borda,TRACKING,1,144,0,23,23,82,16,0,0,131,131,1,-0.3500,-1.000,-0.467
2881,borda,TRACKING,1,141,0,22,22,83,14,0,0,131,131,1,-0.3375,-1.000,-0.467
2882,borda,TRACKING,1,157,0,23,22,97,15,0,0,131,131,1,-0.3250,-1.000,-0.467
2883,borda,TRACKING,1,153,0,24,23,89,16,0,0,131,131,1,-0.3187,-1.000,-0.467
2884,borda,TRACKING,1,162,0,24,24,97,16,1,0,131,131,1,-0.3063,-1.000,-0.467
2885,borda,TRACKING,1,165,0,26,25,96,18,0,0,131,131,1,-0.2937,-1.000,-0.467
2886,borda,TRACKING,1,157,0,25,24,91,17,0,0,131,131,1,-0.2812,-1.000,-0.467
2887,borda,TRACKING,1,149,0,23,23,87,16,0,0,131,131,1,-0.2688,-1.000,-0.467
2888,borda,TRACKING,1,148,0,23,23,87,15,0,0,131,131,1,-0.2562,-1.000,-0.467
2889,borda,TRACKING,1,150,0,23,24,86,16,0,0,131,131,1,-0.2438,-1.000,-0.467
2890,borda,TRACKING,1,143,0,23,22,83,15,0,0,131,131,1,-0.2313,-1.000,-0.467
2891,borda,TRACKING,1,143,0,22,22,83,15,0,0,131,131,1,-0.2188,-1.000,-0.467
2892,borda,TRACKING,1,143,0,23,22,83,14,0,1,131,131,1,-0.2062,-1.000,-0.467
2893,borda,TRACKING,1,143,0,22,22,82,15,0,0,131,131,1,-0.1937,-1.000,-0.467
2894,borda,TRACKING,1,143,0,23,22,82,16,0,0,131,131,1,-0.1813,-1.000,-0.467
2895,borda,TRACKING,1,143,0,22,22,83,15,0,0,131,131,1,-0.1688,-1.000,-0.467
2896,borda,TRACKING,1,142,0,23,22,82,15,0,0,131,131,1,-0.1562,-1.000,-0.467
2897,borda,TRACKING,1,144,0,23,22,82,15,1,0,131,131,1,-0.1437,-1.000,-0.467
2898,borda,TRACKING,1,142,0,22,22,83,15,0,0,131,131,1,-0.1312,-1.000,-0.467
2899,borda,TRACKING,1,143,0,23,22,82,15,0,1,131,131,1,-0.1187,-1.000,-0.467
2900,borda,TRACKING,1,142,0,23,22,83,14,0,0,131,131,1,-0.1063,-1.000,-0.467
2901,borda,TRACKING,1,143,0,23,22,83,15,0,0,131,131,1,-0.0938,-1.000,-0.467
2902,borda,TRACKING,1,145,0,24,22,85,14,0,0,131,131,1,-0.0812,-1.000,-0.467
2903,borda,TRACKING,1,141,0,22,22,82,15,0,0,131,131,1,-0.0688,-1.000,-0.467
2904,borda,TRACKING,1,143,0,22,23,82,15,0,0,131,131,1,-0.0500,-1.000,-0.467
2905,borda,TRACKING,1,143,0,23,22,83,15,0,0,131,131,1,-0.0375,-1.000,-0.467
2906,borda,TRACKING,1,143,0,23,22,84,14,0,0,131,131,1,-0.0250,-1.000,-0.467
2907,borda,TRACKING,1,150,0,24,23,87,16,0,0,131,131,1,-0.0125,-1.000,-0.467
2908,borda,TRACKING,1,150,0,24,23,87,16,0,0,131,131,1,0.0000,-1.000,-0.467
2909,borda,TRACKING,1,156,0,25,24,91,16,0,0,131,131,1,0.0125,-1.000,-0.467
2910,borda,TRACKING,1,165,0,25,26,96,18,0,0,131,131,1,0.0250,-1.000,-0.467
2911,borda,TRACKING,1,170,0,27,26,99,18,0,0,131,131,1,0.0375,-1.000,-0.467
2912,borda,TRACKING,1,175,0,28,27,101,19,0,0,131,131,1,0.0500,-1.000,-0.467
2913,borda,TRACKING,1,198,0,36,30,111,19,0,1,131,131,1,0.0625,-1.000,-0.467
2914,borda,TRACKING,1,201,0,30,31,119,20,0,0,131,131,1,0.0750,-1.000,-0.467
2915,borda,TRACKING,1,208,0,32,33,122,21,0,0,131,131,1,0.0875,-1.000,-0.467
2916,borda,TRACKING,1,204,0,30,31,122,21,0,0,131,131,1,0.1000,-1.000,-0.467
2917,borda,TRACKING,1,184,0,29,28,108,19,0,0,131,131,1,0.1125,-1.000,-0.467
2918,borda,TRACKING,1,175,0,27,28,101,18,0,0,131,131,1,0.1250,-1.000,-0.467
2919,borda,TRACKING,1,175,0,28,27,101,19,0,0,131,131,1,0.1375,-1.000,-0.467
2920,borda,TRACKING,1,195,0,30,30,114,21,0,0,131,131,1,0.1500,-1.000,-0.467
2921,borda,TRACKING,1,214,0,37,33,121,22,0,0,131,131,1,0.1625,-1.000,-0.467
2922,borda,TRACKING,1,209,0,32,32,122,22,0,0,131,131,1,0.1750,-1.000,-0.467
2923,borda,TRACKING,1,190,0,30,31,109,19,1,0,131,131,1,0.1875,-1.000,-0.467
2924,borda,TRACKING,1,178,0,27,27,105,19,0,0,131,131,1,0.2000,-1.000,-0.467
2925,borda,TRACKING,1,188,0,36,33,101,18,0,0,131,131,1,0.2062,-1.000,-0.467
2926,borda,TRACKING,1,174,0,27,27,101,19,0,0,131,131,1,0.2188,-1.000,-0.467
2927,borda,TRACKING,1,174,0,27,27,101,19,0,0,131,131,1,0.2313,-1.000,-0.467
2928,borda,TRACKING,1,166,0,25,26,96,18,0,0,131,131,1,0.2438,-1.000,-0.467
2929,borda,TRACKING,1,167,0,27,26,96,17,0,0,131,131,1,0.2562,-1.000,-0.467
2930,borda,TRACKING,1,163,0,25,26,95,17,0,0,131,131,1,0.2688,-1.000,-0.467
2931,borda,TRACKING,1,157,0,25,24,91,16,0,0,131,131,1,0.2812,-1.000,-0.467
2932,borda,TRACKING,1,152,0,25,25,86,16,0,0,131,131,1,0.2937,-1.000,-0.467
2933,borda,TRACKING,1,150,0,23,24,87,15,0,1,131,131,1,0.3063,-1.000,-0.467
2934,borda,TRACKING,1,154,0,23,24,91,16,0,0,131,131,1,0.3187,-1.000,-0.467
2935,borda,TRACKING,1,151,0,25,23,87,16,0,0,131,131,1,0.3313,-1.000,-0.467
2936,borda,TRACKING,1,149,0,24,23,87,15,0,0,131,131,1,0.3438,-1.000,-0.467
2937,borda,TRACKING,1,150,0,24,23,87,15,0,0,131,131,1,0.3562,-1.000,-0.467
2938,borda,TRACKING,1,149,0,23,23,87,16,0,0,131,131,1,0.3688,-1.000,-0.467
2939,borda,TRACKING,1,148,0,23,23,87,15,0,0,131,131,1,0.3812,-1.000,-0.467
2940,borda,TRACKING,1,143,0,22,23,82,16,0,0,131,131,1,0.3938,-1.000,-0.467
2941,borda,TRACKING,1,142,0,22,22,83,15,0,0,131,131,1,0.4062,-1.000,-0.467
2942,borda,TRACKING,1,143,0,22,22,82,15,0,0,131,131,1,0.4187,-1.000,-0.467
2943,borda,TRACKING,1,142,0,22,22,82,15,0,0,131,131,1,0.4313,-1.000,-0.467
2944,borda,TRACKING,1,155,0,27,25,87,16,0,0,131,131,1,0.4437,-1.000,-0.467
2945,borda,TRACKING,1,149,0,23,24,87,15,0,0,131,131,1,0.4563,-1.000,-0.467
2946,borda,TRACKING,1,152,0,23,23,90,16,0,0,131,131,1,0.4688,-1.000,-0.467
2947,borda,TRACKING,1,157,0,25,24,91,17,0,0,131,131,1,0.4812,-1.000,-0.467
2948,borda,TRACKING,1,171,0,25,26,101,18,0,0,131,131,1,0.4938,-1.000,-0.467
2949,borda,TRACKING,1,173,0,27,27,102,17,0,0,131,131,1,0.5063,-1.000,-0.467
2950,borda,TRACKING,1,174,0,27,27,102,18,0,0,131,131,1,0.5188,-1.000,-0.467
2951,borda,TRACKING,1,167,0,25,26,96,17,1,0,131,131,1,0.5312,-1.000,-0.467
2952,borda,TRACKING,1,158,0,25,24,91,18,0,0,131,131,1,0.5437,-1.000,-0.467
2953,borda,TRACKING,1,150,0,23,24,86,16,0,0,131,131,1,0.5562,-1.000,-0.467
2954,borda,TRACKING,1,150,0,24,23,86,16,0,0,131,131,1,0.5750,-1.000,-0.467
2955,borda,TRACKING,1,143,0,22,23,83,15,0,0,131,131,1,0.5875,-1.000,-0.467
2956,borda,TRACKING,1,143,0,23,22,83,15,0,0,131,131,1,0.6000,-1.000,-0.467
2957,borda,TRACKING,1,143,0,22,23,83,15,0,0,131,131,1,0.6125,-1.000,-0.467
2958,borda,TRACKING,1,145,0,23,23,83,16,0,0,131,131,1,0.6250,-1.000,-0.467
2959,borda,TRACKING,1,144,0,22,23,83,16,0,0,131,131,1,0.6375,-1.000,-0.467
2960,borda,TRACKING,1,148,0,23,22,86,16,1,0,129,131,1,0.6500,-1.000,-0.467
2961,borda,TRACKING,1,152,0,23,24,87,17,0,0,127,131,1,0.6625,-1.000,-0.467
2962,borda,TRACKING,1,157,0,24,23,90,18,0,0,125,131,1,0.6750,-1.000,-0.467
2963,borda,TRACKING,1,161,0,26,24,92,19,0,0,123,131,1,0.6875,-1.000,-0.467
2964,borda,TRACKING,1,162,0,26,24,93,18,0,0,121,131,1,0.7000,-1.000,-0.467
2965,borda,TRACKING,1,168,0,27,25,97,19,0,0,119,131,1,0.7125,-1.000,-0.467
2966,borda,TRACKING,1,164,0,27,24,93,19,0,0,117,131,1,0.7250,-1.000,-0.467
2967,borda,TRACKING,1,162,0,28,24,91,18,1,0,115,131,1,0.7375,-1.000,-0.467
2968,borda,TRACKING,1,167,0,28,26,93,19,1,0,113,131,1,0.7500,-1.000,-0.467
2969,borda,TRACKING,1,180,0,29,25,97,29,0,0,111,131,1,0.7625,-1.000,-0.467
2970,borda,TRACKING,1,167,0,29,24,94,19,0,1,109,131,1,0.7750,-1.000,-0.467
2971,borda,TRACKING,1,164,0,29,24,92,18,0,1,107,131,1,0.7875,-1.000,-0.467
2972,borda,TRACKING,1,159,0,28,24,88,18,0,0,105,131,1,0.8000,-1.000,-0.467
2973,borda,TRACKING,1,162,0,29,23,91,18,1,0,103,131,1,0.8125,-1.000,-0.467
2974,borda,TRACKING,1,168,0,30,25,93,20,0,0,101,131,1,0.8250,-1.000,-0.467
2975,borda,TRACKING,1,165,0,31,24,91,19,0,0,99,131,1,0.8375,-1.000,-0.467
2976,borda,TRACKING,1,162,0,29,24,90,18,0,1,97,131,1,0.8500,-1.000,-0.467
2977,borda,TRACKING,1,164,0,31,23,91,18,0,1,95,131,1,0.8625,-1.000,-0.467
2978,borda,TRACKING,1,161,0,30,23,88,18,0,0,93,131,1,0.8750,-1.000,-0.467
2979,borda,TRACKING,1,157,0,30,22,86,18,0,1,91,131,1,0.8750,-1.000,-0.467
2980,borda,TRACKING,1,174,0,33,24,96,19,0,0,94,131,1,0.8625,-1.000,-0.467
2981,borda,TRACKING,1,182,0,32,25,96,27,1,0,97,131,1,0.8500,-1.000,-0.467
2982,borda,TRACKING,1,195,0,36,27,110,21,0,1,100,131,1,0.8250,-1.000,-0.467
2983,borda,TRACKING,1,183,0,33,26,103,21,0,0,103,131,1,0.8000,-1.000,-0.467
2984,borda,TRACKING,1,173,0,31,26,95,20,0,0,106,131,1,0.7688,-1.000,-0.467
2985,borda,TRACKING,1,177,0,28,24,94,30,0,0,109,131,1,0.7437,-1.000,-0.467
2986,borda,TRACKING,1,166,0,29,25,92,19,0,0,112,131,1,0.7125,-1.000,-0.467
2987,borda,TRACKING,1,162,0,27,24,92,19,0,0,115,131,1,0.6812,-1.000,-0.467
2988,borda,TRACKING,1,166,0,27,24,95,19,0,0,118,131,1,0.6500,-1.000,-0.467
2989,borda,TRACKING,1,166,0,27,26,94,19,0,0,121,131,1,0.6187,-1.000,-0.467
2990,borda,TRACKING,1,163,0,26,25,93,19,0,0,124,131,1,0.5938,-1.000,-0.467
2991,borda,TRACKING,1,168,0,27,25,97,18,1,0,127,131,1,0.5625,-1.000,-0.467
2992,borda,TRACKING,1,167,0,26,25,96,19,0,1,130,131,1,0.5375,-1.000,-0.467
2993,borda,TRACKING,1,159,0,24,25,91,19,0,0,131,131,1,0.5125,-1.000,-0.467
2994,borda,TRACKING,1,159,0,25,25,91,18,0,0,131,131,1,0.4875,-1.000,-0.467
2995,borda,TRACKING,1,167,0,25,26,98,18,0,0,131,131,1,0.4625,-1.000,-0.467
2996,borda,TRACKING,1,151,0,24,23,87,17,0,0,131,131,1,0.4437,-1.000,-0.467
2997,borda,TRACKING,1,158,0,25,24,92,17,0,0,131,131,1,0.4187,-1.000,-0.467
2998,borda,TRACKING,1,167,0,26,26,96,18,0,1,131,131,1,0.4000,-1.000,-0.467
2999,borda,TRACKING,1,173,0,26,26,96,25,0,0,131,131,1,0.3812,-1.000,-0.467
3000,recalibracao,TRACKING,1,159,0,25,25,91,18,0,0,131,131,1,0.3625,-1.000,-0.467
3001,recalibracao,TRACKING,1,159,0,25,25,91,18,0,0,131,131,1,0.3438,-1.000,-0.467
3002,recalibracao,TRACKING,1,177,0,26,26,105,19,0,0,131,131,1,0.3250,-1.000,-0.467
3003,recalibracao,TRACKING,1,177,0,26,26,106,19,0,0,131,131,1,0.3063,-1.000,-0.467
3004,recalibracao,TRACKING,1,176,0,27,28,101,20,0,0,131,131,1,0.2875,-1.000,-0.467
3005,recalibracao,TRACKING,1,176,0,28,27,101,20,0,0,131,131,1,0.2688,-1.000,-0.467
3006,recalibracao,TRACKING,1,176,0,28,27,101,19,0,1,131,131,1,0.2500,-1.000,-0.467
3007,recalibracao,TRACKING,1,175,0,28,27,101,19,0,0,131,131,1,0.2313,-1.000,-0.467
3008,recalibracao,TRACKING,1,186,0,30,33,103,20,0,0,131,131,1,0.2125,-1.000,-0.467
3009,recalibracao,TRACKING,1,198,0,31,31,113,21,0,0,131,131,1,0.1937,-1.000,-0.467
3010,recalibracao,TRACKING,1,211,0,33,33,122,22,0,0,131,131,1,0.1750,-1.000,-0.467
3011,recalibracao,TRACKING,1,210,0,33,32,122,22,1,0,131,131,1,0.1562,-1.000,-0.467
3012,recalibracao,TRACKING,1,197,0,31,30,114,20,0,0,131,131,1,0.1375,-1.000,-0.467
3013,recalibracao,TRACKING,1,191,0,35,29,107,19,0,0,131,131,1,0.1187,-1.000,-0.467
3014,recalibracao,TRACKING,1,185,0,28,29,107,20,0,0,131,131,1,0.1000,-1.000,-0.467
3015,recalibracao,TRACKING,1,185,0,28,29,107,20,0,1,131,131,1,0.0812,-1.000,-0.467
3016,recalibracao,TRACKING,1,185,0,29,29,107,20,0,0,131,131,1,0.0625,-1.000,-0.467
3017,recalibracao,TRACKING,1,174,0,27,27,101,19,0,0,131,131,1,0.0437,-1.000,-0.467
3018,recalibracao,TRACKING,1,180,0,28,27,106,19,0,0,131,131,1,0.0312,-1.000,-0.467
3019,recalibracao,TRACKING,1,174,0,27,27,101,17,0,1,131,131,1,0.0125,-1.000,-0.467
3020,recalibracao,TRACKING,1,166,0,26,26,96,18,0,0,131,131,1,-0.0063,-1.000,-0.467
3021,recalibracao,TRACKING,1,165,0,26,26,96,17,0,0,131,131,1,-0.0250,-1.000,-0.467
3022,recalibracao,TRACKING,1,165,0,26,25,95,18,0,0,131,131,1,-0.0437,-1.000,-0.467
3023,recalibracao,TRACKING,1,164,0,26,26,96,16,0,0,131,131,1,-0.0625,-1.000,-0.467
3024,recalibracao,TRACKING,1,165,0,26,26,96,17,0,0,131,131,1,-0.0812,-1.000,-0.467
3025,recalibracao,TRACKING,1,164,0,26,25,96,17,0,0,131,131,1,-0.1000,-1.000,-0.467
3026,recalibracao,TRACKING,1,177,0,28,27,103,19,0,0,131,131,1,-0.1187,-1.000,-0.467
3027,recalibracao,TRACKING,1,196,0,29,28,108,31,0,0,131,131,1,-0.1375,-1.000,-0.467
3028,recalibracao,TRACKING,1,175,0,28,28,101,17,0,0,131,131,1,-0.1562,-1.000,-0.467
3029,recalibracao,TRACKING,1,178,0,30,28,102,18,0,0,131,131,1,-0.1750,-1.000,-0.467
3030,recalibracao,TRACKING,1,174,0,27,28,101,18,0,0,131,131,1,-0.1937,-1.000,-0.467
3031,recalibracao,TRACKING,1,166,0,26,26,96,17,0,1,131,131,1,-0.2125,-1.000,-0.467
3032,recalibracao,TRACKING,1,165,0,26,26,96,17,0,0,131,131,1,-0.2313,-1.000,-0.467
3033,recalibracao,TRACKING,1,161,0,25,26,93,17,0,0,131,131,1,-0.2500,-1.000,-0.467
3034,recalibracao,TRACKING,1,156,0,24,24,91,17,0,0,131,131,1,-0.2688,-1.000,-0.467
3035,recalibracao,TRACKING,1,156,0,24,25,91,16,0,0,131,131,1,-0.2875,-1.000,-0.467
3036,recalibracao,TRACKING,1,156,0,25,24,91,16,0,0,131,131,1,-0.3063,-1.000,-0.467
3037,recalibracao,TRACKING,1,157,0,24,25,91,16,1,0,131,131,1,-0.3250,-1.000,-0.467
3038,recalibracao,TRACKING,1,152,0,25,25,87,15,0,0,131,131,1,-0.3438,-1.000,-0.467
3039,recalibracao,TRACKING,1,157,0,25,25,91,16,0,0,131,131,1,-0.3688,-1.000,-0.467
3040,recalibracao,TRACKING,1,164,0,25,26,96,16,0,1,131,131,1,-0.3875,-1.000,-0.467
3041,recalibracao,TRACKING,1,174,0,27,28,101,17,0,1,131,131,1,-0.4062,-1.000,-0.467
3042,recalibracao,TRACKING,1,195,0,30,29,117,18,1,0,131,131,1,-0.4250,-1.000,-0.467
3043,recalibracao,TRACKING,1,183,0,28,28,108,18,0,0,131,131,1,-0.4437,-1.000,-0.467
3044,recalibracao,TRACKING,1,173,0,27,27,102,17,0,0,131,131,1,-0.4625,-1.000,-0.467
3045,recalibracao,TRACKING,1,163,0,25,25,96,16,0,0,131,131,1,-0.4812,-1.000,-0.467
3046,recalibracao,TRACKING,1,156,0,24,24,92,15,0,0,131,131,1,-0.5000,-1.000,-0.467
3047,recalibracao,TRACKING,1,157,0,25,24,92,16,0,0,131,131,1,-0.5188,-1.000,-0.467
3048,recalibracao,TRACKING,1,148,0,23,23,87,14,1,0,131,131,1,-0.5375,-1.000,-0.467
3049,recalibracao,TRACKING,1,148,0,23,24,87,14,0,0,131,131,1,-0.5562,-1.000,-0.467
3050,recalibracao,TRACKING,1,149,0,23,24,87,14,0,0,131,131,1,-0.5750,-1.000,-0.467
3051,recalibracao,TRACKING,1,149,0,24,23,87,15,0,0,131,131,1,-0.5938,-1.000,-0.467
3052,recalibracao,TRACKING,1,150,0,24,24,86,15,0,1,131,131,1,-0.6125,-1.000,-0.467
3053,recalibracao,TRACKING,1,149,0,23,23,87,14,0,1,131,131,1,-0.6313,-1.000,-0.467
3054,recalibracao,TRACKING,1,149,0,24,23,87,15,0,0,131,131,1,-0.6500,-1.000,-0.467
3055,recalibracao,TRACKING,1,148,0,23,23,87,15,0,0,131,131,1,-0.6687,-1.000,-0.467
3056,recalibracao,TRACKING,1,148,0,23,23,85,17,0,0,129,131,1,-0.6875,-1.000,-0.467
3057,recalibracao,TRACKING,1,150,0,24,22,87,16,0,1,126,131,1,-0.7063,-1.000,-0.467
3058,recalibracao,TRACKING,1,146,0,24,22,83,16,1,0,123,131,1,-0.7250,-1.000,-0.467
3059,recalibracao,TRACKING,1,135,0,23,21,76,15,0,0,120,131,1,-0.7375,-1.000,-0.467
3060,recalibracao,TRACKING,1,140,0,23,20,81,15,0,1,117,131,1,-0.7563,-1.000,-0.467
3061,recalibracao,TRACKING,1,136,0,23,20,77,16,0,0,114,131,1,-0.7750,-1.000,-0.467
3062,recalibracao,TRACKING,1,138,0,24,20,78,15,0,0,111,131,1,-0.7937,-1.000,-0.467
3063,recalibracao,TRACKING,1,130,0,22,22,71,15,0,0,108,131,1,-0.8125,-1.000,-0.467
3064,recalibracao,TRACKING,1,128,0,22,18,68,20,0,0,105,131,1,-0.8313,-1.000,-0.467
3065,recalibracao,TRACKING,1,124,0,23,18,69,14,0,0,102,131,1,-0.8500,-1.000,-0.467
3066,recalibracao,TRACKING,1,119,0,22,17,66,14,0,0,99,131,1,-0.8687,-1.000,-0.467
3067,recalibracao,TRACKING,1,116,0,23,17,62,14,0,0,96,131,1,-0.8875,-1.000,-0.467
3068,recalibracao,TRACKING,1,117,0,21,17,64,14,0,0,93,131,1,-0.9062,-1.000,-0.467
3069,recalibracao,TRACKING,1,115,0,22,16,63,14,0,0,92,131,1,-0.9125,-1.000,-0.467
3070,recalibracao,TRACKING,1,117,0,22,17,65,13,0,0,94,131,1,-0.9062,-1.000,-0.467
3071,recalibracao,TRACKING,1,115,0,22,17,62,14,0,0,96,131,1,-0.8938,-1.000,-0.467
3072,recalibracao,TRACKING,1,118,0,22,17,65,14,0,0,98,131,1,-0.8750,-1.000,-0.467
3073,recalibracao,TRACKING,1,121,0,22,17,67,14,0,0,100,131,1,-0.8500,-1.000,-0.467
3074,recalibracao,TRACKING,1,127,0,23,17,72,14,0,0,102,131,1,-0.8313,-1.000,-0.467
3075,recalibracao,TRACKING,1,122,0,23,18,67,14,0,0,104,131,1,-0.8062,-1.000,-0.467
3076,recalibracao,TRACKING,1,125,0,22,19,69,14,1,0,106,131,1,-0.7812,-1.000,-0.467
3077,recalibracao,TRACKING,1,128,0,22,18,72,15,0,0,108,131,1,-0.7563,-1.000,-0.467
3078,recalibracao,TRACKING,1,130,0,23,19,73,15,0,0,110,131,1,-0.7312,-1.000,-0.467
3079,recalibracao,TRACKING,1,128,0,22,20,71,15,0,0,112,131,1,-0.7063,-1.000,-0.467
3080,recalibracao,TRACKING,1,130,0,22,19,74,15,0,0,114,131,1,-0.6875,-1.000,-0.467
3081,recalibracao,TRACKING,1,134,0,23,20,75,15,0,1,116,131,1,-0.6687,-1.000,-0.467
3082,recalibracao,TRACKING,1,136,0,22,21,77,16,0,0,118,131,1,-0.6438,-1.000,-0.467
3083,recalibracao,TRACKING,1,135,0,23,20,76,16,0,0,120,131,1,-0.6250,-1.000,-0.467
3084,recalibracao,TRACKING,1,140,0,23,20,81,16,0,0,122,131,1,-0.6125,-1.000,-0.467
3085,recalibracao,TRACKING,1,140,0,22,21,81,15,0,0,124,131,1,-0.5938,-1.000,-0.467
3086,recalibracao,TRACKING,1,150,0,21,22,90,17,0,0,126,131,1,-0.5813,-1.000,-0.467
3087,recalibracao,TRACKING,1,142,0,22,21,79,19,0,0,128,131,1,-0.5625,-1.000,-0.467
3088,recalibracao,TRACKING,1,143,0,22,22,83,16,0,0,130,131,1,-0.5500,-1.000,-0.467
3089,recalibracao,TRACKING,1,145,0,22,22,83,17,0,0,131,131,1,-0.5375,-1.000,-0.467
3090,recalibracao,TRACKING,1,144,0,22,23,82,16,0,0,131,131,1,-0.5250,-1.000,-0.467
3091,recalibracao,TRACKING,1,145,0,22,22,83,16,0,0,131,131,1,-0.5125,-1.000,-0.467
3092,recalibracao,TRACKING,1,143,0,22,22,83,16,0,0,131,131,1,-0.5000,-1.000,-0.467
3093,recalibracao,TRACKING,1,143,0,22,22,83,15,0,0,131,131,1,-0.4875,-1.000,-0.467
3094,recalibracao,TRACKING,1,144,0,23,22,83,16,0,0,131,131,1,-0.4750,-1.000,-0.467
3095,recalibracao,TRACKING,1,143,0,22,22,83,16,0,0,131,131,1,-0.4625,-1.000,-0.467
3096,recalibracao,TRACKING,1,143,0,22,22,83,15,0,0,131,131,1,-0.4500,-1.000,-0.467
3097,recalibracao,TRACKING,1,145,0,24,22,83,16,0,0,131,131,1,-0.4375,-1.000,-0.467
3098,recalibracao,TRACKING,1,143,0,22,22,83,15,0,1,131,131,1,-0.4250,-1.000,-0.467
3099,recalibracao,TRACKING,1,146,0,22,22,84,17,0,0,131,131,1,-0.4125,-1.000,-0.467
3100,recalibracao,TRACKING,1,146,0,22,24,83,16,0,0,131,131,1,-0.4000,-1.000,-0.467
3101,recalibracao,TRACKING,1,147,0,26,22,83,16,0,0,131,131,1,-0.3875,-1.000,-0.467
3102,recalibracao,TRACKING,1,150,0,21,23,89,15,0,1,131,131,1,-0.3750,-1.000,-0.467
3103,recalibracao,TRACKING,1,149,0,22,22,83,22,0,0,131,131,1,-0.3625,-1.000,-0.467
3104,recalibracao,TRACKING,1,143,0,22,23,83,15,0,0,131,131,1,-0.3500,-1.000,-0.467
3105,recalibracao,TRACKING,1,143,0,22,22,83,16,0,0,131,131,1,-0.3375,-1.000,-0.467
3106,recalibracao,TRACKING,1,142,0,22,22,83,15,0,0,131,131,1,-0.3250,-1.000,-0.467
3107,recalibracao,TRACKING,1,144,0,22,22,83,16,1,0,131,131,1,-0.3187,-1.000,-0.467
3108,recalibracao,TRACKING,1,150,0,23,23,87,16,1,0,131,131,1,-0.3063,-1.000,-0.467
3109,recalibracao,TRACKING,1,143,0,22,23,82,15,0,0,131,131,1,-0.2937,-1.000,-0.467
3110,recalibracao,TRACKING,1,149,0,23,23,87,16,0,0,131,131,1,-0.2812,-1.000,-0.467
3111,recalibracao,TRACKING,1,151,0,24,23,87,16,0,1,131,131,1,-0.2688,-1.000,-0.467
3112,recalibracao,TRACKING,1,151,0,24,23,87,16,1,0,131,131,1,-0.2562,-1.000,-0.467
3113,recalibracao,TRACKING,1,151,0,24,24,86,17,0,0,131,131,1,-0.2438,-1.000,-0.467
3114,recalibracao,TRACKING,1,158,0,25,25,91,17,0,0,131,131,1,-0.2313,-1.000,-0.467
3115,recalibracao,TRACKING,1,166,0,25,26,96,17,0,1,131,131,1,-0.2188,-1.000,-0.467
3116,recalibracao,TRACKING,1,174,0,28,27,101,18,0,0,131,131,1,-0.2062,-1.000,-0.467
3117,recalibracao,TRACKING,1,174,0,27,27,101,19,0,0,131,131,1,-0.1937,-1.000,-0.467
3118,recalibracao,TRACKING,1,178,0,26,28,105,18,0,1,131,131,1,-0.1813,-1.000,-0.467
3119,recalibracao,TRACKING,1,176,0,27,27,102,20,0,0,131,131,1,-0.1688,-1.000,-0.467
3120,recalibracao,TRACKING,1,187,0,29,29,108,19,1,0,131,131,1,-0.1562,-1.000,-0.467
3121,recalibracao,TRACKING,1,191,0,30,29,111,19,1,0,131,131,1,-0.1437,-1.000,-0.467
3122,recalibracao,TRACKING,1,210,0,33,33,121,22,1,0,131,131,1,-0.1312,-1.000,-0.467
3123,recalibracao,TRACKING,1,225,0,36,35,130,24,0,0,131,131,1,-0.1187,-1.000,-0.467
3124,recalibracao,TRACKING,1,210,0,32,33,122,22,0,1,131,131,1,-0.1063,-1.000,-0.467
3125,recalibracao,TRACKING,1,210,0,33,32,121,23,0,0,131,131,1,-0.0938,-1.000,-0.467
3126,recalibracao,TRACKING,1,233,0,35,35,139,23,0,0,131,131,1,-0.0812,-1.000,-0.467
3127,recalibracao,TRACKING,1,211,0,34,32,122,22,1,0,131,131,1,-0.0688,-1.000,-0.467
3128,recalibracao,TRACKING,1,196,0,30,30,115,21,0,0,131,131,1,-0.0500,-1.000,-0.467
3129,recalibracao,TRACKING,1,191,0,29,29,113,20,0,0,131,131,1,-0.0375,-1.000,-0.467
3130,recalibracao,TRACKING,1,178,0,26,28,106,17,0,0,131,131,1,-0.0250,-1.000,-0.467
3131,recalibracao,TRACKING,1,174,0,27,28,101,17,0,0,131,131,1,-0.0125,-1.000,-0.467
3132,recalibracao,TRACKING,1,176,0,28,27,102,18,0,0,131,131,1,0.0000,-1.000,-0.467
3133,recalibracao,TRACKING,1,165,0,25,26,96,18,0,0,131,131,1,0.0125,-1.000,-0.467
3134,recalibracao,TRACKING,1,166,0,25,26,96,18,0,0,131,131,1,0.0250,-1.000,-0.467
3135,recalibracao,TRACKING,1,166,0,26,26,96,18,0,0,131,131,1,0.0375,-1.000,-0.467
3136,recalibracao,TRACKING,1,159,0,26,24,91,17,0,0,131,131,1,0.0500,-1.000,-0.467
3137,recalibracao,TRACKING,1,158,0,25,25,91,16,0,1,131,131,1,0.0625,-1.000,-0.467
3138,recalibracao,TRACKING,1,158,0,25,24,91,17,0,0,131,131,1,0.0750,-1.000,-0.467
3139,recalibracao,TRACKING,1,157,0,24,25,91,17,0,0,131,131,1,0.0875,-1.000,-0.467
3140,recalibracao,TRACKING,1,157,0,25,24,92,16,0,0,131,131,1,0.1000,-1.000,-0.467
3141,recalibracao,TRACKING,1,174,0,26,26,104,18,0,0,131,131,1,0.1125,-1.000,-0.467
3142,recalibracao,TRACKING,1,158,0,24,27,91,16,0,0,131,131,1,0.1250,-1.000,-0.467
3143,recalibracao,TRACKING,1,165,0,29,29,91,16,0,0,131,131,1,0.1375,-1.000,-0.467
3144,recalibracao,TRACKING,1,151,0,26,23,87,15,0,0,131,131,1,0.1500,-1.000,-0.467
3145,recalibracao,TRACKING,1,159,0,24,32,87,16,0,0,131,131,1,0.1625,-1.000,-0.467
3146,recalibracao,TRACKING,1,153,0,23,27,86,16,0,0,131,131,1,0.1750,-1.000,-0.467
3147,recalibracao,TRACKING,1,158,0,23,23,96,16,0,0,131,131,1,0.1875,-1.000,-0.467
3148,recalibracao,TRACKING,1,150,0,24,23,87,16,0,0,131,131,1,0.2000,-1.000,-0.467
3149,recalibracao,TRACKING,1,150,0,23,24,86,16,0,0,131,131,1,0.2062,-1.000,-0.467
3150,recalibracao,TRACKING,1,149,0,27,22,83,16,0,0,131,131,1,0.2188,-1.000,-0.467
3151,recalibracao,TRACKING,1,150,0,22,22,91,15,0,0,131,131,1,0.2313,-1.000,-0.467
3152,recalibracao,TRACKING,1,148,0,23,22,88,15,0,0,131,131,1,0.2438,-1.000,-0.467
3153,recalibracao,TRACKING,1,143,0,23,22,83,15,0,0,131,131,1,0.2562,-1.000,-0.467
3154,recalibracao,TRACKING,1,143,0,22,23,82,15,0,0,131,131,1,0.2688,-1.000,-0.467
3155,recalibracao,TRACKING,1,143,0,22,22,83,15,0,0,131,131,1,0.2812,-1.000,-0.467
3156,recalibracao,TRACKING,1,143,0,22,23,83,15,0,0,131,131,1,0.2937,-1.000,-0.467
3157,recalibracao,TRACKING,1,150,0,24,23,87,15,0,1,131,131,1,0.3063,-1.000,-0.467
3158,recalibracao,TRACKING,1,150,0,23,24,87,15,0,0,131,131,1,0.3187,-1.000,-0.467
3159,recalibracao,TRACKING,1,143,0,23,22,83,15,0,0,131,131,1,0.3313,-1.000,-0.467
3160,recalibracao,TRACKING,1,142,0,21,22,83,15,0,0,131,131,1,0.3438,-1.000,-0.467
3161,recalibracao,TRACKING,1,142,0,21,23,82,16,0,0,131,131,1,0.3562,-1.000,-0.467
3162,recalibracao,TRACKING,1,143,0,23,22,83,15,0,0,131,131,1,0.3688,-1.000,-0.467
3163,recalibracao,TRACKING,1,142,0,21,23,83,15,0,0,131,131,1,0.3812,-1.000,-0.467
3164,recalibracao,TRACKING,1,145,0,22,22,86,15,0,0,131,131,1,0.3938,-1.000,-0.467
3165,recalibracao,TRACKING,1,143,0,22,22,83,15,0,1,131,131,1,0.4062,-1.000,-0.467
3166,recalibracao,TRACKING,1,149,0,29,22,83,15,0,0,131,131,1,0.4187,-1.000,-0.467
3167,recalibracao,TRACKING,1,145,0,23,22,86,14,0,0,131,131,1,0.4313,-1.000,-0.467
3168,recalibracao,TRACKING,1,153,0,21,22,82,26,0,0,131,131,1,0.4437,-1.000,-0.467
3169,recalibracao,TRACKING,1,143,0,22,22,83,15,0,0,131,131,1,0.4563,-1.000,-0.467
3170,recalibracao,TRACKING,1,142,0,22,22,83,15,0,0,131,131,1,0.4688,-1.000,-0.467
3171,recalibracao,TRACKING,1,142,0,22,22,83,14,0,0,131,131,1,0.4812,-1.000,-0.467
3172,recalibracao,TRACKING,1,144,0,23,22,83,16,0,0,131,131,1,0.4938,-1.000,-0.467
3173,recalibracao,TRACKING,1,144,0,23,22,83,15,0,0,131,131,1,0.5063,-1.000,-0.467
3174,recalibracao,TRACKING,1,144,0,23,22,83,15,0,1,131,131,1,0.5188,-1.000,-0.467
3175,recalibracao,TRACKING,1,144,0,23,22,83,16,0,0,131,131,1,0.5312,-1.000,-0.467
3176,recalibracao,TRACKING,1,144,0,23,22,83,16,0,0,131,131,1,0.5437,-1.000,-0.467
3177,recalibracao,TRACKING,1,143,0,22,22,83,16,0,0,131,131,1,0.5562,-1.000,-0.467
3178,recalibracao,TRACKING,1,143,0,22,22,83,15,0,1,131,131,1,0.5750,-1.000,-0.467
3179,recalibracao,TRACKING,1,148,0,23,22,87,15,0,0,131,131,1,0.5875,-1.000,-0.467
3180,recalibracao,TRACKING,1,144,0,23,22,83,15,0,0,131,131,1,0.6000,-1.000,-0.467
3181,recalibracao,TRACKING,1,150,0,22,30,83,15,0,0,131,131,1,0.6125,-1.000,-0.467
3182,recalibracao,TRACKING,1,148,0,23,22,87,14,0,0,131,131,1,0.6250,-1.000,-0.467
3183,recalibracao,TRACKING,1,142,0,23,22,83,14,0,0,131,131,1,0.6375,-1.000,-0.467
3184,recalibracao,TRACKING,1,142,0,22,21,81,17,0,0,129,131,1,0.6500,-1.000,-0.467
3185,recalibracao,TRACKING,1,144,0,22,22,83,16,0,0,127,131,1,0.6625,-1.000,-0.467
3186,recalibracao,TRACKING,1,141,0,22,22,81,16,0,0,125,131,1,0.6750,-1.000,-0.467
3187,recalibracao,TRACKING,1,138,0,22,21,79,16,0,0,123,131,1,0.6875,-1.000,-0.467
3188,recalibracao,TRACKING,1,137,0,23,21,77,16,0,0,121,131,1,0.7000,-1.000,-0.467
3189,recalibracao,TRACKING,1,137,0,23,20,79,15,0,0,119,131,1,0.7125,-1.000,-0.467
3190,recalibracao,TRACKING,1,135,0,23,20,77,15,0,0,117,131,1,0.7250,-1.000,-0.467
3191,recalibracao,TRACKING,1,132,0,21,19,75,15,0,0,115,131,1,0.7375,-1.000,-0.467
3192,recalibracao,TRACKING,1,131,0,24,20,72,15,0,0,113,131,1,0.7500,-1.000,-0.467
3193,recalibracao,TRACKING,1,132,0,22,19,75,15,0,0,111,131,1,0.7625,-1.000,-0.467
3194,recalibracao,TRACKING,1,131,0,25,19,72,15,0,0,109,131,1,0.7750,-1.000,-0.467
3195,recalibracao,TRACKING,1,129,0,22,19,73,15,0,0,107,131,1,0.7875,-1.000,-0.467
3196,recalibracao,TRACKING,1,122,0,22,18,68,14,0,0,105,131,1,0.8000,-1.000,-0.467
3197,recalibracao,TRACKING,1,125,0,23,18,70,14,0,0,103,131,1,0.8125,-1.000,-0.467
3198,recalibracao,TRACKING,1,121,0,22,17,68,14,0,0,101,131,1,0.8250,-1.000,-0.467
3199,recalibracao,TRACKING,1,119,0,22,17,66,13,1,0,99,131,1,0.8375,-1.000,-0.467
3200,recalibracao,TRACKING,1,117,0,23,17,63,14,0,0,97,131,1,0.8500,-1.000,-0.467
3201,recalibracao,TRACKING,1,120,0,22,17,66,14,0,0,95,131,1,0.8625,-1.000,-0.467
3202,recalibracao,TRACKING,1,117,0,23,16,64,13,0,0,93,131,1,0.8750,-1.000,-0.467
3203,recalibracao,TRACKING,1,114,0,22,16,62,13,0,0,91,131,1,0.8750,-1.000,-0.467
3204,recalibracao,TRACKING,1,118,0,22,17,65,14,0,0,94,131,1,0.8625,-1.000,-0.467
3205,recalibracao,TRACKING,1,116,0,21,17,64,14,0,0,97,131,1,0.8500,-1.000,-0.467
3206,recalibracao,TRACKING,1,121,0,23,17,67,14,0,0,100,131,1,0.8250,-1.000,-0.467
3207,recalibracao,TRACKING,1,135,0,24,22,74,14,1,0,103,131,1,0.8000,-1.000,-0.467
3208,recalibracao,TRACKING,1,139,0,23,19,81,15,0,0,106,131,1,0.7688,-1.000,-0.467
3209,recalibracao,TRACKING,1,140,0,23,20,81,15,0,0,109,131,1,0.7437,-1.000,-0.467
3210,recalibracao,TRACKING,1,133,0,23,20,74,16,0,0,112,131,1,0.7125,-1.000,-0.467
3211,recalibracao,TRACKING,1,138,0,23,21,78,16,0,0,115,131,1,0.6812,-1.000,-0.467
3212,recalibracao,TRACKING,1,143,0,24,21,81,17,0,0,118,131,1,0.6500,-1.000,-0.467
3213,recalibracao,TRACKING,1,144,0,24,21,81,17,0,0,121,131,1,0.6187,-1.000,-0.467
3214,recalibracao,TRACKING,1,152,0,23,22,89,18,0,0,124,131,1,0.5938,-1.000,-0.467
3215,recalibracao,TRACKING,1,158,0,24,24,92,18,0,0,127,131,1,0.5625,-1.000,-0.467
3216,recalibracao,TRACKING,1,157,0,24,24,90,18,0,0,130,131,1,0.5375,-1.000,-0.467
3217,recalibracao,TRACKING,1,160,0,25,24,91,19,0,0,131,131,1,0.5125,-1.000,-0.467
3218,recalibracao,TRACKING,1,160,0,25,24,91,18,0,1,131,131,1,0.4875,-1.000,-0.467
3219,recalibracao,TRACKING,1,170,0,26,26,99,19,0,0,131,131,1,0.4625,-1.000,-0.467
3220,recalibracao,TRACKING,1,171,0,26,26,100,18,0,1,131,131,1,0.4437,-1.000,-0.467
3221,recalibracao,TRACKING,1,165,0,25,26,96,18,0,0,131,131,1,0.4187,-1.000,-0.467
3222,recalibracao,TRACKING,1,171,0,27,30,96,18,0,0,131,131,1,0.4000,-1.000,-0.467
3223,recalibracao,TRACKING,1,167,0,26,26,97,18,0,0,131,131,1,0.3812,-1.000,-0.467
3224,recalibracao,TRACKING,1,168,0,27,26,96,17,0,1,131,131,1,0.3625,-1.000,-0.467
3225,recalibracao,TRACKING,1,166,0,26,26,96,18,0,0,131,131,1,0.3438,-1.000,-0.467
3226,recalibracao,TRACKING,1,175,0,27,27,102,19,0,0,131,131,1,0.3250,-1.000,-0.467
3227,recalibracao,TRACKING,1,175,0,27,27,102,18,1,0,131,131,1,0.3063,-1.000,-0.467
3228,recalibracao,TRACKING,1,184,0,28,29,107,20,0,0,131,131,1,0.2875,-1.000,-0.467
3229,recalibracao,TRACKING,1,188,0,29,29,111,19,0,0,131,131,1,0.2688,-1.000,-0.467
3230,recalibracao,TRACKING,1,184,0,29,28,108,19,0,0,131,131,1,0.2500,-1.000,-0.467
3231,recalibracao,TRACKING,1,175,0,27,28,101,19,0,0,131,131,1,0.2313,-1.000,-0.467
3232,recalibracao,TRACKING,1,191,0,30,29,112,20,0,0,131,131,1,0.2125,-1.000,-0.467
3233,recalibracao,TRACKING,1,227,0,32,33,139,22,0,0,131,131,1,0.1937,-1.000,-0.467
3234,recalibracao,TRACKING,1,224,0,34,34,130,23,1,0,131,131,1,0.1750,-1.000,-0.467
3235,recalibracao,TRACKING,1,213,0,32,33,121,26,1,0,131,131,1,0.1562,-1.000,-0.467
3236,recalibracao,TRACKING,1,201,0,31,35,114,21,0,0,131,131,1,0.1375,-1.000,-0.467
3237,recalibracao,TRACKING,1,184,0,28,29,107,20,0,0,131,131,1,0.1187,-1.000,-0.467
3238,recalibracao,TRACKING,1,200,0,31,31,112,24,1,0,131,131,1,0.1000,-1.000,-0.467
3239,recalibracao,TRACKING,1,197,0,31,31,114,20,0,0,131,131,1,0.0812,-1.000,-0.467
3240,recalibracao,TRACKING,1,208,0,31,32,122,22,0,0,131,131,1,0.0625,-1.000,-0.467
3241,recalibracao,TRACKING,1,210,0,33,33,122,21,0,0,131,131,1,0.0437,-1.000,-0.467
3242,recalibracao,TRACKING,1,185,0,29,29,107,20,0,0,131,131,1,0.0312,-1.000,-0.467
3243,recalibracao,TRACKING,1,179,0,28,31,101,19,0,0,131,131,1,0.0125,-1.000,-0.467
3244,recalibracao,TRACKING,1,174,0,27,27,102,18,0,0,131,131,1,-0.0063,-1.000,-0.467
3245,recalibracao,TRACKING,1,166,0,26,26,96,17,1,0,131,131,1,-0.0250,-1.000,-0.467
3246,recalibracao,TRACKING,1,164,0,25,26,96,17,0,0,131,131,1,-0.0437,-1.000,-0.467
3247,recalibracao,TRACKING,1,166,0,27,25,96,18,0,0,131,131,1,-0.0625,-1.000,-0.467
3248,recalibracao,TRACKING,1,156,0,24,24,91,16,0,0,131,131,1,-0.0812,-1.000,-0.467
3249,recalibracao,TRACKING,1,155,0,24,24,91,16,0,0,131,131,1,-0.1000,-1.000,-0.467
3250,recalibracao,TRACKING,1,158,0,25,24,91,18,0,0,131,131,1,-0.1187,-1.000,-0.467
3251,recalibracao,TRACKING,1,156,0,24,25,91,15,1,0,131,131,1,-0.1375,-1.000,-0.467
3252,recalibracao,TRACKING,1,156,0,24,25,91,15,0,0,131,131,1,-0.1562,-1.000,-0.467
3253,recalibracao,TRACKING,1,155,0,24,25,91,15,0,0,131,131,1,-0.1750,-1.000,-0.467
3254,recalibracao,TRACKING,1,153,0,24,25,89,15,0,0,131,131,1,-0.1937,-1.000,-0.467
3255,recalibracao,TRACKING,1,148,0,24,23,86,15,0,0,131,131,1,-0.2125,-1.000,-0.467
3256,recalibracao,TRACKING,1,148,0,23,24,87,14,0,0,131,131,1,-0.2313,-1.000,-0.467
3257,recalibracao,TRACKING,1,149,0,24,23,87,15,0,0,131,131,1,-0.2500,-1.000,-0.467
3258,recalibracao,TRACKING,1,148,0,23,24,87,14,0,0,131,131,1,-0.2688,-1.000,-0.467
3259,recalibracao,TRACKING,1,148,0,23,24,86,15,0,0,131,131,1,-0.2875,-1.000,-0.467
3260,recalibracao,TRACKING,1,149,0,23,23,87,15,0,0,131,131,1,-0.3063,-1.000,-0.467
3261,recalibracao,TRACKING,1,148,0,23,23,87,14,0,0,131,131,1,-0.3250,-1.000,-0.467
3262,recalibracao,TRACKING,1,148,0,23,24,86,14,0,0,131,131,1,-0.3438,-1.000,-0.467
3263,recalibracao,TRACKING,1,142,0,23,22,83,13,0,0,131,131,1,-0.3688,-1.000,-0.467
3264,recalibracao,TRACKING,1,147,0,22,24,86,15,0,0,131,131,1,-0.3875,-1.000,-0.467
3265,recalibracao,TRACKING,1,142,0,23,22,83,14,0,0,131,131,1,-0.4062,-1.000,-0.467
3266,recalibracao,TRACKING,1,141,0,22,22,83,14,0,0,131,131,1,-0.4250,-1.000,-0.467
3267,recalibracao,TRACKING,1,141,0,22,22,83,14,0,0,131,131,1,-0.4437,-1.000,-0.467
3268,recalibracao,TRACKING,1,142,0,22,23,82,15,0,0,131,131,1,-0.4625,-1.000,-0.467
3269,recalibracao,TRACKING,1,142,0,22,23,82,14,0,0,131,131,1,-0.4812,-1.000,-0.467
3270,recalibracao,TRACKING,1,145,0,22,22,87,14,0,0,131,131,1,-0.5000,-1.000,-0.467
3271,recalibracao,TRACKING,1,145,0,23,22,86,14,0,0,131,131,1,-0.5188,-1.000,-0.467
3272,recalibracao,TRACKING,1,142,0,22,23,82,15,0,0,131,131,1,-0.5375,-1.000,-0.467
3273,recalibracao,TRACKING,1,141,0,22,22,83,14,0,0,131,131,1,-0.5562,-1.000,-0.467
3274,recalibracao,TRACKING,1,142,0,23,22,83,14,0,0,131,131,1,-0.5750,-1.000,-0.467
3275,recalibracao,TRACKING,1,141,0,21,23,82,14,0,1,131,131,1,-0.5938,-1.000,-0.467
3276,recalibracao,TRACKING,1,141,0,21,23,83,14,0,0,131,131,1,-0.6125,-1.000,-0.467
3277,recalibracao,TRACKING,1,141,0,22,22,83,14,0,0,131,131,1,-0.6313,-1.000,-0.467
3278,recalibracao,TRACKING,1,142,0,22,22,82,13,0,0,131,131,1,-0.6500,-1.000,-0.467
3279,recalibracao,TRACKING,1,142,0,23,22,83,14,0,0,131,131,1,-0.6687,-1.000,-0.467
3280,recalibracao,TRACKING,1,142,0,23,22,81,16,0,0,129,131,1,-0.6875,-1.000,-0.467
3281,recalibracao,TRACKING,1,142,0,22,22,82,16,0,0,126,131,1,-0.7063,-1.000,-0.467
3282,recalibracao,TRACKING,1,139,0,22,21,79,15,0,0,123,131,1,-0.7250,-1.000,-0.467
3283,recalibracao,TRACKING,1,134,0,22,21,76,15,0,0,120,131,1,-0.7375,-1.000,-0.467
3284,recalibracao,TRACKING,1,138,0,23,23,76,16,0,0,117,131,1,-0.7563,-1.000,-0.467
3285,recalibracao,TRACKING,1,134,0,22,20,73,19,0,0,114,131,1,-0.7750,-1.000,-0.467
3286,recalibracao,TRACKING,1,131,0,22,19,75,15,0,0,111,131,1,-0.7937,-1.000,-0.467
3287,recalibracao,TRACKING,1,127,0,21,19,72,14,0,0,108,131,1,-0.8125,-1.000,-0.467
3288,recalibracao,TRACKING,1,123,0,22,18,68,15,0,0,105,131,1,-0.8313,-1.000,-0.467
3289,recalibracao,TRACKING,1,123,0,22,18,69,14,0,0,102,131,1,-0.8500,-1.000,-0.467
3290,recalibracao,TRACKING,1,120,0,23,17,66,14,0,0,99,131,1,-0.8687,-1.000,-0.467
3291,recalibracao,TRACKING,1,115,0,22,17,62,14,0,0,96,131,1,-0.8875,-1.000,-0.467
3292,recalibracao,TRACKING,1,117,0,22,17,64,13,0,0,93,131,1,-0.9062,-1.000,-0.467
3293,recalibracao,TRACKING,1,116,0,22,16,63,14,0,0,92,131,1,-0.9125,-1.000,-0.467
3294,recalibracao,TRACKING,1,118,0,23,16,66,13,0,0,94,131,1,-0.9062,-1.000,-0.467
3295,recalibracao,TRACKING,1,115,0,22,17,62,14,0,0,96,131,1,-0.8938,-1.000,-0.467
3296,recalibracao,TRACKING,1,123,0,22,17,69,14,1,0,98,131,1,-0.8750,-1.000,-0.467
3297,recalibracao,TRACKING,1,122,0,22,18,67,14,0,0,100,131,1,-0.8500,-1.000,-0.467
3298,recalibracao,TRACKING,1,123,0,22,18,69,14,0,0,102,131,1,-0.8313,-1.000,-0.467
3299,recalibracao,TRACKING,1,123,0,22,18,68,15,0,0,104,131,1,-0.8062,-1.000,-0.467
3300,recalibracao,TRACKING,1,130,0,23,19,73,15,0,0,106,131,1,-0.7812,-1.000,-0.467
3301,recalibracao,TRACKING,1,135,0,23,20,76,15,0,1,108,131,1,-0.7563,-1.000,-0.467
3302,recalibracao,TRACKING,1,136,0,24,19,78,15,0,0,110,131,1,-0.7312,-1.000,-0.467
3303,recalibracao,TRACKING,1,134,0,24,20,75,15,0,0,112,131,1,-0.7063,-1.000,-0.467
3304,recalibracao,TRACKING,1,138,0,24,21,77,16,0,0,114,131,1,-0.6875,-1.000,-0.467
3305,recalibracao,TRACKING,1,139,0,23,21,79,16,0,0,116,131,1,-0.6687,-1.000,-0.467
3306,recalibracao,TRACKING,1,142,0,23,22,81,16,0,0,118,131,1,-0.6438,-1.000,-0.467
3307,recalibracao,TRACKING,1,141,0,24,21,80,16,0,0,120,131,1,-0.6250,-1.000,-0.467
3308,recalibracao,TRACKING,1,144,0,23,22,82,17,0,0,122,131,1,-0.6125,-1.000,-0.467
3309,recalibracao,TRACKING,1,147,0,24,22,84,17,0,0,124,131,1,-0.5938,-1.000,-0.467
3310,recalibracao,TRACKING,1,149,0,24,22,86,17,0,0,126,131,1,-0.5813,-1.000,-0.467
3311,recalibracao,TRACKING,1,147,0,23,23,83,17,0,1,128,131,1,-0.5625,-1.000,-0.467
3312,recalibracao,TRACKING,1,150,0,24,23,86,17,0,0,130,131,1,-0.5500,-1.000,-0.467
3313,recalibracao,TRACKING,1,152,0,24,23,88,17,0,0,131,131,1,-0.5375,-1.000,-0.467
3314,recalibracao,TRACKING,1,151,0,23,24,86,18,0,0,131,131,1,-0.5250,-1.000,-0.467
3315,recalibracao,TRACKING,1,151,0,24,23,87,17,0,0,131,131,1,-0.5125,-1.000,-0.467
3316,recalibracao,TRACKING,1,150,0,23,24,86,17,0,0,131,131,1,-0.5000,-1.000,-0.467
3317,recalibracao,TRACKING,1,150,0,24,23,87,16,0,0,131,131,1,-0.4875,-1.000,-0.467
3318,recalibracao,TRACKING,1,150,0,24,23,87,16,0,0,131,131,1,-0.4750,-1.000,-0.467
3319,recalibracao,TRACKING,1,150,0,24,23,87,15,0,1,131,131,1,-0.4625,-1.000,-0.467
3320,recalibracao,TRACKING,1,150,0,23,23,87,16,1,0,131,131,1,-0.4500,-1.000,-0.467
3321,recalibracao,TRACKING,1,150,0,24,23,87,16,0,0,131,131,1,-0.4375,-1.000,-0.467
3322,recalibracao,TRACKING,1,150,0,24,24,86,16,0,0,131,131,1,-0.4250,-1.000,-0.467
3323,recalibracao,TRACKING,1,149,0,24,23,87,15,0,0,131,131,1,-0.4125,-1.000,-0.467
3324,recalibracao,TRACKING,1,150,0,23,24,86,17,0,0,131,131,1,-0.4000,-1.000,-0.467
3325,recalibracao,TRACKING,1,146,0,25,22,83,16,0,0,131,131,1,-0.3875,-1.000,-0.467
3326,recalibracao,TRACKING,1,146,0,23,22,86,15,0,0,131,131,1,-0.3750,-1.000,-0.467
3327,recalibracao,TRACKING,1,143,0,22,22,83,15,0,0,131,131,1,-0.3625,-1.000,-0.467
3328,recalibracao,TRACKING,1,143,0,23,22,83,15,0,0,131,131,1,-0.3500,-1.000,-0.467
3329,recalibracao,TRACKING,1,143,0,22,22,83,15,0,0,131,131,1,-0.3375,-1.000,-0.467
3330,recalibracao,TRACKING,1,143,0,23,22,83,15,0,0,131,131,1,-0.3250,-1.000,-0.467
3331,recalibracao,TRACKING,1,142,0,22,23,82,15,0,0,131,131,1,-0.3187,-1.000,-0.467
3332,recalibracao,TRACKING,1,143,0,23,22,83,14,0,1,131,131,1,-0.3063,-1.000,-0.467
3333,recalibracao,TRACKING,1,142,0,22,22,83,14,0,0,131,131,1,-0.2937,-1.000,-0.467
3334,recalibracao,TRACKING,1,144,0,23,22,83,16,0,0,131,131,1,-0.2812,-1.000,-0.467
3335,recalibracao,TRACKING,1,144,0,23,22,83,16,0,0,131,131,1,-0.2688,-1.000,-0.467
3336,recalibracao,TRACKING,1,147,0,23,26,83,15,0,0,131,131,1,-0.2562,-1.000,-0.467
3337,recalibracao,TRACKING,1,151,0,23,24,87,16,0,0,131,131,1,-0.2438,-1.000,-0.467
3338,recalibracao,TRACKING,1,159,0,26,24,91,16,0,1,131,131,1,-0.2313,-1.000,-0.467
3339,recalibracao,TRACKING,1,165,0,25,26,96,18,0,0,131,131,1,-0.2188,-1.000,-0.467
3340,recalibracao,TRACKING,1,174,0,26,27,102,18,0,1,131,131,1,-0.2062,-1.000,-0.467
3341,recalibracao,TRACKING,1,174,0,27,28,101,18,0,0,131,131,1,-0.1937,-1.000,-0.467
3342,recalibracao,TRACKING,1,175,0,27,27,102,18,0,1,131,131,1,-0.1813,-1.000,-0.467
3343,recalibracao,TRACKING,1,187,0,28,31,108,20,0,0,131,131,1,-0.1688,-1.000,-0.467
3344,recalibracao,TRACKING,1,205,0,35,31,114,25,0,0,131,131,1,-0.1562,-1.000,-0.467
3345,recalibracao,TRACKING,1,218,0,34,40,122,21,0,0,131,131,1,-0.1437,-1.000,-0.467
3346,recalibracao,TRACKING,1,209,0,32,33,122,21,1,0,131,131,1,-0.1312,-1.000,-0.467
3347,recalibracao,TRACKING,1,209,0,33,33,121,22,0,0,131,131,1,-0.1187,-1.000,-0.467
3348,recalibracao,TRACKING,1,196,0,30,30,114,21,0,0,131,131,1,-0.1063,-1.000,-0.467
3349,recalibracao,TRACKING,1,184,0,29,29,107,19,0,0,131,131,1,-0.0938,-1.000,-0.467
3350,recalibracao,TRACKING,1,185,0,29,29,107,20,0,0,131,131,1,-0.0812,-1.000,-0.467
3351,recalibracao,TRACKING,1,188,0,29,32,106,20,0,0,131,131,1,-0.0688,-1.000,-0.467
3352,recalibracao,TRACKING,1,186,0,30,29,107,20,0,0,131,131,1,-0.0500,-1.000,-0.467
3353,recalibracao,TRACKING,1,184,0,29,29,107,19,0,0,131,131,1,-0.0375,-1.000,-0.467
3354,recalibracao,TRACKING,1,185,0,29,29,107,20,0,0,131,131,1,-0.0250,-1.000,-0.467
3355,recalibracao,TRACKING,1,196,0,31,30,114,21,0,0,131,131,1,-0.0125,-1.000,-0.467
3356,recalibracao,TRACKING,1,210,0,33,33,121,22,1,0,131,131,1,0.0000,-1.000,-0.467
3357,recalibracao,TRACKING,1,209,0,33,32,122,22,0,0,131,131,1,0.0125,-1.000,-0.467
3358,recalibracao,TRACKING,1,202,0,32,30,114,25,0,1,131,131,1,0.0250,-1.000,-0.467
3359,recalibracao,TRACKING,1,195,0,31,30,114,19,0,1,131,131,1,0.0375,-1.000,-0.467
3360,recalibracao,TRACKING,1,185,0,29,28,107,19,0,0,131,131,1,0.0500,-1.000,-0.467
3361,recalibracao,TRACKING,1,183,0,28,29,107,19,0,0,131,131,1,0.0625,-1.000,-0.467
3362,recalibracao,TRACKING,1,184,0,29,29,107,19,0,0,131,131,1,0.0750,-1.000,-0.467
3363,recalibracao,TRACKING,1,188,0,29,32,107,20,0,0,131,131,1,0.0875,-1.000,-0.467
3364,recalibracao,TRACKING,1,185,0,29,29,107,20,0,0,131,131,1,0.1000,-1.000,-0.467
3365,recalibracao,TRACKING,1,183,0,29,28,108,17,0,1,131,131,1,0.1125,-1.000,-0.467
3366,recalibracao,TRACKING,1,185,0,29,29,107,19,0,1,131,131,1,0.1250,-1.000,-0.467
3367,recalibracao,TRACKING,1,185,0,29,29,107,19,0,0,131,131,1,0.1375,-1.000,-0.467
3368,recalibracao,TRACKING,1,178,0,27,31,102,18,0,0,131,131,1,0.1500,-1.000,-0.467
3369,recalibracao,TRACKING,1,175,0,28,27,101,18,1,0,131,131,1,0.1625,-1.000,-0.467
3370,recalibracao,TRACKING,1,174,0,27,27,102,18,0,0,131,131,1,0.1750,-1.000,-0.467
3371,recalibracao,TRACKING,1,174,0,27,28,101,17,1,0,131,131,1,0.1875,-1.000,-0.467
3372,recalibracao,TRACKING,1,177,0,27,27,103,19,0,0,131,131,1,0.2000,-1.000,-0.467
3373,recalibracao,TRACKING,1,197,0,31,31,114,20,0,0,131,131,1,0.2062,-1.000,-0.467
3374,recalibracao,TRACKING,1,209,0,32,33,121,22,0,1,131,131,1,0.2188,-1.000,-0.467
3375,recalibracao,TRACKING,1,224,0,35,35,130,24,0,0,131,131,1,0.2313,-1.000,-0.467
3376,recalibracao,TRACKING,1,214,0,32,32,126,22,0,0,131,131,1,0.2438,-1.000,-0.467
3377,recalibracao,TRACKING,1,195,0,31,30,114,19,0,0,131,131,1,0.2562,-1.000,-0.467
3378,recalibracao,TRACKING,1,184,0,29,29,107,19,0,0,131,131,1,0.2688,-1.000,-0.467
3379,recalibracao,TRACKING,1,169,0,27,27,98,17,0,0,131,131,1,0.2812,-1.000,-0.467
3380,recalibracao,TRACKING,1,165,0,26,26,95,18,0,0,131,131,1,0.2937,-1.000,-0.467
3381,recalibracao,TRACKING,1,165,0,26,25,96,18,0,0,131,131,1,0.3063,-1.000,-0.467
3382,recalibracao,TRACKING,1,157,0,24,24,91,16,0,0,131,131,1,0.3187,-1.000,-0.467
3383,recalibracao,TRACKING,1,160,0,24,24,91,20,0,1,131,131,1,0.3313,-1.000,-0.467
3384,recalibracao,TRACKING,1,161,0,24,24,96,16,0,0,131,131,1,0.3438,-1.000,-0.467
3385,recalibracao,TRACKING,1,156,0,23,24,92,16,0,0,131,131,1,0.3562,-1.000,-0.467
3386,recalibracao,TRACKING,1,155,0,24,23,87,21,0,0,131,131,1,0.3688,-1.000,-0.467
3387,recalibracao,TRACKING,1,156,0,24,25,91,16,0,0,131,131,1,0.3812,-1.000,-0.467
3388,recalibracao,TRACKING,1,159,0,24,24,94,16,0,0,131,131,1,0.3938,-1.000,-0.467
3389,recalibracao,TRACKING,1,162,0,25,24,96,17,0,0,131,131,1,0.4062,-1.000,-0.467
3390,recalibracao,TRACKING,1,162,0,25,24,95,16,0,0,131,131,1,0.4187,-1.000,-0.467
3391,recalibracao,TRACKING,1,160,0,24,25,94,17,0,0,131,131,1,0.4313,-1.000,-0.467
3392,recalibracao,TRACKING,1,162,0,25,29,91,17,0,0,131,131,1,0.4437,-1.000,-0.467
3393,recalibracao,TRACKING,1,163,0,25,28,92,17,0,0,131,131,1,0.4563,-1.000,-0.467
3394,recalibracao,TRACKING,1,158,0,25,25,91,17,0,0,131,131,1,0.4688,-1.000,-0.467
3395,recalibracao,TRACKING,1,158,0,25,25,91,17,0,0,131,131,1,0.4812,-1.000,-0.467
3396,recalibracao,TRACKING,1,157,0,24,25,91,17,0,0,131,131,1,0.4938,-1.000,-0.467
3397,recalibracao,TRACKING,1,166,0,26,26,96,18,0,0,131,131,1,0.5063,-1.000,-0.467
3398,recalibracao,TRACKING,1,166,0,27,25,96,16,0,1,131,131,1,0.5188,-1.000,-0.467
3399,recalibracao,TRACKING,1,166,0,25,26,96,17,0,0,131,131,1,0.5312,-1.000,-0.467
3400,recalibracao,TRACKING,1,166,0,26,26,96,17,0,0,131,131,1,0.5437,-1.000,-0.467
3401,recalibracao,TRACKING,1,158,0,25,24,92,17,0,0,131,131,1,0.5562,-1.000,-0.467
3402,recalibracao,TRACKING,1,158,0,25,25,91,17,0,0,131,131,1,0.5750,-1.000,-0.467
3403,recalibracao,TRACKING,1,157,0,25,24,91,17,0,0,131,131,1,0.5875,-1.000,-0.467
3404,recalibracao,TRACKING,1,156,0,24,24,91,17,0,0,131,131,1,0.6000,-1.000,-0.467
3405,recalibracao,TRACKING,1,157,0,25,24,91,17,0,0,131,131,1,0.6125,-1.000,-0.467
3406,recalibracao,TRACKING,1,157,0,25,24,91,16,0,0,131,131,1,0.6250,-1.000,-0.467
3407,recalibracao,TRACKING,1,156,0,25,24,91,16,0,0,131,131,1,0.6375,-1.000,-0.467
3408,recalibracao,TRACKING,1,156,0,25,24,89,18,0,0,129,131,1,0.6500,-1.000,-0.467
3409,recalibracao,TRACKING,1,158,0,24,24,92,17,1,0,127,131,1,0.6625,-1.000,-0.467
3410,recalibracao,TRACKING,1,156,0,25,23,90,17,1,0,125,131,1,0.6750,-1.000,-0.467
3411,recalibracao,TRACKING,1,153,0,25,24,86,18,0,0,123,131,1,0.6875,-1.000,-0.467
3412,recalibracao,TRACKING,1,142,0,23,22,81,16,0,0,121,131,1,0.7000,-1.000,-0.467
3413,recalibracao,TRACKING,1,145,0,23,21,84,16,0,0,119,131,1,0.7125,-1.000,-0.467
3414,recalibracao,TRACKING,1,140,0,23,21,80,16,0,0,117,131,1,0.7250,-1.000,-0.467
3415,recalibracao,TRACKING,1,137,0,23,21,77,16,0,0,115,131,1,0.7375,-1.000,-0.467
3416,recalibracao,TRACKING,1,135,0,23,20,76,15,0,0,113,131,1,0.7500,-1.000,-0.467
3417,recalibracao,TRACKING,1,139,0,24,20,79,15,0,0,111,131,1,0.7625,-1.000,-0.467
3418,recalibracao,TRACKING,1,134,0,23,20,76,15,0,0,109,131,1,0.7750,-1.000,-0.467
3419,recalibracao,TRACKING,1,133,0,24,19,74,15,0,1,107,131,1,0.7875,-1.000,-0.467
3420,recalibracao,TRACKING,1,129,0,23,19,72,14,0,1,105,131,1,0.8000,-1.000,-0.467
3421,recalibracao,TRACKING,1,124,0,22,18,70,14,0,0,103,131,1,0.8125,-1.000,-0.467
3422,recalibracao,TRACKING,1,123,0,22,19,68,14,0,0,101,131,1,0.8250,-1.000,-0.467
3423,recalibracao,TRACKING,1,120,0,23,17,66,13,0,0,99,131,1,0.8375,-1.000,-0.467
3424,recalibracao,TRACKING,1,122,0,24,18,66,14,0,0,97,131,1,0.8500,-1.000,-0.467
3425,recalibracao,TRACKING,1,131,0,25,18,73,15,0,0,95,131,1,0.8625,-1.000,-0.467
3426,recalibracao,TRACKING,1,138,0,25,19,79,15,0,0,93,131,1,0.8750,-1.000,-0.467
3427,recalibracao,TRACKING,1,143,0,28,23,76,16,0,0,91,131,1,0.8750,-1.000,-0.467
3428,recalibracao,TRACKING,1,148,0,28,20,84,16,0,0,94,131,1,0.8625,-1.000,-0.467
3429,recalibracao,TRACKING,1,142,0,27,21,77,17,0,0,97,131,1,0.8500,-1.000,-0.467
3430,recalibracao,TRACKING,1,148,0,28,21,82,16,1,0,100,131,1,0.8250,-1.000,-0.467
3431,recalibracao,TRACKING,1,161,0,29,23,90,18,0,0,103,131,1,0.8000,-1.000,-0.467
3432,recalibracao,TRACKING,1,183,0,32,27,102,22,0,0,106,131,1,0.7688,-1.000,-0.467
3433,recalibracao,TRACKING,1,204,0,35,30,115,24,0,0,109,131,1,0.7437,-1.000,-0.467
3434,recalibracao,TRACKING,1,195,0,35,31,107,22,0,0,112,131,1,0.7125,-1.000,-0.467
3435,recalibracao,TRACKING,1,187,0,31,28,107,21,0,0,115,131,1,0.6812,-1.000,-0.467
3436,recalibracao,TRACKING,1,177,0,30,26,100,20,0,0,118,131,1,0.6500,-1.000,-0.467
3437,recalibracao,TRACKING,1,176,0,29,27,99,21,0,0,121,131,1,0.6187,-1.000,-0.467
3438,recalibracao,TRACKING,1,172,0,27,26,99,20,0,0,124,131,1,0.5938,-1.000,-0.467
3439,recalibracao,TRACKING,1,187,0,29,28,108,21,1,0,127,131,1,0.5625,-1.000,-0.467
3440,recalibracao,TRACKING,1,190,0,29,29,111,21,0,0,130,131,1,0.5375,-1.000,-0.467
3441,recalibracao,TRACKING,1,190,0,29,29,108,22,1,0,131,131,1,0.5125,-1.000,-0.467
3442,recalibracao,TRACKING,1,187,0,29,29,107,22,0,0,131,131,1,0.4875,-1.000,-0.467
3443,recalibracao,TRACKING,1,186,0,28,29,107,21,0,0,131,131,1,0.4625,-1.000,-0.467
3444,recalibracao,TRACKING,1,207,0,32,31,114,29,0,1,131,131,1,0.4437,-1.000,-0.467
3445,recalibracao,TRACKING,1,210,0,32,33,122,23,0,0,131,131,1,0.4187,-1.000,-0.467
3446,recalibracao,TRACKING,1,239,0,36,36,140,27,0,0,131,131,1,0.4000,-1.000,-0.467
3447,recalibracao,TRACKING,1,245,0,41,38,140,26,0,0,131,131,1,0.3812,-1.000,-0.467
3448,recalibracao,TRACKING,1,221,0,35,35,128,23,0,0,131,131,1,0.3625,-1.000,-0.467
3449,recalibracao,TRACKING,1,201,0,35,31,114,21,0,0,131,131,1,0.3438,-1.000,-0.467
3450,recalibracao,TRACKING,1,186,0,29,29,107,20,0,0,131,131,1,0.3250,-1.000,-0.467
3451,recalibracao,TRACKING,1,184,0,28,29,107,20,0,0,131,131,1,0.3063,-1.000,-0.467
3452,recalibracao,TRACKING,1,182,0,29,29,105,19,0,0,131,131,1,0.2875,-1.000,-0.467
3453,recalibracao,TRACKING,1,174,0,27,27,101,19,0,0,131,131,1,0.2688,-1.000,-0.467
3454,recalibracao,TRACKING,1,178,0,27,27,106,18,0,0,131,131,1,0.2500,-1.000,-0.467
3455,recalibracao,TRACKING,1,165,0,25,26,96,18,0,0,131,131,1,0.2313,-1.000,-0.467
3456,recalibracao,TRACKING,1,165,0,26,25,96,17,1,0,131,131,1,0.2125,-1.000,-0.467
3457,recalibracao,TRACKING,1,168,0,28,26,96,17,0,1,131,131,1,0.1937,-1.000,-0.467
3458,recalibracao,TRACKING,1,165,0,26,25,96,18,0,0,131,131,1,0.1750,-1.000,-0.467
3459,recalibracao,TRACKING,1,173,0,26,27,102,18,0,0,131,131,1,0.1562,-1.000,-0.467
3460,recalibracao,TRACKING,1,184,0,28,28,108,19,0,0,131,131,1,0.1375,-1.000,-0.467
3461,recalibracao,TRACKING,1,175,0,27,28,101,18,0,1,131,131,1,0.1187,-1.000,-0.467
3462,recalibracao,TRACKING,1,178,0,27,27,106,18,0,0,131,131,1,0.1000,-1.000,-0.467
3463,recalibracao,TRACKING,1,165,0,25,26,96,17,1,0,131,131,1,0.0812,-1.000,-0.467
3464,recalibracao,TRACKING,1,166,0,26,26,96,17,0,1,131,131,1,0.0625,-1.000,-0.467
3465,recalibracao,TRACKING,1,165,0,26,25,96,18,0,0,131,131,1,0.0437,-1.000,-0.467
3466,recalibracao,TRACKING,1,165,0,26,26,96,17,0,0,131,131,1,0.0312,-1.000,-0.467
3467,recalibracao,TRACKING,1,165,0,26,26,95,18,0,0,131,131,1,0.0125,-1.000,-0.467
3468,recalibracao,TRACKING,1,157,0,25,25,91,15,1,0,131,131,1,-0.0063,-1.000,-0.467
3469,recalibracao,TRACKING,1,156,0,24,25,91,16,0,0,131,131,1,-0.0250,-1.000,-0.467
3470,recalibracao,TRACKING,1,157,0,24,25,91,16,1,0,131,131,1,-0.0437,-1.000,-0.467
3471,recalibracao,TRACKING,1,151,0,24,23,87,17,0,0,131,131,1,-0.0625,-1.000,-0.467
3472,recalibracao,TRACKING,1,157,0,25,24,92,16,0,0,131,131,1,-0.0812,-1.000,-0.467
3473,recalibracao,TRACKING,1,149,0,24,23,87,15,0,0,131,131,1,-0.1000,-1.000,-0.467
3474,recalibracao,TRACKING,1,149,0,23,23,87,16,0,0,131,131,1,-0.1187,-1.000,-0.467
3475,recalibracao,TRACKING,1,157,0,24,25,91,16,1,0,131,131,1,-0.1375,-1.000,-0.467
3476,recalibracao,TRACKING,1,165,0,26,26,96,17,0,0,131,131,1,-0.1562,-1.000,-0.467
3477,recalibracao,TRACKING,1,176,0,27,28,101,19,0,1,131,131,1,-0.1750,-1.000,-0.467
3478,recalibracao,TRACKING,1,184,0,28,29,107,20,0,0,131,131,1,-0.1937,-1.000,-0.467
3479,recalibracao,TRACKING,1,187,0,29,29,110,19,0,0,131,131,1,-0.2125,-1.000,-0.467
3480,recalibracao,TRACKING,1,179,0,27,27,105,19,0,0,131,131,1,-0.2313,-1.000,-0.467
3481,recalibracao,TRACKING,1,166,0,26,26,96,18,0,0,131,131,1,-0.2500,-1.000,-0.467
3482,recalibracao,TRACKING,1,166,0,26,26,96,18,0,0,131,131,1,-0.2688,-1.000,-0.467
3483,recalibracao,TRACKING,1,157,0,24,25,91,16,0,0,131,131,1,-0.2875,-1.000,-0.467
3484,recalibracao,TRACKING,1,161,0,25,25,94,16,1,0,131,131,1,-0.3063,-1.000,-0.467
3485,recalibracao,TRACKING,1,159,0,25,25,91,17,0,0,131,131,1,-0.3250,-1.000,-0.467
3486,recalibracao,TRACKING,1,165,0,26,26,96,17,0,0,131,131,1,-0.3438,-1.000,-0.467
3487,recalibracao,TRACKING,1,176,0,28,27,101,20,0,0,131,131,1,-0.3688,-1.000,-0.467
3488,recalibracao,TRACKING,1,185,0,29,29,107,20,0,0,131,131,1,-0.3875,-1.000,-0.467
3489,recalibracao,TRACKING,1,188,0,32,29,107,20,0,0,131,131,1,-0.4062,-1.000,-0.467
3490,recalibracao,TRACKING,1,186,0,30,29,107,19,0,1,131,131,1,-0.4250,-1.000,-0.467
3491,recalibracao,TRACKING,1,175,0,28,27,101,18,1,0,131,131,1,-0.4437,-1.000,-0.467
3492,recalibracao,TRACKING,1,175,0,27,28,101,19,0,0,131,131,1,-0.4625,-1.000,-0.467
3493,recalibracao,TRACKING,1,175,0,27,27,101,19,0,0,131,131,1,-0.4812,-1.000,-0.467
3494,recalibracao,TRACKING,1,166,0,25,27,97,17,0,0,131,131,1,-0.5000,-1.000,-0.467
3495,recalibracao,TRACKING,1,175,0,27,28,102,18,0,0,131,131,1,-0.5188,-1.000,-0.467
3496,recalibracao,TRACKING,1,196,0,29,39,108,19,0,1,131,131,1,-0.5375,-1.000,-0.467
3497,recalibracao,TRACKING,1,197,0,31,31,114,20,0,1,131,131,1,-0.5562,-1.000,-0.467
3498,recalibracao,TRACKING,1,198,0,32,30,115,20,1,0,131,131,1,-0.5750,-1.000,-0.467
3499,recalibracao,TRACKING,1,209,0,32,33,121,22,1,0,131,131,1,-0.5938,-1.000,-0.467
